-- MySQL dump 10.13  Distrib 8.0.31, for macos12.6 (arm64)
--
-- Host: localhost    Database: martfury
-- ------------------------------------------------------
-- Server version	8.0.31

/*!40101 SET @OLD_CHARACTER_SET_CLIENT=@@CHARACTER_SET_CLIENT */;
/*!40101 SET @OLD_CHARACTER_SET_RESULTS=@@CHARACTER_SET_RESULTS */;
/*!40101 SET @OLD_COLLATION_CONNECTION=@@COLLATION_CONNECTION */;
/*!50503 SET NAMES utf8mb4 */;
/*!40103 SET @OLD_TIME_ZONE=@@TIME_ZONE */;
/*!40103 SET TIME_ZONE='+00:00' */;
/*!40014 SET @OLD_UNIQUE_CHECKS=@@UNIQUE_CHECKS, UNIQUE_CHECKS=0 */;
/*!40014 SET @OLD_FOREIGN_KEY_CHECKS=@@FOREIGN_KEY_CHECKS, FOREIGN_KEY_CHECKS=0 */;
/*!40101 SET @OLD_SQL_MODE=@@SQL_MODE, SQL_MODE='NO_AUTO_VALUE_ON_ZERO' */;
/*!40111 SET @OLD_SQL_NOTES=@@SQL_NOTES, SQL_NOTES=0 */;

--
-- Table structure for table `activations`
--

DROP TABLE IF EXISTS `activations`;
/*!40101 SET @saved_cs_client     = @@character_set_client */;
/*!50503 SET character_set_client = utf8mb4 */;
CREATE TABLE `activations` (
  `id` bigint unsigned NOT NULL AUTO_INCREMENT,
  `user_id` int unsigned NOT NULL,
  `code` varchar(120) COLLATE utf8mb4_unicode_ci NOT NULL,
  `completed` tinyint(1) NOT NULL DEFAULT '0',
  `completed_at` timestamp NULL DEFAULT NULL,
  `created_at` timestamp NULL DEFAULT NULL,
  `updated_at` timestamp NULL DEFAULT NULL,
  PRIMARY KEY (`id`),
  KEY `activations_user_id_index` (`user_id`)
) ENGINE=InnoDB AUTO_INCREMENT=2 DEFAULT CHARSET=utf8mb4 COLLATE=utf8mb4_unicode_ci;
/*!40101 SET character_set_client = @saved_cs_client */;

--
-- Dumping data for table `activations`
--

LOCK TABLES `activations` WRITE;
/*!40000 ALTER TABLE `activations` DISABLE KEYS */;
INSERT INTO `activations` VALUES (1,1,'PcDUKh2ihN18E0pBBmfnFAyibm5sIQ1A',1,'2023-01-04 01:10:57','2023-01-04 01:10:57','2023-01-04 01:10:57');
/*!40000 ALTER TABLE `activations` ENABLE KEYS */;
UNLOCK TABLES;

--
-- Table structure for table `ads`
--

DROP TABLE IF EXISTS `ads`;
/*!40101 SET @saved_cs_client     = @@character_set_client */;
/*!50503 SET character_set_client = utf8mb4 */;
CREATE TABLE `ads` (
  `id` bigint unsigned NOT NULL AUTO_INCREMENT,
  `name` varchar(255) COLLATE utf8mb4_unicode_ci NOT NULL,
  `expired_at` datetime DEFAULT NULL,
  `location` varchar(120) COLLATE utf8mb4_unicode_ci DEFAULT NULL,
  `key` varchar(120) COLLATE utf8mb4_unicode_ci NOT NULL,
  `image` varchar(255) COLLATE utf8mb4_unicode_ci DEFAULT NULL,
  `url` varchar(255) COLLATE utf8mb4_unicode_ci DEFAULT NULL,
  `clicked` bigint NOT NULL DEFAULT '0',
  `order` int DEFAULT '0',
  `status` varchar(60) COLLATE utf8mb4_unicode_ci NOT NULL DEFAULT 'published',
  `created_at` timestamp NULL DEFAULT NULL,
  `updated_at` timestamp NULL DEFAULT NULL,
  PRIMARY KEY (`id`),
  UNIQUE KEY `ads_key_unique` (`key`)
) ENGINE=InnoDB AUTO_INCREMENT=10 DEFAULT CHARSET=utf8mb4 COLLATE=utf8mb4_unicode_ci;
/*!40101 SET character_set_client = @saved_cs_client */;

--
-- Dumping data for table `ads`
--

LOCK TABLES `ads` WRITE;
/*!40000 ALTER TABLE `ads` DISABLE KEYS */;
INSERT INTO `ads` VALUES (1,'Top Slider Image 1','2028-01-04 00:00:00','not_set','VC2C8Q1UGCBG','promotion/1.jpg','/products',0,1,'published','2023-01-04 01:10:57','2023-01-04 01:10:57'),(2,'Top Slider Image 2','2028-01-04 00:00:00','not_set','NBDWRXTSVZ8N','promotion/2.jpg','/products',0,2,'published','2023-01-04 01:10:57','2023-01-04 01:10:57'),(3,'Homepage middle 1','2028-01-04 00:00:00','not_set','IZ6WU8KUALYD','promotion/3.jpg','/products',0,3,'published','2023-01-04 01:10:57','2023-01-04 01:10:57'),(4,'Homepage middle 2','2028-01-04 00:00:00','not_set','ILSFJVYFGCPZ','promotion/4.jpg','/products',0,4,'published','2023-01-04 01:10:57','2023-01-04 01:10:57'),(5,'Homepage middle 3','2028-01-04 00:00:00','not_set','ZDOZUZZIU7FT','promotion/5.jpg','/products',0,5,'published','2023-01-04 01:10:57','2023-01-04 01:10:57'),(6,'Homepage big 1','2028-01-04 00:00:00','not_set','Q9YDUIC9HSWS','promotion/6.jpg','/products',0,6,'published','2023-01-04 01:10:57','2023-01-04 01:10:57'),(7,'Homepage bottom small','2028-01-04 00:00:00','not_set','1GCSTSYAMDEI','promotion/7.jpg','/products',0,7,'published','2023-01-04 01:10:57','2023-01-04 01:10:57'),(8,'Product sidebar','2028-01-04 00:00:00','product-sidebar','CS83TMN9LYSH','promotion/8.jpg','/products',0,8,'published','2023-01-04 01:10:57','2023-01-04 01:10:57'),(9,'Homepage big 2','2028-01-04 00:00:00','not_set','IZ6WU8KUALYE','promotion/9.jpg','/products',0,9,'published','2023-01-04 01:10:57','2023-01-04 01:10:57');
/*!40000 ALTER TABLE `ads` ENABLE KEYS */;
UNLOCK TABLES;

--
-- Table structure for table `ads_translations`
--

DROP TABLE IF EXISTS `ads_translations`;
/*!40101 SET @saved_cs_client     = @@character_set_client */;
/*!50503 SET character_set_client = utf8mb4 */;
CREATE TABLE `ads_translations` (
  `lang_code` varchar(191) COLLATE utf8mb4_unicode_ci NOT NULL,
  `ads_id` int NOT NULL,
  `name` varchar(255) COLLATE utf8mb4_unicode_ci DEFAULT NULL,
  `image` varchar(255) COLLATE utf8mb4_unicode_ci DEFAULT NULL,
  `url` varchar(255) COLLATE utf8mb4_unicode_ci DEFAULT NULL,
  PRIMARY KEY (`lang_code`,`ads_id`)
) ENGINE=InnoDB DEFAULT CHARSET=utf8mb4 COLLATE=utf8mb4_unicode_ci;
/*!40101 SET character_set_client = @saved_cs_client */;

--
-- Dumping data for table `ads_translations`
--

LOCK TABLES `ads_translations` WRITE;
/*!40000 ALTER TABLE `ads_translations` DISABLE KEYS */;
INSERT INTO `ads_translations` VALUES ('vi',1,'Top Slider Image 1','promotion/1.jpg','/vi/products'),('vi',2,'Top Slider Image 2','promotion/2.jpg','/vi/products'),('vi',3,'Homepage middle 1','promotion/3.jpg','/vi/products'),('vi',4,'Homepage middle 2','promotion/4.jpg','/vi/products'),('vi',5,'Homepage middle 3','promotion/5.jpg','/vi/products'),('vi',6,'Homepage big 1','promotion/6.jpg','/vi/products'),('vi',7,'Homepage bottom small','promotion/7.jpg','/vi/products'),('vi',8,'Product sidebar','promotion/8.jpg','/vi/products'),('vi',9,'Homepage big 2','promotion/9.jpg','/vi/products');
/*!40000 ALTER TABLE `ads_translations` ENABLE KEYS */;
UNLOCK TABLES;

--
-- Table structure for table `audit_histories`
--

DROP TABLE IF EXISTS `audit_histories`;
/*!40101 SET @saved_cs_client     = @@character_set_client */;
/*!50503 SET character_set_client = utf8mb4 */;
CREATE TABLE `audit_histories` (
  `id` bigint unsigned NOT NULL AUTO_INCREMENT,
  `user_id` int unsigned NOT NULL,
  `module` varchar(60) COLLATE utf8mb4_unicode_ci NOT NULL,
  `request` text COLLATE utf8mb4_unicode_ci,
  `action` varchar(120) COLLATE utf8mb4_unicode_ci NOT NULL,
  `user_agent` text COLLATE utf8mb4_unicode_ci,
  `ip_address` varchar(39) COLLATE utf8mb4_unicode_ci DEFAULT NULL,
  `reference_user` int unsigned NOT NULL,
  `reference_id` int unsigned NOT NULL,
  `reference_name` varchar(255) COLLATE utf8mb4_unicode_ci NOT NULL,
  `type` varchar(20) COLLATE utf8mb4_unicode_ci NOT NULL,
  `created_at` timestamp NULL DEFAULT NULL,
  `updated_at` timestamp NULL DEFAULT NULL,
  PRIMARY KEY (`id`),
  KEY `audit_histories_user_id_index` (`user_id`),
  KEY `audit_histories_module_index` (`module`)
) ENGINE=InnoDB DEFAULT CHARSET=utf8mb4 COLLATE=utf8mb4_unicode_ci;
/*!40101 SET character_set_client = @saved_cs_client */;

--
-- Dumping data for table `audit_histories`
--

LOCK TABLES `audit_histories` WRITE;
/*!40000 ALTER TABLE `audit_histories` DISABLE KEYS */;
/*!40000 ALTER TABLE `audit_histories` ENABLE KEYS */;
UNLOCK TABLES;

--
-- Table structure for table `categories`
--

DROP TABLE IF EXISTS `categories`;
/*!40101 SET @saved_cs_client     = @@character_set_client */;
/*!50503 SET character_set_client = utf8mb4 */;
CREATE TABLE `categories` (
  `id` bigint unsigned NOT NULL AUTO_INCREMENT,
  `name` varchar(120) COLLATE utf8mb4_unicode_ci NOT NULL,
  `parent_id` int unsigned NOT NULL DEFAULT '0',
  `description` varchar(400) COLLATE utf8mb4_unicode_ci DEFAULT NULL,
  `status` varchar(60) COLLATE utf8mb4_unicode_ci NOT NULL DEFAULT 'published',
  `author_id` int NOT NULL,
  `author_type` varchar(255) CHARACTER SET utf8mb4 COLLATE utf8mb4_unicode_ci NOT NULL DEFAULT 'Botble\\ACL\\Models\\User',
  `icon` varchar(60) COLLATE utf8mb4_unicode_ci DEFAULT NULL,
  `order` tinyint NOT NULL DEFAULT '0',
  `is_featured` tinyint NOT NULL DEFAULT '0',
  `is_default` tinyint unsigned NOT NULL DEFAULT '0',
  `created_at` timestamp NULL DEFAULT NULL,
  `updated_at` timestamp NULL DEFAULT NULL,
  PRIMARY KEY (`id`),
  KEY `parent_id` (`parent_id`),
  KEY `status` (`status`),
  KEY `created_at` (`created_at`)
) ENGINE=InnoDB AUTO_INCREMENT=5 DEFAULT CHARSET=utf8mb4 COLLATE=utf8mb4_unicode_ci;
/*!40101 SET character_set_client = @saved_cs_client */;

--
-- Dumping data for table `categories`
--

LOCK TABLES `categories` WRITE;
/*!40000 ALTER TABLE `categories` DISABLE KEYS */;
INSERT INTO `categories` VALUES (1,'Ecommerce',0,'Quaerat dolorem sit beatae in veniam asperiores ipsum. Animi quia ea deleniti voluptate velit recusandae quia. Alias id necessitatibus laudantium.','published',1,'Botble\\ACL\\Models\\User',NULL,0,0,1,'2023-01-04 01:10:56','2023-01-04 01:10:56'),(2,'Fashion',0,'Aut omnis et sit beatae repellat nam repellat. Voluptas amet amet alias culpa repudiandae error. Iure reiciendis quod amet eos.','published',1,'Botble\\ACL\\Models\\User',NULL,0,1,0,'2023-01-04 01:10:56','2023-01-04 01:10:56'),(3,'Electronic',0,'Minus est vitae quia pariatur. Reprehenderit veniam deleniti temporibus. Accusantium non unde eum ducimus. Modi consequatur harum et sequi harum.','published',1,'Botble\\ACL\\Models\\User',NULL,0,1,0,'2023-01-04 01:10:56','2023-01-04 01:10:56'),(4,'Commercial',0,'Quia quibusdam vel id unde. Corporis et omnis saepe pariatur. Dolorem nesciunt voluptate ullam accusamus dolores et blanditiis. Nemo quo autem dolores.','published',1,'Botble\\ACL\\Models\\User',NULL,0,1,0,'2023-01-04 01:10:56','2023-01-04 01:10:56');
/*!40000 ALTER TABLE `categories` ENABLE KEYS */;
UNLOCK TABLES;

--
-- Table structure for table `categories_translations`
--

DROP TABLE IF EXISTS `categories_translations`;
/*!40101 SET @saved_cs_client     = @@character_set_client */;
/*!50503 SET character_set_client = utf8mb4 */;
CREATE TABLE `categories_translations` (
  `lang_code` varchar(191) COLLATE utf8mb4_unicode_ci NOT NULL,
  `categories_id` int NOT NULL,
  `name` varchar(255) COLLATE utf8mb4_unicode_ci DEFAULT NULL,
  `description` varchar(400) COLLATE utf8mb4_unicode_ci DEFAULT NULL,
  PRIMARY KEY (`lang_code`,`categories_id`)
) ENGINE=InnoDB DEFAULT CHARSET=utf8mb4 COLLATE=utf8mb4_unicode_ci;
/*!40101 SET character_set_client = @saved_cs_client */;

--
-- Dumping data for table `categories_translations`
--

LOCK TABLES `categories_translations` WRITE;
/*!40000 ALTER TABLE `categories_translations` DISABLE KEYS */;
INSERT INTO `categories_translations` VALUES ('vi',1,'Th??ng m?i ?i?n t?',NULL),('vi',2,'Th?i trang',NULL),('vi',3,'?i?n t?',NULL),('vi',4,'Th??ng m?i',NULL);
/*!40000 ALTER TABLE `categories_translations` ENABLE KEYS */;
UNLOCK TABLES;

--
-- Table structure for table `cities`
--

DROP TABLE IF EXISTS `cities`;
/*!40101 SET @saved_cs_client     = @@character_set_client */;
/*!50503 SET character_set_client = utf8mb4 */;
CREATE TABLE `cities` (
  `id` bigint unsigned NOT NULL AUTO_INCREMENT,
  `name` varchar(120) COLLATE utf8mb4_unicode_ci NOT NULL,
  `state_id` int unsigned NOT NULL,
  `country_id` int unsigned DEFAULT NULL,
  `record_id` varchar(40) COLLATE utf8mb4_unicode_ci DEFAULT NULL,
  `order` tinyint NOT NULL DEFAULT '0',
  `is_default` tinyint unsigned NOT NULL DEFAULT '0',
  `status` varchar(60) COLLATE utf8mb4_unicode_ci NOT NULL DEFAULT 'published',
  `created_at` timestamp NULL DEFAULT NULL,
  `updated_at` timestamp NULL DEFAULT NULL,
  PRIMARY KEY (`id`)
) ENGINE=InnoDB DEFAULT CHARSET=utf8mb4 COLLATE=utf8mb4_unicode_ci;
/*!40101 SET character_set_client = @saved_cs_client */;

--
-- Dumping data for table `cities`
--

LOCK TABLES `cities` WRITE;
/*!40000 ALTER TABLE `cities` DISABLE KEYS */;
/*!40000 ALTER TABLE `cities` ENABLE KEYS */;
UNLOCK TABLES;

--
-- Table structure for table `cities_translations`
--

DROP TABLE IF EXISTS `cities_translations`;
/*!40101 SET @saved_cs_client     = @@character_set_client */;
/*!50503 SET character_set_client = utf8mb4 */;
CREATE TABLE `cities_translations` (
  `lang_code` varchar(191) COLLATE utf8mb4_unicode_ci NOT NULL,
  `cities_id` int NOT NULL,
  `name` varchar(120) COLLATE utf8mb4_unicode_ci DEFAULT NULL,
  PRIMARY KEY (`lang_code`,`cities_id`)
) ENGINE=InnoDB DEFAULT CHARSET=utf8mb4 COLLATE=utf8mb4_unicode_ci;
/*!40101 SET character_set_client = @saved_cs_client */;

--
-- Dumping data for table `cities_translations`
--

LOCK TABLES `cities_translations` WRITE;
/*!40000 ALTER TABLE `cities_translations` DISABLE KEYS */;
/*!40000 ALTER TABLE `cities_translations` ENABLE KEYS */;
UNLOCK TABLES;

--
-- Table structure for table `contact_replies`
--

DROP TABLE IF EXISTS `contact_replies`;
/*!40101 SET @saved_cs_client     = @@character_set_client */;
/*!50503 SET character_set_client = utf8mb4 */;
CREATE TABLE `contact_replies` (
  `id` bigint unsigned NOT NULL AUTO_INCREMENT,
  `message` longtext COLLATE utf8mb4_unicode_ci NOT NULL,
  `contact_id` int NOT NULL,
  `created_at` timestamp NULL DEFAULT NULL,
  `updated_at` timestamp NULL DEFAULT NULL,
  PRIMARY KEY (`id`)
) ENGINE=InnoDB DEFAULT CHARSET=utf8mb4 COLLATE=utf8mb4_unicode_ci;
/*!40101 SET character_set_client = @saved_cs_client */;

--
-- Dumping data for table `contact_replies`
--

LOCK TABLES `contact_replies` WRITE;
/*!40000 ALTER TABLE `contact_replies` DISABLE KEYS */;
/*!40000 ALTER TABLE `contact_replies` ENABLE KEYS */;
UNLOCK TABLES;

--
-- Table structure for table `contacts`
--

DROP TABLE IF EXISTS `contacts`;
/*!40101 SET @saved_cs_client     = @@character_set_client */;
/*!50503 SET character_set_client = utf8mb4 */;
CREATE TABLE `contacts` (
  `id` bigint unsigned NOT NULL AUTO_INCREMENT,
  `name` varchar(60) COLLATE utf8mb4_unicode_ci NOT NULL,
  `email` varchar(60) COLLATE utf8mb4_unicode_ci NOT NULL,
  `phone` varchar(60) COLLATE utf8mb4_unicode_ci DEFAULT NULL,
  `address` varchar(120) COLLATE utf8mb4_unicode_ci DEFAULT NULL,
  `subject` varchar(120) COLLATE utf8mb4_unicode_ci DEFAULT NULL,
  `content` longtext COLLATE utf8mb4_unicode_ci NOT NULL,
  `status` varchar(60) COLLATE utf8mb4_unicode_ci NOT NULL DEFAULT 'unread',
  `created_at` timestamp NULL DEFAULT NULL,
  `updated_at` timestamp NULL DEFAULT NULL,
  PRIMARY KEY (`id`)
) ENGINE=InnoDB AUTO_INCREMENT=11 DEFAULT CHARSET=utf8mb4 COLLATE=utf8mb4_unicode_ci;
/*!40101 SET character_set_client = @saved_cs_client */;

--
-- Dumping data for table `contacts`
--

LOCK TABLES `contacts` WRITE;
/*!40000 ALTER TABLE `contacts` DISABLE KEYS */;
INSERT INTO `contacts` VALUES (1,'Darrick Hodkiewicz','garrett.mccullough@example.com','+14584327722','5640 Considine Square Suite 547\nMarianeborough, NE 08219-4044','Id et nobis cupiditate impedit dolores id.','Ipsam totam omnis maiores iusto eum qui eum. Et est molestias accusantium consequatur et odio voluptates totam. Error accusamus nesciunt dolor fugiat. Optio nihil molestiae voluptas tempora fuga. Similique totam autem aut aut illum. Sunt vero nisi ad nemo. Qui omnis odio facilis facere consequatur ea.','read','2023-01-04 01:10:55','2023-01-04 01:10:55'),(2,'Henderson Ziemann','clinton.jaskolski@example.com','+12815524438','6734 Triston Route\nLockmanstad, CT 27619-1549','Quidem nihil eaque est dolore.','Dolorum et quia aut qui minus. Laudantium soluta quibusdam esse eum in praesentium. Vel fuga tempora qui repellat. Dolorem similique asperiores a enim reprehenderit. Exercitationem aut et et adipisci ipsa eligendi nulla. Rem voluptas commodi maiores accusantium aut accusamus esse. Consequatur nisi consectetur iusto. Et sint cupiditate nemo modi non consequatur ut.','read','2023-01-04 01:10:55','2023-01-04 01:10:55'),(3,'Sibyl Nikolaus','zola.johnston@example.net','+1-845-689-8682','52514 Karen Forge\nStehrchester, MS 77729-5604','Officia accusamus tempore ut saepe.','Dolores occaecati voluptate totam minus corrupti in. Et veritatis rerum quis dolor a saepe odio. In eveniet ipsam ipsam sed consectetur quos ab. Expedita magnam delectus placeat qui consequatur. Ut tempore omnis eius tempora. Quas et quasi maiores et enim molestiae quo. Cupiditate repellat voluptates dolores ipsam ut molestiae aut cum.','unread','2023-01-04 01:10:55','2023-01-04 01:10:55'),(4,'Dr. Kody Hermiston','kuhic.dejah@example.com','+14437963382','904 Kutch Islands Suite 593\nIcieland, TX 84312','Unde magnam possimus illo ea.','Aut perspiciatis iste ab ut. Ipsum sapiente rerum ipsam nobis iusto. In consequuntur saepe voluptatum molestiae provident et consequatur. Maxime unde vel rerum. Quos aut rerum molestiae rerum et iste voluptatum. Voluptatem doloribus et quisquam similique culpa atque totam. In perspiciatis vel nemo. Aliquam expedita iure alias corrupti quasi assumenda impedit. Voluptas est sit atque omnis alias dolorem. Velit sint aut occaecati aspernatur molestiae porro nobis. Repellat quisquam repellat saepe.','unread','2023-01-04 01:10:55','2023-01-04 01:10:55'),(5,'Prof. Charlie Douglas','amccullough@example.com','+1-769-669-2923','6058 Kassulke Pine Suite 195\nLake Rafaelabury, IL 70567-9131','Dolores dolore quas et.','Sapiente libero similique repellendus fuga id. Ut sequi consequatur vitae accusamus. Suscipit numquam delectus quibusdam fugiat sapiente assumenda eos. Amet ut ullam magnam quod. Sunt cupiditate asperiores quidem. Sit fugiat minima impedit qui officiis voluptatem dolore dolorem. Quam eaque sapiente neque corrupti voluptatibus placeat sint. Velit est occaecati facilis quia perspiciatis et.','read','2023-01-04 01:10:55','2023-01-04 01:10:55'),(6,'Braden Runolfsdottir','wwyman@example.net','+1.972.483.2371','195 Bernie Ramp\nNew Albin, OK 35622-7768','Blanditiis quia eius enim modi.','Doloremque qui quia repudiandae dicta eos minima. Consequatur consectetur dolorum quo totam tenetur nihil et. Hic amet est id id. Exercitationem rerum sunt nemo ipsam ratione suscipit. At eos asperiores quo. Quia corporis ut fugiat delectus. Et qui repudiandae vero eum.','read','2023-01-04 01:10:55','2023-01-04 01:10:55'),(7,'Clement Runolfsson','hyatt.ansel@example.com','559.760.3068','9013 Michale Extension\nWest Tryciaborough, IL 88111-7169','Rerum qui quia magnam.','Rem sint quidem molestias beatae. Optio nihil ratione dolorum esse impedit. Veritatis quas explicabo numquam hic nostrum. Officiis est numquam dolores expedita amet in. Cum a dolorem veritatis voluptas doloremque et et. Earum veniam sequi omnis suscipit asperiores officiis quae. Itaque cupiditate qui maiores incidunt. Autem sunt ipsam ducimus. Rerum accusamus vel alias ex illum natus sit. Eum ut voluptatum ullam aut explicabo rerum. Dolorum aliquid non autem unde corrupti earum eaque.','unread','2023-01-04 01:10:55','2023-01-04 01:10:55'),(8,'Keanu Langworth','tomasa.kulas@example.org','203.832.9969','70184 Albina Mission\nNew Era, ID 96134-9804','Totam in quis animi unde numquam et.','Qui sit qui itaque quia quibusdam voluptas voluptate. Aliquam dolorem aut nam reiciendis neque. Quaerat dolor illum voluptatem autem nulla recusandae provident expedita. Possimus velit tempora veritatis vitae animi laborum harum. Consectetur quisquam est distinctio architecto. Minima sed quam assumenda et veritatis expedita. Laboriosam voluptas omnis iure deleniti quis. Architecto veritatis est atque voluptatibus voluptatem amet. Necessitatibus at architecto culpa commodi commodi ea.','read','2023-01-04 01:10:55','2023-01-04 01:10:55'),(9,'Elton Cummings PhD','rchamplin@example.org','662.616.7078','631 Legros Shoals Suite 311\nArnaldoborough, GA 33542-3853','Recusandae ut non libero omnis.','In optio quibusdam quia occaecati magnam et fugiat. Optio hic voluptas aperiam tempore id consectetur temporibus. Autem quos dolorem commodi doloribus eveniet. Minus maxime asperiores nulla fugiat. Fuga neque aut dolorem vitae. Modi aut et itaque eveniet. Beatae repudiandae et architecto libero optio ipsum ratione. Cumque et qui non officiis. Harum consectetur provident eos porro unde praesentium. Porro nulla magni culpa excepturi cumque. Voluptas laborum hic aperiam corporis dolore.','unread','2023-01-04 01:10:55','2023-01-04 01:10:55'),(10,'Benjamin Borer II','yspencer@example.net','385.716.1833','9987 Keeling Course Suite 536\nNorth Angeline, VT 15573-2403','Sequi velit ratione rerum.','Est enim et et id. Aut est vel perferendis voluptatum pariatur enim libero. Laborum aut quo sequi est commodi eum. Corporis enim qui quia corporis et itaque. Dolorem qui ipsum magnam veniam quia. Voluptates enim voluptas magnam incidunt eum totam. Hic voluptatem id explicabo ea veniam optio iure. Vel voluptates sunt voluptas reprehenderit expedita est at aut. Doloribus adipisci esse assumenda consequatur asperiores et qui.','unread','2023-01-04 01:10:55','2023-01-04 01:10:55');
/*!40000 ALTER TABLE `contacts` ENABLE KEYS */;
UNLOCK TABLES;

--
-- Table structure for table `countries`
--

DROP TABLE IF EXISTS `countries`;
/*!40101 SET @saved_cs_client     = @@character_set_client */;
/*!50503 SET character_set_client = utf8mb4 */;
CREATE TABLE `countries` (
  `id` bigint unsigned NOT NULL AUTO_INCREMENT,
  `name` varchar(120) COLLATE utf8mb4_unicode_ci NOT NULL,
  `nationality` varchar(120) CHARACTER SET utf8mb4 COLLATE utf8mb4_unicode_ci DEFAULT NULL,
  `order` tinyint NOT NULL DEFAULT '0',
  `is_default` tinyint unsigned NOT NULL DEFAULT '0',
  `status` varchar(60) COLLATE utf8mb4_unicode_ci NOT NULL DEFAULT 'published',
  `created_at` timestamp NULL DEFAULT NULL,
  `updated_at` timestamp NULL DEFAULT NULL,
  `code` varchar(10) COLLATE utf8mb4_unicode_ci DEFAULT NULL,
  PRIMARY KEY (`id`)
) ENGINE=InnoDB DEFAULT CHARSET=utf8mb4 COLLATE=utf8mb4_unicode_ci;
/*!40101 SET character_set_client = @saved_cs_client */;

--
-- Dumping data for table `countries`
--

LOCK TABLES `countries` WRITE;
/*!40000 ALTER TABLE `countries` DISABLE KEYS */;
/*!40000 ALTER TABLE `countries` ENABLE KEYS */;
UNLOCK TABLES;

--
-- Table structure for table `countries_translations`
--

DROP TABLE IF EXISTS `countries_translations`;
/*!40101 SET @saved_cs_client     = @@character_set_client */;
/*!50503 SET character_set_client = utf8mb4 */;
CREATE TABLE `countries_translations` (
  `lang_code` varchar(191) COLLATE utf8mb4_unicode_ci NOT NULL,
  `countries_id` int NOT NULL,
  `name` varchar(120) COLLATE utf8mb4_unicode_ci DEFAULT NULL,
  `nationality` varchar(120) COLLATE utf8mb4_unicode_ci DEFAULT NULL,
  PRIMARY KEY (`lang_code`,`countries_id`)
) ENGINE=InnoDB DEFAULT CHARSET=utf8mb4 COLLATE=utf8mb4_unicode_ci;
/*!40101 SET character_set_client = @saved_cs_client */;

--
-- Dumping data for table `countries_translations`
--

LOCK TABLES `countries_translations` WRITE;
/*!40000 ALTER TABLE `countries_translations` DISABLE KEYS */;
/*!40000 ALTER TABLE `countries_translations` ENABLE KEYS */;
UNLOCK TABLES;

--
-- Table structure for table `dashboard_widget_settings`
--

DROP TABLE IF EXISTS `dashboard_widget_settings`;
/*!40101 SET @saved_cs_client     = @@character_set_client */;
/*!50503 SET character_set_client = utf8mb4 */;
CREATE TABLE `dashboard_widget_settings` (
  `id` bigint unsigned NOT NULL AUTO_INCREMENT,
  `settings` text COLLATE utf8mb4_unicode_ci,
  `user_id` int unsigned NOT NULL,
  `widget_id` int unsigned NOT NULL,
  `order` tinyint unsigned NOT NULL DEFAULT '0',
  `status` tinyint unsigned NOT NULL DEFAULT '1',
  `created_at` timestamp NULL DEFAULT NULL,
  `updated_at` timestamp NULL DEFAULT NULL,
  PRIMARY KEY (`id`),
  KEY `dashboard_widget_settings_user_id_index` (`user_id`),
  KEY `dashboard_widget_settings_widget_id_index` (`widget_id`)
) ENGINE=InnoDB DEFAULT CHARSET=utf8mb4 COLLATE=utf8mb4_unicode_ci;
/*!40101 SET character_set_client = @saved_cs_client */;

--
-- Dumping data for table `dashboard_widget_settings`
--

LOCK TABLES `dashboard_widget_settings` WRITE;
/*!40000 ALTER TABLE `dashboard_widget_settings` DISABLE KEYS */;
/*!40000 ALTER TABLE `dashboard_widget_settings` ENABLE KEYS */;
UNLOCK TABLES;

--
-- Table structure for table `dashboard_widgets`
--

DROP TABLE IF EXISTS `dashboard_widgets`;
/*!40101 SET @saved_cs_client     = @@character_set_client */;
/*!50503 SET character_set_client = utf8mb4 */;
CREATE TABLE `dashboard_widgets` (
  `id` bigint unsigned NOT NULL AUTO_INCREMENT,
  `name` varchar(120) COLLATE utf8mb4_unicode_ci NOT NULL,
  `created_at` timestamp NULL DEFAULT NULL,
  `updated_at` timestamp NULL DEFAULT NULL,
  PRIMARY KEY (`id`)
) ENGINE=InnoDB DEFAULT CHARSET=utf8mb4 COLLATE=utf8mb4_unicode_ci;
/*!40101 SET character_set_client = @saved_cs_client */;

--
-- Dumping data for table `dashboard_widgets`
--

LOCK TABLES `dashboard_widgets` WRITE;
/*!40000 ALTER TABLE `dashboard_widgets` DISABLE KEYS */;
/*!40000 ALTER TABLE `dashboard_widgets` ENABLE KEYS */;
UNLOCK TABLES;

--
-- Table structure for table `ec_brands`
--

DROP TABLE IF EXISTS `ec_brands`;
/*!40101 SET @saved_cs_client     = @@character_set_client */;
/*!50503 SET character_set_client = utf8mb4 */;
CREATE TABLE `ec_brands` (
  `id` bigint unsigned NOT NULL AUTO_INCREMENT,
  `name` varchar(191) COLLATE utf8mb4_unicode_ci NOT NULL,
  `description` mediumtext COLLATE utf8mb4_unicode_ci,
  `website` varchar(255) COLLATE utf8mb4_unicode_ci DEFAULT NULL,
  `logo` varchar(255) COLLATE utf8mb4_unicode_ci DEFAULT NULL,
  `status` varchar(60) COLLATE utf8mb4_unicode_ci NOT NULL DEFAULT 'published',
  `order` tinyint unsigned NOT NULL DEFAULT '0',
  `is_featured` tinyint unsigned NOT NULL DEFAULT '0',
  `created_at` timestamp NULL DEFAULT NULL,
  `updated_at` timestamp NULL DEFAULT NULL,
  PRIMARY KEY (`id`)
) ENGINE=InnoDB AUTO_INCREMENT=8 DEFAULT CHARSET=utf8mb4 COLLATE=utf8mb4_unicode_ci;
/*!40101 SET character_set_client = @saved_cs_client */;

--
-- Dumping data for table `ec_brands`
--

LOCK TABLES `ec_brands` WRITE;
/*!40000 ALTER TABLE `ec_brands` DISABLE KEYS */;
INSERT INTO `ec_brands` VALUES (1,'Fashion live',NULL,NULL,'brands/1.jpg','published',0,1,'2023-01-04 01:10:49','2023-01-04 01:10:49'),(2,'Hand crafted',NULL,NULL,'brands/2.jpg','published',1,1,'2023-01-04 01:10:49','2023-01-04 01:10:49'),(3,'Mestonix',NULL,NULL,'brands/3.jpg','published',2,1,'2023-01-04 01:10:49','2023-01-04 01:10:49'),(4,'Sunshine',NULL,NULL,'brands/4.jpg','published',3,1,'2023-01-04 01:10:49','2023-01-04 01:10:49'),(5,'Pure',NULL,NULL,'brands/5.jpg','published',4,1,'2023-01-04 01:10:49','2023-01-04 01:10:49'),(6,'Anfold',NULL,NULL,'brands/6.jpg','published',5,1,'2023-01-04 01:10:49','2023-01-04 01:10:49'),(7,'Automotive',NULL,NULL,'brands/7.jpg','published',6,1,'2023-01-04 01:10:49','2023-01-04 01:10:49');
/*!40000 ALTER TABLE `ec_brands` ENABLE KEYS */;
UNLOCK TABLES;

--
-- Table structure for table `ec_brands_translations`
--

DROP TABLE IF EXISTS `ec_brands_translations`;
/*!40101 SET @saved_cs_client     = @@character_set_client */;
/*!50503 SET character_set_client = utf8mb4 */;
CREATE TABLE `ec_brands_translations` (
  `lang_code` varchar(191) COLLATE utf8mb4_unicode_ci NOT NULL,
  `ec_brands_id` int NOT NULL,
  `name` varchar(191) COLLATE utf8mb4_unicode_ci DEFAULT NULL,
  `description` varchar(191) COLLATE utf8mb4_unicode_ci DEFAULT NULL,
  PRIMARY KEY (`lang_code`,`ec_brands_id`)
) ENGINE=InnoDB DEFAULT CHARSET=utf8mb4 COLLATE=utf8mb4_unicode_ci;
/*!40101 SET character_set_client = @saved_cs_client */;

--
-- Dumping data for table `ec_brands_translations`
--

LOCK TABLES `ec_brands_translations` WRITE;
/*!40000 ALTER TABLE `ec_brands_translations` DISABLE KEYS */;
INSERT INTO `ec_brands_translations` VALUES ('vi',1,'Fashion live',NULL),('vi',2,'Hand crafted',NULL),('vi',3,'Mestonix',NULL),('vi',4,'Sunshine',NULL),('vi',5,'Pure',NULL),('vi',6,'Anfold',NULL),('vi',7,'Automotive',NULL);
/*!40000 ALTER TABLE `ec_brands_translations` ENABLE KEYS */;
UNLOCK TABLES;

--
-- Table structure for table `ec_cart`
--

DROP TABLE IF EXISTS `ec_cart`;
/*!40101 SET @saved_cs_client     = @@character_set_client */;
/*!50503 SET character_set_client = utf8mb4 */;
CREATE TABLE `ec_cart` (
  `identifier` varchar(191) COLLATE utf8mb4_unicode_ci NOT NULL,
  `instance` varchar(191) COLLATE utf8mb4_unicode_ci NOT NULL,
  `content` longtext COLLATE utf8mb4_unicode_ci NOT NULL,
  `created_at` timestamp NULL DEFAULT NULL,
  `updated_at` timestamp NULL DEFAULT NULL,
  PRIMARY KEY (`identifier`,`instance`)
) ENGINE=InnoDB DEFAULT CHARSET=utf8mb4 COLLATE=utf8mb4_unicode_ci;
/*!40101 SET character_set_client = @saved_cs_client */;

--
-- Dumping data for table `ec_cart`
--

LOCK TABLES `ec_cart` WRITE;
/*!40000 ALTER TABLE `ec_cart` DISABLE KEYS */;
/*!40000 ALTER TABLE `ec_cart` ENABLE KEYS */;
UNLOCK TABLES;

--
-- Table structure for table `ec_currencies`
--

DROP TABLE IF EXISTS `ec_currencies`;
/*!40101 SET @saved_cs_client     = @@character_set_client */;
/*!50503 SET character_set_client = utf8mb4 */;
CREATE TABLE `ec_currencies` (
  `id` bigint unsigned NOT NULL AUTO_INCREMENT,
  `title` varchar(191) COLLATE utf8mb4_unicode_ci NOT NULL,
  `symbol` varchar(10) COLLATE utf8mb4_unicode_ci NOT NULL,
  `is_prefix_symbol` tinyint unsigned NOT NULL DEFAULT '0',
  `decimals` tinyint unsigned DEFAULT '0',
  `order` int unsigned DEFAULT '0',
  `is_default` tinyint NOT NULL DEFAULT '0',
  `exchange_rate` double NOT NULL DEFAULT '1',
  `created_at` timestamp NULL DEFAULT NULL,
  `updated_at` timestamp NULL DEFAULT NULL,
  PRIMARY KEY (`id`)
) ENGINE=InnoDB AUTO_INCREMENT=4 DEFAULT CHARSET=utf8mb4 COLLATE=utf8mb4_unicode_ci;
/*!40101 SET character_set_client = @saved_cs_client */;

--
-- Dumping data for table `ec_currencies`
--

LOCK TABLES `ec_currencies` WRITE;
/*!40000 ALTER TABLE `ec_currencies` DISABLE KEYS */;
INSERT INTO `ec_currencies` VALUES (1,'USD','$',1,2,0,1,1,'2023-01-04 01:10:49','2023-01-04 01:10:49'),(2,'EUR','€',0,2,1,0,0.84,'2023-01-04 01:10:49','2023-01-04 01:10:49'),(3,'VND','?',0,0,2,0,23203,'2023-01-04 01:10:49','2023-01-04 01:10:49');
/*!40000 ALTER TABLE `ec_currencies` ENABLE KEYS */;
UNLOCK TABLES;

--
-- Table structure for table `ec_customer_addresses`
--

DROP TABLE IF EXISTS `ec_customer_addresses`;
/*!40101 SET @saved_cs_client     = @@character_set_client */;
/*!50503 SET character_set_client = utf8mb4 */;
CREATE TABLE `ec_customer_addresses` (
  `id` bigint unsigned NOT NULL AUTO_INCREMENT,
  `name` varchar(191) COLLATE utf8mb4_unicode_ci NOT NULL,
  `email` varchar(60) COLLATE utf8mb4_unicode_ci DEFAULT NULL,
  `phone` varchar(20) CHARACTER SET utf8mb4 COLLATE utf8mb4_unicode_ci DEFAULT NULL,
  `country` varchar(120) COLLATE utf8mb4_unicode_ci DEFAULT NULL,
  `state` varchar(120) COLLATE utf8mb4_unicode_ci DEFAULT NULL,
  `city` varchar(120) COLLATE utf8mb4_unicode_ci DEFAULT NULL,
  `address` varchar(191) COLLATE utf8mb4_unicode_ci NOT NULL,
  `customer_id` int unsigned NOT NULL,
  `is_default` tinyint unsigned NOT NULL DEFAULT '0',
  `created_at` timestamp NULL DEFAULT NULL,
  `updated_at` timestamp NULL DEFAULT NULL,
  `zip_code` varchar(20) COLLATE utf8mb4_unicode_ci DEFAULT NULL,
  PRIMARY KEY (`id`)
) ENGINE=InnoDB AUTO_INCREMENT=13 DEFAULT CHARSET=utf8mb4 COLLATE=utf8mb4_unicode_ci;
/*!40101 SET character_set_client = @saved_cs_client */;

--
-- Dumping data for table `ec_customer_addresses`
--

LOCK TABLES `ec_customer_addresses` WRITE;
/*!40000 ALTER TABLE `ec_customer_addresses` DISABLE KEYS */;
INSERT INTO `ec_customer_addresses` VALUES (1,'Chaya Bogan','customer@botble.com','+19174484885','NO','Hawaii','Lake Merritt','764 Nathanael Mount Suite 480',1,1,'2023-01-04 01:10:54','2023-01-04 01:10:54','30874-7607'),(2,'Chaya Bogan','customer@botble.com','+18202652361','CO','New Mexico','Schillerfurt','192 Ryleigh Manor Apt. 200',1,0,'2023-01-04 01:10:54','2023-01-04 01:10:54','80387-6524'),(3,'Yasmeen Morissette','vendor@botble.com','+16622289426','NI','New Jersey','Genesisshire','4280 Braun Crest Apt. 636',2,1,'2023-01-04 01:10:54','2023-01-04 01:10:54','51166-8341'),(4,'Yasmeen Morissette','vendor@botble.com','+14323897084','SG','Indiana','North Genoveva','66283 Gudrun Plaza',2,0,'2023-01-04 01:10:54','2023-01-04 01:10:54','93465'),(5,'Nico Kuhlman','funk.fritz@example.com','+12076924571','MN','Idaho','Kutchville','8595 Laurence Street',3,1,'2023-01-04 01:10:54','2023-01-04 01:10:54','47023'),(6,'Miss Cassidy Lubowitz Sr.','gulgowski.myah@example.net','+12013585397','BN','Delaware','O\'Harabury','99625 Feest Plaza Suite 061',4,1,'2023-01-04 01:10:54','2023-01-04 01:10:54','92178-5533'),(7,'Jamaal Kiehn','yrath@example.com','+15513171817','FI','District of Columbia','West Arliebury','569 Larkin Points',5,1,'2023-01-04 01:10:54','2023-01-04 01:10:54','30839-0286'),(8,'Jasper Boyle','gina.tillman@example.org','+13646340391','MS','Florida','Lynchmouth','43110 Finn Estate Suite 790',6,1,'2023-01-04 01:10:55','2023-01-04 01:10:55','50438-1793'),(9,'Derek Nikolaus','carolyne.walsh@example.org','+19738531043','MO','Maine','North Krystalfort','4033 Geovanny Trafficway Suite 955',7,1,'2023-01-04 01:10:55','2023-01-04 01:10:55','49801'),(10,'Bernardo Braun','barton.fanny@example.com','+18648279621','IN','Wisconsin','Bradleyhaven','5202 Haleigh Squares',8,1,'2023-01-04 01:10:55','2023-01-04 01:10:55','53254'),(11,'Dr. Eudora Marks','wiza.isaiah@example.com','+15043666393','UZ','California','Port Cassandre','98340 Earnestine Mountains Apt. 357',9,1,'2023-01-04 01:10:55','2023-01-04 01:10:55','35613-7858'),(12,'Prof. Trystan Howe V','flatley.erik@example.com','+12064192908','HK','Utah','New Syble','19153 Hintz Rapids Apt. 050',10,1,'2023-01-04 01:10:55','2023-01-04 01:10:55','26289');
/*!40000 ALTER TABLE `ec_customer_addresses` ENABLE KEYS */;
UNLOCK TABLES;

--
-- Table structure for table `ec_customer_password_resets`
--

DROP TABLE IF EXISTS `ec_customer_password_resets`;
/*!40101 SET @saved_cs_client     = @@character_set_client */;
/*!50503 SET character_set_client = utf8mb4 */;
CREATE TABLE `ec_customer_password_resets` (
  `email` varchar(191) COLLATE utf8mb4_unicode_ci NOT NULL,
  `token` varchar(191) COLLATE utf8mb4_unicode_ci NOT NULL,
  `created_at` timestamp NULL DEFAULT NULL,
  KEY `ec_customer_password_resets_email_index` (`email`),
  KEY `ec_customer_password_resets_token_index` (`token`)
) ENGINE=InnoDB DEFAULT CHARSET=utf8mb4 COLLATE=utf8mb4_unicode_ci;
/*!40101 SET character_set_client = @saved_cs_client */;

--
-- Dumping data for table `ec_customer_password_resets`
--

LOCK TABLES `ec_customer_password_resets` WRITE;
/*!40000 ALTER TABLE `ec_customer_password_resets` DISABLE KEYS */;
/*!40000 ALTER TABLE `ec_customer_password_resets` ENABLE KEYS */;
UNLOCK TABLES;

--
-- Table structure for table `ec_customer_recently_viewed_products`
--

DROP TABLE IF EXISTS `ec_customer_recently_viewed_products`;
/*!40101 SET @saved_cs_client     = @@character_set_client */;
/*!50503 SET character_set_client = utf8mb4 */;
CREATE TABLE `ec_customer_recently_viewed_products` (
  `id` bigint unsigned NOT NULL AUTO_INCREMENT,
  `customer_id` int unsigned NOT NULL,
  `product_id` int unsigned NOT NULL,
  PRIMARY KEY (`id`)
) ENGINE=InnoDB DEFAULT CHARSET=utf8mb4 COLLATE=utf8mb4_unicode_ci;
/*!40101 SET character_set_client = @saved_cs_client */;

--
-- Dumping data for table `ec_customer_recently_viewed_products`
--

LOCK TABLES `ec_customer_recently_viewed_products` WRITE;
/*!40000 ALTER TABLE `ec_customer_recently_viewed_products` DISABLE KEYS */;
/*!40000 ALTER TABLE `ec_customer_recently_viewed_products` ENABLE KEYS */;
UNLOCK TABLES;

--
-- Table structure for table `ec_customers`
--

DROP TABLE IF EXISTS `ec_customers`;
/*!40101 SET @saved_cs_client     = @@character_set_client */;
/*!50503 SET character_set_client = utf8mb4 */;
CREATE TABLE `ec_customers` (
  `id` bigint unsigned NOT NULL AUTO_INCREMENT,
  `name` varchar(191) COLLATE utf8mb4_unicode_ci NOT NULL,
  `email` varchar(191) COLLATE utf8mb4_unicode_ci NOT NULL,
  `password` varchar(191) COLLATE utf8mb4_unicode_ci NOT NULL,
  `avatar` varchar(255) COLLATE utf8mb4_unicode_ci DEFAULT NULL,
  `dob` date DEFAULT NULL,
  `phone` varchar(25) COLLATE utf8mb4_unicode_ci DEFAULT NULL,
  `remember_token` varchar(100) COLLATE utf8mb4_unicode_ci DEFAULT NULL,
  `created_at` timestamp NULL DEFAULT NULL,
  `updated_at` timestamp NULL DEFAULT NULL,
  `confirmed_at` datetime DEFAULT NULL,
  `email_verify_token` varchar(120) COLLATE utf8mb4_unicode_ci DEFAULT NULL,
  `status` varchar(60) COLLATE utf8mb4_unicode_ci NOT NULL DEFAULT 'activated',
  `is_vendor` tinyint(1) NOT NULL DEFAULT '0',
  `vendor_verified_at` datetime DEFAULT NULL,
  PRIMARY KEY (`id`),
  UNIQUE KEY `ec_customers_email_unique` (`email`)
) ENGINE=InnoDB AUTO_INCREMENT=11 DEFAULT CHARSET=utf8mb4 COLLATE=utf8mb4_unicode_ci;
/*!40101 SET character_set_client = @saved_cs_client */;

--
-- Dumping data for table `ec_customers`
--

LOCK TABLES `ec_customers` WRITE;
/*!40000 ALTER TABLE `ec_customers` DISABLE KEYS */;
INSERT INTO `ec_customers` VALUES (1,'Chaya Bogan','customer@botble.com','$2y$10$c/7fUZQEgABwTpNDl90bUeJzwxx/zAWkwZLXuwc/2HY398H6ssmoe','customers/3.jpg','1996-01-02','+17024632616',NULL,'2023-01-04 01:10:54','2023-01-04 01:10:54','2023-01-04 08:10:54',NULL,'activated',0,NULL),(2,'Yasmeen Morissette','vendor@botble.com','$2y$10$b075A6C4YOUDO/qobReX1es1oQP.76yeLZ32xR5afMaN6TmdM5Kt.','customers/10.jpg','1998-12-14','+19419607110',NULL,'2023-01-04 01:10:54','2023-01-04 01:10:58','2023-01-04 08:10:54',NULL,'activated',1,'2023-01-04 08:10:58'),(3,'Nico Kuhlman','funk.fritz@example.com','$2y$10$TscPbspLSr8mLzlWsYbjF.GaIANywmqO/asJ1IkTkNL9vIhSjODmK','customers/1.jpg','1972-12-08','+15102847396',NULL,'2023-01-04 01:10:54','2023-01-04 01:10:58','2023-01-04 08:10:54',NULL,'activated',1,'2023-01-04 08:10:58'),(4,'Miss Cassidy Lubowitz Sr.','gulgowski.myah@example.net','$2y$10$dAM8QUlPuKViBY2KAchtfuUoab7Dx0XrFOHHlsoszvJiWuuLzXdHm','customers/2.jpg','1985-12-25','+12317141550',NULL,'2023-01-04 01:10:54','2023-01-04 01:10:54','2023-01-04 08:10:54',NULL,'activated',0,NULL),(5,'Jamaal Kiehn','yrath@example.com','$2y$10$2BM9U0fzM07TEgKulcN1c.QUPVArJx.oZu9R/9FTw2WHEv5GtHJ1i','customers/3.jpg','1998-12-11','+15406028953',NULL,'2023-01-04 01:10:54','2023-01-04 01:10:58','2023-01-04 08:10:54',NULL,'activated',1,'2023-01-04 08:10:58'),(6,'Jasper Boyle','gina.tillman@example.org','$2y$10$d95fY0xIIgt8d6MDD/jkSOPhbDbP/VE.9KW3xYRQKQxeQZ6GYO0D6','customers/4.jpg','1987-01-03','+13469768875',NULL,'2023-01-04 01:10:55','2023-01-04 01:10:55','2023-01-04 08:10:55',NULL,'activated',0,NULL),(7,'Derek Nikolaus','carolyne.walsh@example.org','$2y$10$P7rZ8MtnISTibhSYBk.0Wej0kCvDZOK8FouMcTX8rF1BE3KM2eJPu','customers/5.jpg','1982-12-27','+18646523031',NULL,'2023-01-04 01:10:55','2023-01-04 01:10:58','2023-01-04 08:10:55',NULL,'activated',1,'2023-01-04 08:10:58'),(8,'Bernardo Braun','barton.fanny@example.com','$2y$10$BXH8HvFGSx926pe8A3wgzOL/srfqwMblE112W/ZMrW1Sw0tNmYH9i','customers/6.jpg','1979-01-03','+12025582440',NULL,'2023-01-04 01:10:55','2023-01-04 01:10:55','2023-01-04 08:10:55',NULL,'activated',0,NULL),(9,'Dr. Eudora Marks','wiza.isaiah@example.com','$2y$10$mEjV0sSQP/QR.gfD.pELzum/t7CpDR1se/RM.ArfF5BA35wQ3HfVe','customers/7.jpg','1995-12-29','+13343280193',NULL,'2023-01-04 01:10:55','2023-01-04 01:10:55','2023-01-04 08:10:55',NULL,'activated',0,NULL),(10,'Prof. Trystan Howe V','flatley.erik@example.com','$2y$10$Zn4wE4mmA8N1rM7Ep5DsAu7EzGZMgfGM8/FfoYtX2lqSGWf.K8x1i','customers/8.jpg','1976-12-30','+12319459534',NULL,'2023-01-04 01:10:55','2023-01-04 01:10:55','2023-01-04 08:10:55',NULL,'activated',0,NULL);
/*!40000 ALTER TABLE `ec_customers` ENABLE KEYS */;
UNLOCK TABLES;

--
-- Table structure for table `ec_discount_customers`
--

DROP TABLE IF EXISTS `ec_discount_customers`;
/*!40101 SET @saved_cs_client     = @@character_set_client */;
/*!50503 SET character_set_client = utf8mb4 */;
CREATE TABLE `ec_discount_customers` (
  `discount_id` int unsigned NOT NULL,
  `customer_id` int unsigned NOT NULL,
  PRIMARY KEY (`discount_id`,`customer_id`)
) ENGINE=InnoDB DEFAULT CHARSET=utf8mb4 COLLATE=utf8mb4_unicode_ci;
/*!40101 SET character_set_client = @saved_cs_client */;

--
-- Dumping data for table `ec_discount_customers`
--

LOCK TABLES `ec_discount_customers` WRITE;
/*!40000 ALTER TABLE `ec_discount_customers` DISABLE KEYS */;
/*!40000 ALTER TABLE `ec_discount_customers` ENABLE KEYS */;
UNLOCK TABLES;

--
-- Table structure for table `ec_discount_product_collections`
--

DROP TABLE IF EXISTS `ec_discount_product_collections`;
/*!40101 SET @saved_cs_client     = @@character_set_client */;
/*!50503 SET character_set_client = utf8mb4 */;
CREATE TABLE `ec_discount_product_collections` (
  `discount_id` int unsigned NOT NULL,
  `product_collection_id` int unsigned NOT NULL,
  PRIMARY KEY (`discount_id`,`product_collection_id`)
) ENGINE=InnoDB DEFAULT CHARSET=utf8mb4 COLLATE=utf8mb4_unicode_ci;
/*!40101 SET character_set_client = @saved_cs_client */;

--
-- Dumping data for table `ec_discount_product_collections`
--

LOCK TABLES `ec_discount_product_collections` WRITE;
/*!40000 ALTER TABLE `ec_discount_product_collections` DISABLE KEYS */;
/*!40000 ALTER TABLE `ec_discount_product_collections` ENABLE KEYS */;
UNLOCK TABLES;

--
-- Table structure for table `ec_discount_products`
--

DROP TABLE IF EXISTS `ec_discount_products`;
/*!40101 SET @saved_cs_client     = @@character_set_client */;
/*!50503 SET character_set_client = utf8mb4 */;
CREATE TABLE `ec_discount_products` (
  `discount_id` int unsigned NOT NULL,
  `product_id` int unsigned NOT NULL,
  PRIMARY KEY (`discount_id`,`product_id`)
) ENGINE=InnoDB DEFAULT CHARSET=utf8mb4 COLLATE=utf8mb4_unicode_ci;
/*!40101 SET character_set_client = @saved_cs_client */;

--
-- Dumping data for table `ec_discount_products`
--

LOCK TABLES `ec_discount_products` WRITE;
/*!40000 ALTER TABLE `ec_discount_products` DISABLE KEYS */;
/*!40000 ALTER TABLE `ec_discount_products` ENABLE KEYS */;
UNLOCK TABLES;

--
-- Table structure for table `ec_discounts`
--

DROP TABLE IF EXISTS `ec_discounts`;
/*!40101 SET @saved_cs_client     = @@character_set_client */;
/*!50503 SET character_set_client = utf8mb4 */;
CREATE TABLE `ec_discounts` (
  `id` bigint unsigned NOT NULL AUTO_INCREMENT,
  `title` varchar(120) COLLATE utf8mb4_unicode_ci DEFAULT NULL,
  `code` varchar(20) COLLATE utf8mb4_unicode_ci DEFAULT NULL,
  `start_date` datetime DEFAULT NULL,
  `end_date` datetime DEFAULT NULL,
  `quantity` int DEFAULT NULL,
  `total_used` int unsigned NOT NULL DEFAULT '0',
  `value` double DEFAULT NULL,
  `type` varchar(60) COLLATE utf8mb4_unicode_ci DEFAULT 'coupon',
  `can_use_with_promotion` tinyint(1) NOT NULL DEFAULT '0',
  `discount_on` varchar(20) COLLATE utf8mb4_unicode_ci DEFAULT NULL,
  `product_quantity` int unsigned DEFAULT NULL,
  `type_option` varchar(100) COLLATE utf8mb4_unicode_ci NOT NULL DEFAULT 'amount',
  `target` varchar(100) COLLATE utf8mb4_unicode_ci NOT NULL DEFAULT 'all-orders',
  `min_order_price` decimal(15,2) DEFAULT NULL,
  `created_at` timestamp NULL DEFAULT NULL,
  `updated_at` timestamp NULL DEFAULT NULL,
  `store_id` int unsigned DEFAULT NULL,
  PRIMARY KEY (`id`),
  UNIQUE KEY `ec_discounts_code_unique` (`code`)
) ENGINE=InnoDB DEFAULT CHARSET=utf8mb4 COLLATE=utf8mb4_unicode_ci;
/*!40101 SET character_set_client = @saved_cs_client */;

--
-- Dumping data for table `ec_discounts`
--

LOCK TABLES `ec_discounts` WRITE;
/*!40000 ALTER TABLE `ec_discounts` DISABLE KEYS */;
/*!40000 ALTER TABLE `ec_discounts` ENABLE KEYS */;
UNLOCK TABLES;

--
-- Table structure for table `ec_flash_sale_products`
--

DROP TABLE IF EXISTS `ec_flash_sale_products`;
/*!40101 SET @saved_cs_client     = @@character_set_client */;
/*!50503 SET character_set_client = utf8mb4 */;
CREATE TABLE `ec_flash_sale_products` (
  `flash_sale_id` int unsigned NOT NULL,
  `product_id` int unsigned NOT NULL,
  `price` double unsigned DEFAULT NULL,
  `quantity` int unsigned DEFAULT NULL,
  `sold` int unsigned NOT NULL DEFAULT '0'
) ENGINE=InnoDB DEFAULT CHARSET=utf8mb4 COLLATE=utf8mb4_unicode_ci;
/*!40101 SET character_set_client = @saved_cs_client */;

--
-- Dumping data for table `ec_flash_sale_products`
--

LOCK TABLES `ec_flash_sale_products` WRITE;
/*!40000 ALTER TABLE `ec_flash_sale_products` DISABLE KEYS */;
INSERT INTO `ec_flash_sale_products` VALUES (1,1,56.9775,9,3),(1,2,27.54,17,4),(1,3,16.8,11,1),(1,4,331.8084,14,3),(1,5,475.94,9,5),(1,6,175.01,14,4),(1,7,284.48,20,2),(1,8,512.8704,11,4),(1,9,280,8,1),(1,10,723.26,15,2);
/*!40000 ALTER TABLE `ec_flash_sale_products` ENABLE KEYS */;
UNLOCK TABLES;

--
-- Table structure for table `ec_flash_sales`
--

DROP TABLE IF EXISTS `ec_flash_sales`;
/*!40101 SET @saved_cs_client     = @@character_set_client */;
/*!50503 SET character_set_client = utf8mb4 */;
CREATE TABLE `ec_flash_sales` (
  `id` bigint unsigned NOT NULL AUTO_INCREMENT,
  `name` varchar(255) COLLATE utf8mb4_unicode_ci NOT NULL,
  `end_date` datetime NOT NULL,
  `status` varchar(60) COLLATE utf8mb4_unicode_ci NOT NULL DEFAULT 'published',
  `created_at` timestamp NULL DEFAULT NULL,
  `updated_at` timestamp NULL DEFAULT NULL,
  PRIMARY KEY (`id`)
) ENGINE=InnoDB AUTO_INCREMENT=2 DEFAULT CHARSET=utf8mb4 COLLATE=utf8mb4_unicode_ci;
/*!40101 SET character_set_client = @saved_cs_client */;

--
-- Dumping data for table `ec_flash_sales`
--

LOCK TABLES `ec_flash_sales` WRITE;
/*!40000 ALTER TABLE `ec_flash_sales` DISABLE KEYS */;
INSERT INTO `ec_flash_sales` VALUES (1,'Winter Sale','2023-02-03 00:00:00','published','2023-01-04 01:10:55','2023-01-04 01:10:55');
/*!40000 ALTER TABLE `ec_flash_sales` ENABLE KEYS */;
UNLOCK TABLES;

--
-- Table structure for table `ec_flash_sales_translations`
--

DROP TABLE IF EXISTS `ec_flash_sales_translations`;
/*!40101 SET @saved_cs_client     = @@character_set_client */;
/*!50503 SET character_set_client = utf8mb4 */;
CREATE TABLE `ec_flash_sales_translations` (
  `lang_code` varchar(191) COLLATE utf8mb4_unicode_ci NOT NULL,
  `ec_flash_sales_id` int NOT NULL,
  `name` varchar(191) COLLATE utf8mb4_unicode_ci DEFAULT NULL,
  PRIMARY KEY (`lang_code`,`ec_flash_sales_id`)
) ENGINE=InnoDB DEFAULT CHARSET=utf8mb4 COLLATE=utf8mb4_unicode_ci;
/*!40101 SET character_set_client = @saved_cs_client */;

--
-- Dumping data for table `ec_flash_sales_translations`
--

LOCK TABLES `ec_flash_sales_translations` WRITE;
/*!40000 ALTER TABLE `ec_flash_sales_translations` DISABLE KEYS */;
INSERT INTO `ec_flash_sales_translations` VALUES ('vi',1,'Khuy?n m?i mùa ?ông.');
/*!40000 ALTER TABLE `ec_flash_sales_translations` ENABLE KEYS */;
UNLOCK TABLES;

--
-- Table structure for table `ec_global_option_value`
--

DROP TABLE IF EXISTS `ec_global_option_value`;
/*!40101 SET @saved_cs_client     = @@character_set_client */;
/*!50503 SET character_set_client = utf8mb4 */;
CREATE TABLE `ec_global_option_value` (
  `option_id` bigint NOT NULL COMMENT 'option id',
  `option_value` tinytext COLLATE utf8mb4_unicode_ci COMMENT 'option value',
  `affect_price` double DEFAULT NULL COMMENT 'value of price of this option affect',
  `order` int NOT NULL DEFAULT '9999',
  `affect_type` tinyint NOT NULL DEFAULT '0' COMMENT '0. fixed 1. percent',
  `created_at` timestamp NULL DEFAULT NULL,
  `updated_at` timestamp NULL DEFAULT NULL
) ENGINE=InnoDB DEFAULT CHARSET=utf8mb4 COLLATE=utf8mb4_unicode_ci;
/*!40101 SET character_set_client = @saved_cs_client */;

--
-- Dumping data for table `ec_global_option_value`
--

LOCK TABLES `ec_global_option_value` WRITE;
/*!40000 ALTER TABLE `ec_global_option_value` DISABLE KEYS */;
INSERT INTO `ec_global_option_value` VALUES (1,'1 Year',0,9999,0,'2023-01-04 01:10:57','2023-01-04 01:10:57'),(1,'2 Year',10,9999,0,'2023-01-04 01:10:57','2023-01-04 01:10:57'),(1,'3 Year',20,9999,0,'2023-01-04 01:10:57','2023-01-04 01:10:57'),(2,'4GB',0,9999,0,'2023-01-04 01:10:57','2023-01-04 01:10:57'),(2,'8GB',10,9999,0,'2023-01-04 01:10:57','2023-01-04 01:10:57'),(2,'16GB',20,9999,0,'2023-01-04 01:10:57','2023-01-04 01:10:57'),(3,'Core i5',0,9999,0,'2023-01-04 01:10:57','2023-01-04 01:10:57'),(3,'Core i7',10,9999,0,'2023-01-04 01:10:57','2023-01-04 01:10:57'),(3,'Core i9',20,9999,0,'2023-01-04 01:10:57','2023-01-04 01:10:57'),(4,'128GB',0,9999,0,'2023-01-04 01:10:57','2023-01-04 01:10:57'),(4,'256GB',10,9999,0,'2023-01-04 01:10:57','2023-01-04 01:10:57'),(4,'512GB',20,9999,0,'2023-01-04 01:10:57','2023-01-04 01:10:57');
/*!40000 ALTER TABLE `ec_global_option_value` ENABLE KEYS */;
UNLOCK TABLES;

--
-- Table structure for table `ec_global_options`
--

DROP TABLE IF EXISTS `ec_global_options`;
/*!40101 SET @saved_cs_client     = @@character_set_client */;
/*!50503 SET character_set_client = utf8mb4 */;
CREATE TABLE `ec_global_options` (
  `id` bigint unsigned NOT NULL AUTO_INCREMENT,
  `name` varchar(191) COLLATE utf8mb4_unicode_ci NOT NULL COMMENT 'Name of options',
  `option_type` varchar(191) COLLATE utf8mb4_unicode_ci NOT NULL COMMENT 'option type',
  `required` tinyint(1) NOT NULL DEFAULT '0' COMMENT 'Checked if this option is required',
  `created_at` timestamp NULL DEFAULT NULL,
  `updated_at` timestamp NULL DEFAULT NULL,
  PRIMARY KEY (`id`)
) ENGINE=InnoDB AUTO_INCREMENT=5 DEFAULT CHARSET=utf8mb4 COLLATE=utf8mb4_unicode_ci;
/*!40101 SET character_set_client = @saved_cs_client */;

--
-- Dumping data for table `ec_global_options`
--

LOCK TABLES `ec_global_options` WRITE;
/*!40000 ALTER TABLE `ec_global_options` DISABLE KEYS */;
INSERT INTO `ec_global_options` VALUES (1,'Warranty','Botble\\Ecommerce\\Option\\OptionType\\RadioButton',1,'2023-01-04 01:10:57','2023-01-04 01:10:57'),(2,'RAM','Botble\\Ecommerce\\Option\\OptionType\\RadioButton',1,'2023-01-04 01:10:57','2023-01-04 01:10:57'),(3,'CPU','Botble\\Ecommerce\\Option\\OptionType\\RadioButton',1,'2023-01-04 01:10:57','2023-01-04 01:10:57'),(4,'HDD','Botble\\Ecommerce\\Option\\OptionType\\Dropdown',0,'2023-01-04 01:10:57','2023-01-04 01:10:57');
/*!40000 ALTER TABLE `ec_global_options` ENABLE KEYS */;
UNLOCK TABLES;

--
-- Table structure for table `ec_grouped_products`
--

DROP TABLE IF EXISTS `ec_grouped_products`;
/*!40101 SET @saved_cs_client     = @@character_set_client */;
/*!50503 SET character_set_client = utf8mb4 */;
CREATE TABLE `ec_grouped_products` (
  `id` bigint unsigned NOT NULL AUTO_INCREMENT,
  `parent_product_id` int unsigned NOT NULL,
  `product_id` int unsigned NOT NULL,
  `fixed_qty` int NOT NULL DEFAULT '1',
  PRIMARY KEY (`id`)
) ENGINE=InnoDB DEFAULT CHARSET=utf8mb4 COLLATE=utf8mb4_unicode_ci;
/*!40101 SET character_set_client = @saved_cs_client */;

--
-- Dumping data for table `ec_grouped_products`
--

LOCK TABLES `ec_grouped_products` WRITE;
/*!40000 ALTER TABLE `ec_grouped_products` DISABLE KEYS */;
/*!40000 ALTER TABLE `ec_grouped_products` ENABLE KEYS */;
UNLOCK TABLES;

--
-- Table structure for table `ec_invoice_items`
--

DROP TABLE IF EXISTS `ec_invoice_items`;
/*!40101 SET @saved_cs_client     = @@character_set_client */;
/*!50503 SET character_set_client = utf8mb4 */;
CREATE TABLE `ec_invoice_items` (
  `id` bigint unsigned NOT NULL AUTO_INCREMENT,
  `invoice_id` bigint unsigned NOT NULL,
  `reference_type` varchar(191) COLLATE utf8mb4_unicode_ci NOT NULL,
  `reference_id` bigint unsigned NOT NULL,
  `name` varchar(191) COLLATE utf8mb4_unicode_ci NOT NULL,
  `description` varchar(191) COLLATE utf8mb4_unicode_ci DEFAULT NULL,
  `image` varchar(191) COLLATE utf8mb4_unicode_ci DEFAULT NULL,
  `qty` int unsigned NOT NULL,
  `sub_total` decimal(15,2) unsigned NOT NULL,
  `tax_amount` decimal(15,2) unsigned NOT NULL DEFAULT '0.00',
  `discount_amount` decimal(15,2) unsigned NOT NULL DEFAULT '0.00',
  `amount` decimal(15,2) unsigned NOT NULL,
  `options` text COLLATE utf8mb4_unicode_ci,
  `created_at` timestamp NULL DEFAULT NULL,
  `updated_at` timestamp NULL DEFAULT NULL,
  PRIMARY KEY (`id`),
  KEY `ec_invoice_items_reference_type_reference_id_index` (`reference_type`,`reference_id`)
) ENGINE=InnoDB DEFAULT CHARSET=utf8mb4 COLLATE=utf8mb4_unicode_ci;
/*!40101 SET character_set_client = @saved_cs_client */;

--
-- Dumping data for table `ec_invoice_items`
--

LOCK TABLES `ec_invoice_items` WRITE;
/*!40000 ALTER TABLE `ec_invoice_items` DISABLE KEYS */;
/*!40000 ALTER TABLE `ec_invoice_items` ENABLE KEYS */;
UNLOCK TABLES;

--
-- Table structure for table `ec_invoices`
--

DROP TABLE IF EXISTS `ec_invoices`;
/*!40101 SET @saved_cs_client     = @@character_set_client */;
/*!50503 SET character_set_client = utf8mb4 */;
CREATE TABLE `ec_invoices` (
  `id` bigint unsigned NOT NULL AUTO_INCREMENT,
  `reference_type` varchar(191) COLLATE utf8mb4_unicode_ci NOT NULL,
  `reference_id` bigint unsigned NOT NULL,
  `code` varchar(191) COLLATE utf8mb4_unicode_ci NOT NULL,
  `customer_name` varchar(191) COLLATE utf8mb4_unicode_ci DEFAULT NULL,
  `company_name` varchar(191) COLLATE utf8mb4_unicode_ci DEFAULT NULL,
  `company_logo` varchar(191) COLLATE utf8mb4_unicode_ci DEFAULT NULL,
  `customer_email` varchar(191) COLLATE utf8mb4_unicode_ci DEFAULT NULL,
  `customer_phone` varchar(191) COLLATE utf8mb4_unicode_ci DEFAULT NULL,
  `customer_address` varchar(191) COLLATE utf8mb4_unicode_ci DEFAULT NULL,
  `customer_tax_id` varchar(191) COLLATE utf8mb4_unicode_ci DEFAULT NULL,
  `sub_total` decimal(15,2) unsigned NOT NULL,
  `tax_amount` decimal(15,2) unsigned NOT NULL DEFAULT '0.00',
  `shipping_amount` decimal(15,2) unsigned NOT NULL DEFAULT '0.00',
  `discount_amount` decimal(15,2) unsigned NOT NULL DEFAULT '0.00',
  `shipping_option` varchar(60) COLLATE utf8mb4_unicode_ci DEFAULT NULL,
  `shipping_method` varchar(60) COLLATE utf8mb4_unicode_ci NOT NULL DEFAULT 'default',
  `coupon_code` varchar(120) COLLATE utf8mb4_unicode_ci DEFAULT NULL,
  `discount_description` varchar(255) COLLATE utf8mb4_unicode_ci DEFAULT NULL,
  `amount` decimal(15,2) unsigned NOT NULL,
  `description` text COLLATE utf8mb4_unicode_ci,
  `payment_id` int unsigned DEFAULT NULL,
  `status` varchar(191) COLLATE utf8mb4_unicode_ci NOT NULL DEFAULT 'pending',
  `paid_at` timestamp NULL DEFAULT NULL,
  `created_at` timestamp NULL DEFAULT NULL,
  `updated_at` timestamp NULL DEFAULT NULL,
  PRIMARY KEY (`id`),
  UNIQUE KEY `ec_invoices_code_unique` (`code`),
  KEY `ec_invoices_reference_type_reference_id_index` (`reference_type`,`reference_id`),
  KEY `ec_invoices_payment_id_index` (`payment_id`),
  KEY `ec_invoices_status_index` (`status`)
) ENGINE=InnoDB DEFAULT CHARSET=utf8mb4 COLLATE=utf8mb4_unicode_ci;
/*!40101 SET character_set_client = @saved_cs_client */;

--
-- Dumping data for table `ec_invoices`
--

LOCK TABLES `ec_invoices` WRITE;
/*!40000 ALTER TABLE `ec_invoices` DISABLE KEYS */;
/*!40000 ALTER TABLE `ec_invoices` ENABLE KEYS */;
UNLOCK TABLES;

--
-- Table structure for table `ec_option_value`
--

DROP TABLE IF EXISTS `ec_option_value`;
/*!40101 SET @saved_cs_client     = @@character_set_client */;
/*!50503 SET character_set_client = utf8mb4 */;
CREATE TABLE `ec_option_value` (
  `option_id` bigint NOT NULL COMMENT 'option id',
  `option_value` tinytext COLLATE utf8mb4_unicode_ci COMMENT 'option value',
  `affect_price` double DEFAULT NULL COMMENT 'value of price of this option affect',
  `order` int NOT NULL DEFAULT '9999',
  `affect_type` tinyint NOT NULL DEFAULT '0' COMMENT '0. fixed 1. percent',
  `created_at` timestamp NULL DEFAULT NULL,
  `updated_at` timestamp NULL DEFAULT NULL
) ENGINE=InnoDB DEFAULT CHARSET=utf8mb4 COLLATE=utf8mb4_unicode_ci;
/*!40101 SET character_set_client = @saved_cs_client */;

--
-- Dumping data for table `ec_option_value`
--

LOCK TABLES `ec_option_value` WRITE;
/*!40000 ALTER TABLE `ec_option_value` DISABLE KEYS */;
/*!40000 ALTER TABLE `ec_option_value` ENABLE KEYS */;
UNLOCK TABLES;

--
-- Table structure for table `ec_options`
--

DROP TABLE IF EXISTS `ec_options`;
/*!40101 SET @saved_cs_client     = @@character_set_client */;
/*!50503 SET character_set_client = utf8mb4 */;
CREATE TABLE `ec_options` (
  `id` bigint unsigned NOT NULL AUTO_INCREMENT,
  `name` varchar(191) COLLATE utf8mb4_unicode_ci NOT NULL COMMENT 'Name of options',
  `option_type` varchar(191) COLLATE utf8mb4_unicode_ci DEFAULT NULL COMMENT 'option type',
  `product_id` bigint NOT NULL DEFAULT '0',
  `order` int NOT NULL DEFAULT '9999',
  `required` tinyint(1) NOT NULL DEFAULT '0' COMMENT 'Checked if this option is required',
  `created_at` timestamp NULL DEFAULT NULL,
  `updated_at` timestamp NULL DEFAULT NULL,
  PRIMARY KEY (`id`)
) ENGINE=InnoDB DEFAULT CHARSET=utf8mb4 COLLATE=utf8mb4_unicode_ci;
/*!40101 SET character_set_client = @saved_cs_client */;

--
-- Dumping data for table `ec_options`
--

LOCK TABLES `ec_options` WRITE;
/*!40000 ALTER TABLE `ec_options` DISABLE KEYS */;
/*!40000 ALTER TABLE `ec_options` ENABLE KEYS */;
UNLOCK TABLES;

--
-- Table structure for table `ec_order_addresses`
--

DROP TABLE IF EXISTS `ec_order_addresses`;
/*!40101 SET @saved_cs_client     = @@character_set_client */;
/*!50503 SET character_set_client = utf8mb4 */;
CREATE TABLE `ec_order_addresses` (
  `id` bigint unsigned NOT NULL AUTO_INCREMENT,
  `name` varchar(191) COLLATE utf8mb4_unicode_ci NOT NULL,
  `phone` varchar(20) COLLATE utf8mb4_unicode_ci DEFAULT NULL,
  `email` varchar(191) COLLATE utf8mb4_unicode_ci DEFAULT NULL,
  `country` varchar(120) COLLATE utf8mb4_unicode_ci DEFAULT NULL,
  `state` varchar(120) COLLATE utf8mb4_unicode_ci DEFAULT NULL,
  `city` varchar(120) COLLATE utf8mb4_unicode_ci DEFAULT NULL,
  `address` varchar(255) COLLATE utf8mb4_unicode_ci DEFAULT NULL,
  `order_id` int unsigned NOT NULL,
  `zip_code` varchar(20) COLLATE utf8mb4_unicode_ci DEFAULT NULL,
  `type` varchar(60) COLLATE utf8mb4_unicode_ci NOT NULL DEFAULT 'shipping_address',
  PRIMARY KEY (`id`)
) ENGINE=InnoDB AUTO_INCREMENT=49 DEFAULT CHARSET=utf8mb4 COLLATE=utf8mb4_unicode_ci;
/*!40101 SET character_set_client = @saved_cs_client */;

--
-- Dumping data for table `ec_order_addresses`
--

LOCK TABLES `ec_order_addresses` WRITE;
/*!40000 ALTER TABLE `ec_order_addresses` DISABLE KEYS */;
INSERT INTO `ec_order_addresses` VALUES (1,'Miss Cassidy Lubowitz Sr.','+12013585397','gulgowski.myah@example.net','BN','Delaware','O\'Harabury','99625 Feest Plaza Suite 061',1,'92178-5533','shipping_address'),(2,'Prof. Trystan Howe V','+12064192908','flatley.erik@example.com','HK','Utah','New Syble','19153 Hintz Rapids Apt. 050',2,'26289','shipping_address'),(3,'Prof. Trystan Howe V','+12064192908','flatley.erik@example.com','HK','Utah','New Syble','19153 Hintz Rapids Apt. 050',3,'26289','shipping_address'),(4,'Dr. Eudora Marks','+15043666393','wiza.isaiah@example.com','UZ','California','Port Cassandre','98340 Earnestine Mountains Apt. 357',4,'35613-7858','shipping_address'),(5,'Dr. Eudora Marks','+15043666393','wiza.isaiah@example.com','UZ','California','Port Cassandre','98340 Earnestine Mountains Apt. 357',5,'35613-7858','shipping_address'),(6,'Prof. Trystan Howe V','+12064192908','flatley.erik@example.com','HK','Utah','New Syble','19153 Hintz Rapids Apt. 050',6,'26289','shipping_address'),(7,'Prof. Trystan Howe V','+12064192908','flatley.erik@example.com','HK','Utah','New Syble','19153 Hintz Rapids Apt. 050',7,'26289','shipping_address'),(8,'Prof. Trystan Howe V','+12064192908','flatley.erik@example.com','HK','Utah','New Syble','19153 Hintz Rapids Apt. 050',8,'26289','shipping_address'),(9,'Prof. Trystan Howe V','+12064192908','flatley.erik@example.com','HK','Utah','New Syble','19153 Hintz Rapids Apt. 050',9,'26289','shipping_address'),(10,'Chaya Bogan','+19174484885','customer@botble.com','NO','Hawaii','Lake Merritt','764 Nathanael Mount Suite 480',10,'30874-7607','shipping_address'),(11,'Chaya Bogan','+19174484885','customer@botble.com','NO','Hawaii','Lake Merritt','764 Nathanael Mount Suite 480',11,'30874-7607','shipping_address'),(12,'Jasper Boyle','+13646340391','gina.tillman@example.org','MS','Florida','Lynchmouth','43110 Finn Estate Suite 790',12,'50438-1793','shipping_address'),(13,'Jasper Boyle','+13646340391','gina.tillman@example.org','MS','Florida','Lynchmouth','43110 Finn Estate Suite 790',13,'50438-1793','shipping_address'),(14,'Jasper Boyle','+13646340391','gina.tillman@example.org','MS','Florida','Lynchmouth','43110 Finn Estate Suite 790',14,'50438-1793','shipping_address'),(15,'Jasper Boyle','+13646340391','gina.tillman@example.org','MS','Florida','Lynchmouth','43110 Finn Estate Suite 790',15,'50438-1793','shipping_address'),(16,'Jasper Boyle','+13646340391','gina.tillman@example.org','MS','Florida','Lynchmouth','43110 Finn Estate Suite 790',16,'50438-1793','shipping_address'),(17,'Dr. Eudora Marks','+15043666393','wiza.isaiah@example.com','UZ','California','Port Cassandre','98340 Earnestine Mountains Apt. 357',17,'35613-7858','shipping_address'),(18,'Dr. Eudora Marks','+15043666393','wiza.isaiah@example.com','UZ','California','Port Cassandre','98340 Earnestine Mountains Apt. 357',18,'35613-7858','shipping_address'),(19,'Jasper Boyle','+13646340391','gina.tillman@example.org','MS','Florida','Lynchmouth','43110 Finn Estate Suite 790',19,'50438-1793','shipping_address'),(20,'Jasper Boyle','+13646340391','gina.tillman@example.org','MS','Florida','Lynchmouth','43110 Finn Estate Suite 790',20,'50438-1793','shipping_address'),(21,'Jasper Boyle','+13646340391','gina.tillman@example.org','MS','Florida','Lynchmouth','43110 Finn Estate Suite 790',21,'50438-1793','shipping_address'),(22,'Jasper Boyle','+13646340391','gina.tillman@example.org','MS','Florida','Lynchmouth','43110 Finn Estate Suite 790',22,'50438-1793','shipping_address'),(23,'Prof. Trystan Howe V','+12064192908','flatley.erik@example.com','HK','Utah','New Syble','19153 Hintz Rapids Apt. 050',23,'26289','shipping_address'),(24,'Prof. Trystan Howe V','+12064192908','flatley.erik@example.com','HK','Utah','New Syble','19153 Hintz Rapids Apt. 050',24,'26289','shipping_address'),(25,'Prof. Trystan Howe V','+12064192908','flatley.erik@example.com','HK','Utah','New Syble','19153 Hintz Rapids Apt. 050',25,'26289','shipping_address'),(26,'Dr. Eudora Marks','+15043666393','wiza.isaiah@example.com','UZ','California','Port Cassandre','98340 Earnestine Mountains Apt. 357',26,'35613-7858','shipping_address'),(27,'Dr. Eudora Marks','+15043666393','wiza.isaiah@example.com','UZ','California','Port Cassandre','98340 Earnestine Mountains Apt. 357',27,'35613-7858','shipping_address'),(28,'Chaya Bogan','+19174484885','customer@botble.com','NO','Hawaii','Lake Merritt','764 Nathanael Mount Suite 480',28,'30874-7607','shipping_address'),(29,'Chaya Bogan','+19174484885','customer@botble.com','NO','Hawaii','Lake Merritt','764 Nathanael Mount Suite 480',29,'30874-7607','shipping_address'),(30,'Chaya Bogan','+19174484885','customer@botble.com','NO','Hawaii','Lake Merritt','764 Nathanael Mount Suite 480',30,'30874-7607','shipping_address'),(31,'Miss Cassidy Lubowitz Sr.','+12013585397','gulgowski.myah@example.net','BN','Delaware','O\'Harabury','99625 Feest Plaza Suite 061',31,'92178-5533','shipping_address'),(32,'Miss Cassidy Lubowitz Sr.','+12013585397','gulgowski.myah@example.net','BN','Delaware','O\'Harabury','99625 Feest Plaza Suite 061',32,'92178-5533','shipping_address'),(33,'Miss Cassidy Lubowitz Sr.','+12013585397','gulgowski.myah@example.net','BN','Delaware','O\'Harabury','99625 Feest Plaza Suite 061',33,'92178-5533','shipping_address'),(34,'Prof. Trystan Howe V','+12064192908','flatley.erik@example.com','HK','Utah','New Syble','19153 Hintz Rapids Apt. 050',34,'26289','shipping_address'),(35,'Prof. Trystan Howe V','+12064192908','flatley.erik@example.com','HK','Utah','New Syble','19153 Hintz Rapids Apt. 050',35,'26289','shipping_address'),(36,'Prof. Trystan Howe V','+12064192908','flatley.erik@example.com','HK','Utah','New Syble','19153 Hintz Rapids Apt. 050',36,'26289','shipping_address'),(37,'Dr. Eudora Marks','+15043666393','wiza.isaiah@example.com','UZ','California','Port Cassandre','98340 Earnestine Mountains Apt. 357',37,'35613-7858','shipping_address'),(38,'Dr. Eudora Marks','+15043666393','wiza.isaiah@example.com','UZ','California','Port Cassandre','98340 Earnestine Mountains Apt. 357',38,'35613-7858','shipping_address'),(39,'Dr. Eudora Marks','+15043666393','wiza.isaiah@example.com','UZ','California','Port Cassandre','98340 Earnestine Mountains Apt. 357',39,'35613-7858','shipping_address'),(40,'Dr. Eudora Marks','+15043666393','wiza.isaiah@example.com','UZ','California','Port Cassandre','98340 Earnestine Mountains Apt. 357',40,'35613-7858','shipping_address'),(41,'Dr. Eudora Marks','+15043666393','wiza.isaiah@example.com','UZ','California','Port Cassandre','98340 Earnestine Mountains Apt. 357',41,'35613-7858','shipping_address'),(42,'Dr. Eudora Marks','+15043666393','wiza.isaiah@example.com','UZ','California','Port Cassandre','98340 Earnestine Mountains Apt. 357',42,'35613-7858','shipping_address'),(43,'Dr. Eudora Marks','+15043666393','wiza.isaiah@example.com','UZ','California','Port Cassandre','98340 Earnestine Mountains Apt. 357',43,'35613-7858','shipping_address'),(44,'Jasper Boyle','+13646340391','gina.tillman@example.org','MS','Florida','Lynchmouth','43110 Finn Estate Suite 790',44,'50438-1793','shipping_address'),(45,'Jasper Boyle','+13646340391','gina.tillman@example.org','MS','Florida','Lynchmouth','43110 Finn Estate Suite 790',45,'50438-1793','shipping_address'),(46,'Jasper Boyle','+13646340391','gina.tillman@example.org','MS','Florida','Lynchmouth','43110 Finn Estate Suite 790',46,'50438-1793','shipping_address'),(47,'Dr. Eudora Marks','+15043666393','wiza.isaiah@example.com','UZ','California','Port Cassandre','98340 Earnestine Mountains Apt. 357',47,'35613-7858','shipping_address'),(48,'Dr. Eudora Marks','+15043666393','wiza.isaiah@example.com','UZ','California','Port Cassandre','98340 Earnestine Mountains Apt. 357',48,'35613-7858','shipping_address');
/*!40000 ALTER TABLE `ec_order_addresses` ENABLE KEYS */;
UNLOCK TABLES;

--
-- Table structure for table `ec_order_histories`
--

DROP TABLE IF EXISTS `ec_order_histories`;
/*!40101 SET @saved_cs_client     = @@character_set_client */;
/*!50503 SET character_set_client = utf8mb4 */;
CREATE TABLE `ec_order_histories` (
  `id` bigint unsigned NOT NULL AUTO_INCREMENT,
  `action` varchar(120) COLLATE utf8mb4_unicode_ci NOT NULL,
  `description` varchar(255) COLLATE utf8mb4_unicode_ci NOT NULL,
  `user_id` int unsigned DEFAULT NULL,
  `order_id` int unsigned NOT NULL,
  `extras` text COLLATE utf8mb4_unicode_ci,
  `created_at` timestamp NULL DEFAULT NULL,
  `updated_at` timestamp NULL DEFAULT NULL,
  PRIMARY KEY (`id`)
) ENGINE=InnoDB AUTO_INCREMENT=218 DEFAULT CHARSET=utf8mb4 COLLATE=utf8mb4_unicode_ci;
/*!40101 SET character_set_client = @saved_cs_client */;

--
-- Dumping data for table `ec_order_histories`
--

LOCK TABLES `ec_order_histories` WRITE;
/*!40000 ALTER TABLE `ec_order_histories` DISABLE KEYS */;
INSERT INTO `ec_order_histories` VALUES (1,'create_order_from_seeder','Order is created from the checkout page',NULL,1,NULL,'2022-12-30 01:10:58','2022-12-30 01:10:58'),(2,'confirm_order','Order was verified by %user_name%',0,1,NULL,'2022-12-30 01:10:58','2022-12-30 01:10:58'),(3,'confirm_payment','Payment was confirmed (amount $6,484.00) by %user_name%',0,1,NULL,'2023-01-04 01:10:58','2023-01-04 01:10:58'),(4,'create_shipment','Created shipment for order',0,1,NULL,'2023-01-04 01:10:58','2023-01-04 01:10:58'),(5,'update_status','Changed status of shipping to: Delivered. Updated by: %user_name%',0,1,NULL,'2023-01-04 01:10:58','2023-01-04 01:10:58'),(6,'create_order_from_seeder','Order is created from the checkout page',NULL,2,NULL,'2022-12-20 19:10:58','2022-12-20 19:10:58'),(7,'confirm_order','Order was verified by %user_name%',0,2,NULL,'2022-12-20 19:10:58','2022-12-20 19:10:58'),(8,'create_shipment','Created shipment for order',0,2,NULL,'2023-01-04 01:10:58','2023-01-04 01:10:58'),(9,'update_status','Changed status of shipping to: Delivered. Updated by: %user_name%',0,2,NULL,'2023-01-04 01:10:58','2023-01-04 01:10:58'),(10,'create_order_from_seeder','Order is created from the checkout page',NULL,3,NULL,'2022-12-31 21:10:58','2022-12-31 21:10:58'),(11,'confirm_order','Order was verified by %user_name%',0,3,NULL,'2022-12-31 21:10:58','2022-12-31 21:10:58'),(12,'confirm_payment','Payment was confirmed (amount $1,599.00) by %user_name%',0,3,NULL,'2023-01-04 01:10:58','2023-01-04 01:10:58'),(13,'create_shipment','Created shipment for order',0,3,NULL,'2023-01-04 01:10:58','2023-01-04 01:10:58'),(14,'create_order_from_seeder','Order is created from the checkout page',NULL,4,NULL,'2023-01-01 01:10:58','2023-01-01 01:10:58'),(15,'confirm_order','Order was verified by %user_name%',0,4,NULL,'2023-01-01 01:10:58','2023-01-01 01:10:58'),(16,'confirm_payment','Payment was confirmed (amount $5,622.00) by %user_name%',0,4,NULL,'2023-01-04 01:10:58','2023-01-04 01:10:58'),(17,'create_shipment','Created shipment for order',0,4,NULL,'2023-01-04 01:10:58','2023-01-04 01:10:58'),(18,'update_status','Changed status of shipping to: Delivered. Updated by: %user_name%',0,4,NULL,'2023-01-04 01:10:58','2023-01-04 01:10:58'),(19,'create_order_from_seeder','Order is created from the checkout page',NULL,5,NULL,'2023-01-02 13:10:58','2023-01-02 13:10:58'),(20,'confirm_order','Order was verified by %user_name%',0,5,NULL,'2023-01-02 13:10:58','2023-01-02 13:10:58'),(21,'create_shipment','Created shipment for order',0,5,NULL,'2023-01-04 01:10:58','2023-01-04 01:10:58'),(22,'update_status','Changed status of shipping to: Delivered. Updated by: %user_name%',0,5,NULL,'2023-01-04 01:10:58','2023-01-04 01:10:58'),(23,'create_order_from_seeder','Order is created from the checkout page',NULL,6,NULL,'2022-12-30 19:10:58','2022-12-30 19:10:58'),(24,'confirm_order','Order was verified by %user_name%',0,6,NULL,'2022-12-30 19:10:58','2022-12-30 19:10:58'),(25,'confirm_payment','Payment was confirmed (amount $1,036.00) by %user_name%',0,6,NULL,'2023-01-04 01:10:58','2023-01-04 01:10:58'),(26,'create_shipment','Created shipment for order',0,6,NULL,'2023-01-04 01:10:58','2023-01-04 01:10:58'),(27,'create_order_from_seeder','Order is created from the checkout page',NULL,7,NULL,'2022-12-27 23:10:58','2022-12-27 23:10:58'),(28,'confirm_order','Order was verified by %user_name%',0,7,NULL,'2022-12-27 23:10:58','2022-12-27 23:10:58'),(29,'confirm_payment','Payment was confirmed (amount $1,082.00) by %user_name%',0,7,NULL,'2023-01-04 01:10:58','2023-01-04 01:10:58'),(30,'create_shipment','Created shipment for order',0,7,NULL,'2023-01-04 01:10:58','2023-01-04 01:10:58'),(31,'create_order_from_seeder','Order is created from the checkout page',NULL,8,NULL,'2022-12-22 07:10:58','2022-12-22 07:10:58'),(32,'confirm_order','Order was verified by %user_name%',0,8,NULL,'2022-12-22 07:10:58','2022-12-22 07:10:58'),(33,'confirm_payment','Payment was confirmed (amount $2,766.00) by %user_name%',0,8,NULL,'2023-01-04 01:10:58','2023-01-04 01:10:58'),(34,'create_shipment','Created shipment for order',0,8,NULL,'2023-01-04 01:10:58','2023-01-04 01:10:58'),(35,'update_status','Changed status of shipping to: Delivered. Updated by: %user_name%',0,8,NULL,'2023-01-04 01:10:58','2023-01-04 01:10:58'),(36,'create_order_from_seeder','Order is created from the checkout page',NULL,9,NULL,'2023-01-01 05:10:58','2023-01-01 05:10:58'),(37,'confirm_order','Order was verified by %user_name%',0,9,NULL,'2023-01-01 05:10:58','2023-01-01 05:10:58'),(38,'confirm_payment','Payment was confirmed (amount $416.00) by %user_name%',0,9,NULL,'2023-01-04 01:10:58','2023-01-04 01:10:58'),(39,'create_shipment','Created shipment for order',0,9,NULL,'2023-01-04 01:10:58','2023-01-04 01:10:58'),(40,'update_status','Changed status of shipping to: Delivered. Updated by: %user_name%',0,9,NULL,'2023-01-04 01:10:58','2023-01-04 01:10:58'),(41,'create_order_from_seeder','Order is created from the checkout page',NULL,10,NULL,'2022-12-28 09:10:58','2022-12-28 09:10:58'),(42,'confirm_order','Order was verified by %user_name%',0,10,NULL,'2022-12-28 09:10:58','2022-12-28 09:10:58'),(43,'confirm_payment','Payment was confirmed (amount $3,918.00) by %user_name%',0,10,NULL,'2023-01-04 01:10:58','2023-01-04 01:10:58'),(44,'create_shipment','Created shipment for order',0,10,NULL,'2023-01-04 01:10:58','2023-01-04 01:10:58'),(45,'create_order_from_seeder','Order is created from the checkout page',NULL,11,NULL,'2022-12-31 01:10:58','2022-12-31 01:10:58'),(46,'confirm_order','Order was verified by %user_name%',0,11,NULL,'2022-12-31 01:10:58','2022-12-31 01:10:58'),(47,'confirm_payment','Payment was confirmed (amount $1,036.00) by %user_name%',0,11,NULL,'2023-01-04 01:10:59','2023-01-04 01:10:59'),(48,'create_shipment','Created shipment for order',0,11,NULL,'2023-01-04 01:10:59','2023-01-04 01:10:59'),(49,'create_order_from_seeder','Order is created from the checkout page',NULL,12,NULL,'2022-12-30 01:10:59','2022-12-30 01:10:59'),(50,'confirm_order','Order was verified by %user_name%',0,12,NULL,'2022-12-30 01:10:59','2022-12-30 01:10:59'),(51,'confirm_payment','Payment was confirmed (amount $1,247.00) by %user_name%',0,12,NULL,'2023-01-04 01:10:59','2023-01-04 01:10:59'),(52,'create_shipment','Created shipment for order',0,12,NULL,'2023-01-04 01:10:59','2023-01-04 01:10:59'),(53,'create_order_from_seeder','Order is created from the checkout page',NULL,13,NULL,'2022-12-31 07:10:59','2022-12-31 07:10:59'),(54,'confirm_order','Order was verified by %user_name%',0,13,NULL,'2022-12-31 07:10:59','2022-12-31 07:10:59'),(55,'confirm_payment','Payment was confirmed (amount $1,546.00) by %user_name%',0,13,NULL,'2023-01-04 01:10:59','2023-01-04 01:10:59'),(56,'create_shipment','Created shipment for order',0,13,NULL,'2023-01-04 01:10:59','2023-01-04 01:10:59'),(57,'update_status','Changed status of shipping to: Delivered. Updated by: %user_name%',0,13,NULL,'2023-01-04 01:10:59','2023-01-04 01:10:59'),(58,'create_order_from_seeder','Order is created from the checkout page',NULL,14,NULL,'2022-12-28 01:10:59','2022-12-28 01:10:59'),(59,'confirm_order','Order was verified by %user_name%',0,14,NULL,'2022-12-28 01:10:59','2022-12-28 01:10:59'),(60,'confirm_payment','Payment was confirmed (amount $3,549.00) by %user_name%',0,14,NULL,'2023-01-04 01:10:59','2023-01-04 01:10:59'),(61,'create_shipment','Created shipment for order',0,14,NULL,'2023-01-04 01:10:59','2023-01-04 01:10:59'),(62,'create_order_from_seeder','Order is created from the checkout page',NULL,15,NULL,'2023-01-02 21:10:59','2023-01-02 21:10:59'),(63,'confirm_order','Order was verified by %user_name%',0,15,NULL,'2023-01-02 21:10:59','2023-01-02 21:10:59'),(64,'confirm_payment','Payment was confirmed (amount $1,066.00) by %user_name%',0,15,NULL,'2023-01-04 01:10:59','2023-01-04 01:10:59'),(65,'create_shipment','Created shipment for order',0,15,NULL,'2023-01-04 01:10:59','2023-01-04 01:10:59'),(66,'update_status','Changed status of shipping to: Delivered. Updated by: %user_name%',0,15,NULL,'2023-01-04 01:10:59','2023-01-04 01:10:59'),(67,'create_order_from_seeder','Order is created from the checkout page',NULL,16,NULL,'2022-12-26 21:10:59','2022-12-26 21:10:59'),(68,'confirm_order','Order was verified by %user_name%',0,16,NULL,'2022-12-26 21:10:59','2022-12-26 21:10:59'),(69,'create_shipment','Created shipment for order',0,16,NULL,'2023-01-04 01:10:59','2023-01-04 01:10:59'),(70,'create_order_from_seeder','Order is created from the checkout page',NULL,17,NULL,'2022-12-28 13:10:59','2022-12-28 13:10:59'),(71,'confirm_order','Order was verified by %user_name%',0,17,NULL,'2022-12-28 13:10:59','2022-12-28 13:10:59'),(72,'create_shipment','Created shipment for order',0,17,NULL,'2023-01-04 01:10:59','2023-01-04 01:10:59'),(73,'create_order_from_seeder','Order is created from the checkout page',NULL,18,NULL,'2022-12-24 05:10:59','2022-12-24 05:10:59'),(74,'confirm_order','Order was verified by %user_name%',0,18,NULL,'2022-12-24 05:10:59','2022-12-24 05:10:59'),(75,'confirm_payment','Payment was confirmed (amount $2,421.00) by %user_name%',0,18,NULL,'2023-01-04 01:10:59','2023-01-04 01:10:59'),(76,'create_shipment','Created shipment for order',0,18,NULL,'2023-01-04 01:10:59','2023-01-04 01:10:59'),(77,'create_order_from_seeder','Order is created from the checkout page',NULL,19,NULL,'2022-12-27 01:10:59','2022-12-27 01:10:59'),(78,'confirm_order','Order was verified by %user_name%',0,19,NULL,'2022-12-27 01:10:59','2022-12-27 01:10:59'),(79,'confirm_payment','Payment was confirmed (amount $5,774.00) by %user_name%',0,19,NULL,'2023-01-04 01:10:59','2023-01-04 01:10:59'),(80,'create_shipment','Created shipment for order',0,19,NULL,'2023-01-04 01:10:59','2023-01-04 01:10:59'),(81,'update_status','Changed status of shipping to: Delivered. Updated by: %user_name%',0,19,NULL,'2023-01-04 01:10:59','2023-01-04 01:10:59'),(82,'create_order_from_seeder','Order is created from the checkout page',NULL,20,NULL,'2022-12-26 01:10:59','2022-12-26 01:10:59'),(83,'confirm_order','Order was verified by %user_name%',0,20,NULL,'2022-12-26 01:10:59','2022-12-26 01:10:59'),(84,'confirm_payment','Payment was confirmed (amount $2,319.00) by %user_name%',0,20,NULL,'2023-01-04 01:10:59','2023-01-04 01:10:59'),(85,'create_shipment','Created shipment for order',0,20,NULL,'2023-01-04 01:10:59','2023-01-04 01:10:59'),(86,'update_status','Changed status of shipping to: Delivered. Updated by: %user_name%',0,20,NULL,'2023-01-04 01:10:59','2023-01-04 01:10:59'),(87,'create_order_from_seeder','Order is created from the checkout page',NULL,21,NULL,'2023-01-01 07:10:59','2023-01-01 07:10:59'),(88,'confirm_order','Order was verified by %user_name%',0,21,NULL,'2023-01-01 07:10:59','2023-01-01 07:10:59'),(89,'create_shipment','Created shipment for order',0,21,NULL,'2023-01-04 01:10:59','2023-01-04 01:10:59'),(90,'create_order_from_seeder','Order is created from the checkout page',NULL,22,NULL,'2022-12-26 19:10:59','2022-12-26 19:10:59'),(91,'confirm_order','Order was verified by %user_name%',0,22,NULL,'2022-12-26 19:10:59','2022-12-26 19:10:59'),(92,'confirm_payment','Payment was confirmed (amount $2,226.00) by %user_name%',0,22,NULL,'2023-01-04 01:10:59','2023-01-04 01:10:59'),(93,'create_shipment','Created shipment for order',0,22,NULL,'2023-01-04 01:10:59','2023-01-04 01:10:59'),(94,'update_status','Changed status of shipping to: Delivered. Updated by: %user_name%',0,22,NULL,'2023-01-04 01:10:59','2023-01-04 01:10:59'),(95,'create_order_from_seeder','Order is created from the checkout page',NULL,23,NULL,'2023-01-02 09:10:59','2023-01-02 09:10:59'),(96,'confirm_order','Order was verified by %user_name%',0,23,NULL,'2023-01-02 09:10:59','2023-01-02 09:10:59'),(97,'confirm_payment','Payment was confirmed (amount $2,494.00) by %user_name%',0,23,NULL,'2023-01-04 01:10:59','2023-01-04 01:10:59'),(98,'create_shipment','Created shipment for order',0,23,NULL,'2023-01-04 01:10:59','2023-01-04 01:10:59'),(99,'create_order_from_seeder','Order is created from the checkout page',NULL,24,NULL,'2022-12-30 01:10:59','2022-12-30 01:10:59'),(100,'confirm_order','Order was verified by %user_name%',0,24,NULL,'2022-12-30 01:10:59','2022-12-30 01:10:59'),(101,'confirm_payment','Payment was confirmed (amount $566.00) by %user_name%',0,24,NULL,'2023-01-04 01:10:59','2023-01-04 01:10:59'),(102,'create_shipment','Created shipment for order',0,24,NULL,'2023-01-04 01:10:59','2023-01-04 01:10:59'),(103,'update_status','Changed status of shipping to: Delivered. Updated by: %user_name%',0,24,NULL,'2023-01-04 01:10:59','2023-01-04 01:10:59'),(104,'create_order_from_seeder','Order is created from the checkout page',NULL,25,NULL,'2022-12-30 21:10:59','2022-12-30 21:10:59'),(105,'confirm_order','Order was verified by %user_name%',0,25,NULL,'2022-12-30 21:10:59','2022-12-30 21:10:59'),(106,'create_shipment','Created shipment for order',0,25,NULL,'2023-01-04 01:10:59','2023-01-04 01:10:59'),(107,'update_status','Changed status of shipping to: Delivered. Updated by: %user_name%',0,25,NULL,'2023-01-04 01:10:59','2023-01-04 01:10:59'),(108,'create_order_from_seeder','Order is created from the checkout page',NULL,26,NULL,'2023-01-01 19:10:59','2023-01-01 19:10:59'),(109,'confirm_order','Order was verified by %user_name%',0,26,NULL,'2023-01-01 19:10:59','2023-01-01 19:10:59'),(110,'create_shipment','Created shipment for order',0,26,NULL,'2023-01-04 01:10:59','2023-01-04 01:10:59'),(111,'create_order_from_seeder','Order is created from the checkout page',NULL,27,NULL,'2023-01-01 19:10:59','2023-01-01 19:10:59'),(112,'confirm_order','Order was verified by %user_name%',0,27,NULL,'2023-01-01 19:10:59','2023-01-01 19:10:59'),(113,'confirm_payment','Payment was confirmed (amount $2,282.00) by %user_name%',0,27,NULL,'2023-01-04 01:10:59','2023-01-04 01:10:59'),(114,'create_shipment','Created shipment for order',0,27,NULL,'2023-01-04 01:10:59','2023-01-04 01:10:59'),(115,'create_order_from_seeder','Order is created from the checkout page',NULL,28,NULL,'2022-12-31 17:10:59','2022-12-31 17:10:59'),(116,'confirm_order','Order was verified by %user_name%',0,28,NULL,'2022-12-31 17:10:59','2022-12-31 17:10:59'),(117,'create_shipment','Created shipment for order',0,28,NULL,'2023-01-04 01:10:59','2023-01-04 01:10:59'),(118,'create_order_from_seeder','Order is created from the checkout page',NULL,29,NULL,'2022-12-31 01:10:59','2022-12-31 01:10:59'),(119,'confirm_order','Order was verified by %user_name%',0,29,NULL,'2022-12-31 01:10:59','2022-12-31 01:10:59'),(120,'confirm_payment','Payment was confirmed (amount $2,665.00) by %user_name%',0,29,NULL,'2023-01-04 01:10:59','2023-01-04 01:10:59'),(121,'create_shipment','Created shipment for order',0,29,NULL,'2023-01-04 01:10:59','2023-01-04 01:10:59'),(122,'update_status','Changed status of shipping to: Delivered. Updated by: %user_name%',0,29,NULL,'2023-01-04 01:10:59','2023-01-04 01:10:59'),(123,'create_order_from_seeder','Order is created from the checkout page',NULL,30,NULL,'2023-01-03 09:10:59','2023-01-03 09:10:59'),(124,'confirm_order','Order was verified by %user_name%',0,30,NULL,'2023-01-03 09:10:59','2023-01-03 09:10:59'),(125,'confirm_payment','Payment was confirmed (amount $2,754.00) by %user_name%',0,30,NULL,'2023-01-04 01:10:59','2023-01-04 01:10:59'),(126,'create_shipment','Created shipment for order',0,30,NULL,'2023-01-04 01:10:59','2023-01-04 01:10:59'),(127,'create_order_from_seeder','Order is created from the checkout page',NULL,31,NULL,'2023-01-01 03:10:59','2023-01-01 03:10:59'),(128,'confirm_order','Order was verified by %user_name%',0,31,NULL,'2023-01-01 03:10:59','2023-01-01 03:10:59'),(129,'create_shipment','Created shipment for order',0,31,NULL,'2023-01-04 01:10:59','2023-01-04 01:10:59'),(130,'create_order_from_seeder','Order is created from the checkout page',NULL,32,NULL,'2023-01-01 03:10:59','2023-01-01 03:10:59'),(131,'confirm_order','Order was verified by %user_name%',0,32,NULL,'2023-01-01 03:10:59','2023-01-01 03:10:59'),(132,'create_shipment','Created shipment for order',0,32,NULL,'2023-01-04 01:10:59','2023-01-04 01:10:59'),(133,'create_order_from_seeder','Order is created from the checkout page',NULL,33,NULL,'2023-01-02 21:10:59','2023-01-02 21:10:59'),(134,'confirm_order','Order was verified by %user_name%',0,33,NULL,'2023-01-02 21:10:59','2023-01-02 21:10:59'),(135,'create_shipment','Created shipment for order',0,33,NULL,'2023-01-04 01:10:59','2023-01-04 01:10:59'),(136,'create_order_from_seeder','Order is created from the checkout page',NULL,34,NULL,'2023-01-03 13:10:59','2023-01-03 13:10:59'),(137,'confirm_order','Order was verified by %user_name%',0,34,NULL,'2023-01-03 13:10:59','2023-01-03 13:10:59'),(138,'confirm_payment','Payment was confirmed (amount $40.50) by %user_name%',0,34,NULL,'2023-01-04 01:10:59','2023-01-04 01:10:59'),(139,'create_shipment','Created shipment for order',0,34,NULL,'2023-01-04 01:10:59','2023-01-04 01:10:59'),(140,'update_status','Changed status of shipping to: Delivered. Updated by: %user_name%',0,34,NULL,'2023-01-04 01:10:59','2023-01-04 01:10:59'),(141,'create_order_from_seeder','Order is created from the checkout page',NULL,35,NULL,'2022-12-30 13:10:59','2022-12-30 13:10:59'),(142,'confirm_order','Order was verified by %user_name%',0,35,NULL,'2022-12-30 13:10:59','2022-12-30 13:10:59'),(143,'confirm_payment','Payment was confirmed (amount $3,367.00) by %user_name%',0,35,NULL,'2023-01-04 01:10:59','2023-01-04 01:10:59'),(144,'create_shipment','Created shipment for order',0,35,NULL,'2023-01-04 01:10:59','2023-01-04 01:10:59'),(145,'update_status','Changed status of shipping to: Delivered. Updated by: %user_name%',0,35,NULL,'2023-01-04 01:10:59','2023-01-04 01:10:59'),(146,'create_order_from_seeder','Order is created from the checkout page',NULL,36,NULL,'2023-01-02 01:10:59','2023-01-02 01:10:59'),(147,'confirm_order','Order was verified by %user_name%',0,36,NULL,'2023-01-02 01:10:59','2023-01-02 01:10:59'),(148,'confirm_payment','Payment was confirmed (amount $3,741.00) by %user_name%',0,36,NULL,'2023-01-04 01:10:59','2023-01-04 01:10:59'),(149,'create_shipment','Created shipment for order',0,36,NULL,'2023-01-04 01:10:59','2023-01-04 01:10:59'),(150,'update_status','Changed status of shipping to: Delivered. Updated by: %user_name%',0,36,NULL,'2023-01-04 01:10:59','2023-01-04 01:10:59'),(151,'create_order_from_seeder','Order is created from the checkout page',NULL,37,NULL,'2022-12-31 17:10:59','2022-12-31 17:10:59'),(152,'confirm_order','Order was verified by %user_name%',0,37,NULL,'2022-12-31 17:10:59','2022-12-31 17:10:59'),(153,'create_shipment','Created shipment for order',0,37,NULL,'2023-01-04 01:10:59','2023-01-04 01:10:59'),(154,'update_status','Changed status of shipping to: Delivered. Updated by: %user_name%',0,37,NULL,'2023-01-04 01:10:59','2023-01-04 01:10:59'),(155,'create_order_from_seeder','Order is created from the checkout page',NULL,38,NULL,'2023-01-01 13:10:59','2023-01-01 13:10:59'),(156,'confirm_order','Order was verified by %user_name%',0,38,NULL,'2023-01-01 13:10:59','2023-01-01 13:10:59'),(157,'create_shipment','Created shipment for order',0,38,NULL,'2023-01-04 01:10:59','2023-01-04 01:10:59'),(158,'create_order_from_seeder','Order is created from the checkout page',NULL,39,NULL,'2023-01-02 17:10:59','2023-01-02 17:10:59'),(159,'confirm_order','Order was verified by %user_name%',0,39,NULL,'2023-01-02 17:10:59','2023-01-02 17:10:59'),(160,'confirm_payment','Payment was confirmed (amount $560.00) by %user_name%',0,39,NULL,'2023-01-04 01:10:59','2023-01-04 01:10:59'),(161,'create_shipment','Created shipment for order',0,39,NULL,'2023-01-04 01:10:59','2023-01-04 01:10:59'),(162,'create_order_from_seeder','Order is created from the checkout page',NULL,40,NULL,'2023-01-02 09:10:59','2023-01-02 09:10:59'),(163,'confirm_order','Order was verified by %user_name%',0,40,NULL,'2023-01-02 09:10:59','2023-01-02 09:10:59'),(164,'confirm_payment','Payment was confirmed (amount $1,836.00) by %user_name%',0,40,NULL,'2023-01-04 01:10:59','2023-01-04 01:10:59'),(165,'create_shipment','Created shipment for order',0,40,NULL,'2023-01-04 01:10:59','2023-01-04 01:10:59'),(166,'update_status','Changed status of shipping to: Delivered. Updated by: %user_name%',0,40,NULL,'2023-01-04 01:10:59','2023-01-04 01:10:59'),(167,'create_order_from_seeder','Order is created from the checkout page',NULL,41,NULL,'2023-01-02 17:10:59','2023-01-02 17:10:59'),(168,'confirm_order','Order was verified by %user_name%',0,41,NULL,'2023-01-02 17:10:59','2023-01-02 17:10:59'),(169,'create_shipment','Created shipment for order',0,41,NULL,'2023-01-04 01:10:59','2023-01-04 01:10:59'),(170,'update_status','Changed status of shipping to: Delivered. Updated by: %user_name%',0,41,NULL,'2023-01-04 01:10:59','2023-01-04 01:10:59'),(171,'create_order_from_seeder','Order is created from the checkout page',NULL,42,NULL,'2023-01-03 13:10:59','2023-01-03 13:10:59'),(172,'confirm_order','Order was verified by %user_name%',0,42,NULL,'2023-01-03 13:10:59','2023-01-03 13:10:59'),(173,'confirm_payment','Payment was confirmed (amount $2,477.00) by %user_name%',0,42,NULL,'2023-01-04 01:10:59','2023-01-04 01:10:59'),(174,'create_shipment','Created shipment for order',0,42,NULL,'2023-01-04 01:10:59','2023-01-04 01:10:59'),(175,'update_status','Changed status of shipping to: Delivered. Updated by: %user_name%',0,42,NULL,'2023-01-04 01:10:59','2023-01-04 01:10:59'),(176,'create_order_from_seeder','Order is created from the checkout page',NULL,43,NULL,'2023-01-02 13:10:59','2023-01-02 13:10:59'),(177,'confirm_order','Order was verified by %user_name%',0,43,NULL,'2023-01-02 13:10:59','2023-01-02 13:10:59'),(178,'confirm_payment','Payment was confirmed (amount $786.00) by %user_name%',0,43,NULL,'2023-01-04 01:10:59','2023-01-04 01:10:59'),(179,'create_shipment','Created shipment for order',0,43,NULL,'2023-01-04 01:10:59','2023-01-04 01:10:59'),(180,'create_order_from_seeder','Order is created from the checkout page',NULL,44,NULL,'2023-01-02 09:10:59','2023-01-02 09:10:59'),(181,'confirm_order','Order was verified by %user_name%',0,44,NULL,'2023-01-02 09:10:59','2023-01-02 09:10:59'),(182,'create_shipment','Created shipment for order',0,44,NULL,'2023-01-04 01:10:59','2023-01-04 01:10:59'),(183,'update_status','Changed status of shipping to: Delivered. Updated by: %user_name%',0,44,NULL,'2023-01-04 01:10:59','2023-01-04 01:10:59'),(184,'create_order_from_seeder','Order is created from the checkout page',NULL,45,NULL,'2023-01-02 17:10:59','2023-01-02 17:10:59'),(185,'confirm_order','Order was verified by %user_name%',0,45,NULL,'2023-01-02 17:10:59','2023-01-02 17:10:59'),(186,'create_shipment','Created shipment for order',0,45,NULL,'2023-01-04 01:10:59','2023-01-04 01:10:59'),(187,'update_status','Changed status of shipping to: Delivered. Updated by: %user_name%',0,45,NULL,'2023-01-04 01:10:59','2023-01-04 01:10:59'),(188,'create_order_from_seeder','Order is created from the checkout page',NULL,46,NULL,'2023-01-03 17:10:59','2023-01-03 17:10:59'),(189,'confirm_order','Order was verified by %user_name%',0,46,NULL,'2023-01-03 17:10:59','2023-01-03 17:10:59'),(190,'create_shipment','Created shipment for order',0,46,NULL,'2023-01-04 01:10:59','2023-01-04 01:10:59'),(191,'update_status','Changed status of shipping to: Delivered. Updated by: %user_name%',0,46,NULL,'2023-01-04 01:10:59','2023-01-04 01:10:59'),(192,'create_order_from_seeder','Order is created from the checkout page',NULL,47,NULL,'2023-01-03 05:10:59','2023-01-03 05:10:59'),(193,'confirm_order','Order was verified by %user_name%',0,47,NULL,'2023-01-03 05:10:59','2023-01-03 05:10:59'),(194,'confirm_payment','Payment was confirmed (amount $2,494.00) by %user_name%',0,47,NULL,'2023-01-04 01:10:59','2023-01-04 01:10:59'),(195,'create_shipment','Created shipment for order',0,47,NULL,'2023-01-04 01:10:59','2023-01-04 01:10:59'),(196,'create_order_from_seeder','Order is created from the checkout page',NULL,48,NULL,'2023-01-03 17:10:59','2023-01-03 17:10:59'),(197,'confirm_order','Order was verified by %user_name%',0,48,NULL,'2023-01-03 17:10:59','2023-01-03 17:10:59'),(198,'confirm_payment','Payment was confirmed (amount $1,836.00) by %user_name%',0,48,NULL,'2023-01-04 01:10:59','2023-01-04 01:10:59'),(199,'create_shipment','Created shipment for order',0,48,NULL,'2023-01-04 01:10:59','2023-01-04 01:10:59'),(200,'update_status','Changed status of shipping to: Delivered. Updated by: %user_name%',0,48,NULL,'2023-01-04 01:10:59','2023-01-04 01:10:59'),(201,'update_status','Order confirmed by %user_name%',0,1,NULL,'2023-01-04 01:10:59','2023-01-04 01:10:59'),(202,'update_status','Order confirmed by %user_name%',0,4,NULL,'2023-01-04 01:10:59','2023-01-04 01:10:59'),(203,'update_status','Order confirmed by %user_name%',0,8,NULL,'2023-01-04 01:10:59','2023-01-04 01:10:59'),(204,'update_status','Order confirmed by %user_name%',0,9,NULL,'2023-01-04 01:10:59','2023-01-04 01:10:59'),(205,'update_status','Order confirmed by %user_name%',0,13,NULL,'2023-01-04 01:11:00','2023-01-04 01:11:00'),(206,'update_status','Order confirmed by %user_name%',0,15,NULL,'2023-01-04 01:11:00','2023-01-04 01:11:00'),(207,'update_status','Order confirmed by %user_name%',0,19,NULL,'2023-01-04 01:11:00','2023-01-04 01:11:00'),(208,'update_status','Order confirmed by %user_name%',0,20,NULL,'2023-01-04 01:11:00','2023-01-04 01:11:00'),(209,'update_status','Order confirmed by %user_name%',0,22,NULL,'2023-01-04 01:11:00','2023-01-04 01:11:00'),(210,'update_status','Order confirmed by %user_name%',0,24,NULL,'2023-01-04 01:11:00','2023-01-04 01:11:00'),(211,'update_status','Order confirmed by %user_name%',0,29,NULL,'2023-01-04 01:11:00','2023-01-04 01:11:00'),(212,'update_status','Order confirmed by %user_name%',0,34,NULL,'2023-01-04 01:11:00','2023-01-04 01:11:00'),(213,'update_status','Order confirmed by %user_name%',0,35,NULL,'2023-01-04 01:11:01','2023-01-04 01:11:01'),(214,'update_status','Order confirmed by %user_name%',0,36,NULL,'2023-01-04 01:11:01','2023-01-04 01:11:01'),(215,'update_status','Order confirmed by %user_name%',0,40,NULL,'2023-01-04 01:11:01','2023-01-04 01:11:01'),(216,'update_status','Order confirmed by %user_name%',0,42,NULL,'2023-01-04 01:11:01','2023-01-04 01:11:01'),(217,'update_status','Order confirmed by %user_name%',0,48,NULL,'2023-01-04 01:11:01','2023-01-04 01:11:01');
/*!40000 ALTER TABLE `ec_order_histories` ENABLE KEYS */;
UNLOCK TABLES;

--
-- Table structure for table `ec_order_product`
--

DROP TABLE IF EXISTS `ec_order_product`;
/*!40101 SET @saved_cs_client     = @@character_set_client */;
/*!50503 SET character_set_client = utf8mb4 */;
CREATE TABLE `ec_order_product` (
  `id` bigint unsigned NOT NULL AUTO_INCREMENT,
  `order_id` int unsigned NOT NULL,
  `qty` int NOT NULL,
  `price` decimal(15,2) NOT NULL,
  `tax_amount` decimal(15,2) NOT NULL,
  `options` text COLLATE utf8mb4_unicode_ci,
  `product_options` text COLLATE utf8mb4_unicode_ci COMMENT 'product option data',
  `product_id` int unsigned DEFAULT NULL,
  `product_name` varchar(191) COLLATE utf8mb4_unicode_ci NOT NULL,
  `product_image` varchar(191) COLLATE utf8mb4_unicode_ci DEFAULT NULL,
  `weight` double(8,2) DEFAULT '0.00',
  `restock_quantity` int unsigned DEFAULT '0',
  `created_at` timestamp NULL DEFAULT NULL,
  `updated_at` timestamp NULL DEFAULT NULL,
  `product_type` varchar(60) COLLATE utf8mb4_unicode_ci NOT NULL DEFAULT 'physical',
  `times_downloaded` int NOT NULL DEFAULT '0',
  PRIMARY KEY (`id`)
) ENGINE=InnoDB AUTO_INCREMENT=64 DEFAULT CHARSET=utf8mb4 COLLATE=utf8mb4_unicode_ci;
/*!40101 SET character_set_client = @saved_cs_client */;

--
-- Dumping data for table `ec_order_product`
--

LOCK TABLES `ec_order_product` WRITE;
/*!40000 ALTER TABLE `ec_order_product` DISABLE KEYS */;
INSERT INTO `ec_order_product` VALUES (1,1,3,1183.00,0.00,'[]',NULL,44,'Xbox One Wireless Controller Black Color','products/11-2.jpg',1839.00,0,'2023-01-04 01:10:58','2023-01-04 01:10:58','physical',0),(2,1,2,587.00,0.00,'[]',NULL,45,'EPSION Plaster Printer','products/12.jpg',1040.00,0,'2023-01-04 01:10:58','2023-01-04 01:10:58','physical',0),(3,1,3,587.00,0.00,'[]',NULL,46,'EPSION Plaster Printer','products/12-1.jpg',1560.00,0,'2023-01-04 01:10:58','2023-01-04 01:10:58','physical',0),(4,2,3,40.50,0.00,'[]',NULL,26,'Smart Watches','products/2.jpg',1548.00,0,'2023-01-04 01:10:58','2023-01-04 01:10:58','physical',0),(5,3,3,533.00,0.00,'[]',NULL,53,'Apple MacBook Air Retina 13.3-Inch Laptop','products/15.jpg',1869.00,0,'2023-01-04 01:10:58','2023-01-04 01:10:58','physical',0),(6,4,3,568.00,0.00,'[]',NULL,52,'B&amp;O Play Mini Bluetooth Speaker','products/14.jpg',1686.00,0,'2023-01-04 01:10:58','2023-01-04 01:10:58','physical',0),(7,4,3,533.00,0.00,'[]',NULL,53,'Apple MacBook Air Retina 13.3-Inch Laptop','products/15.jpg',1869.00,0,'2023-01-04 01:10:58','2023-01-04 01:10:58','physical',0),(8,4,3,773.00,0.00,'[]',NULL,70,'MVMTH Classical Leather Watch In Black (Digital)','products/21.jpg',1689.00,0,'2023-01-04 01:10:58','2023-01-04 01:10:58','physical',0),(9,5,2,1141.00,0.00,'[]',NULL,61,'Aveeno Moisturizing Body Shower 450ml','products/18.jpg',1308.00,0,'2023-01-04 01:10:58','2023-01-04 01:10:58','physical',0),(10,6,2,518.00,0.00,'[]',NULL,58,'Apple MacBook Air Retina 12-Inch Laptop','products/16.jpg',1624.00,0,'2023-01-04 01:10:58','2023-01-04 01:10:58','physical',0),(11,7,2,541.00,0.00,'[]',NULL,60,'Samsung Gear VR Virtual Reality Headset (Digital)','products/17-1.jpg',1464.00,0,'2023-01-04 01:10:58','2023-01-04 01:10:58','physical',0),(12,8,3,922.00,0.00,'[]',NULL,65,'NYX Beauty Couton Pallete Makeup 12','products/19-1.jpg',2241.00,0,'2023-01-04 01:10:58','2023-01-04 01:10:58','physical',0),(13,9,1,416.00,0.00,'[]',NULL,75,'Baxter Care Hair Kit For Bearded Mens','products/22.jpg',688.00,0,'2023-01-04 01:10:58','2023-01-04 01:10:58','physical',0),(14,10,3,533.00,0.00,'[]',NULL,55,'Apple MacBook Air Retina 13.3-Inch Laptop','products/15.jpg',1869.00,0,'2023-01-04 01:10:58','2023-01-04 01:10:58','physical',0),(15,10,3,773.00,0.00,'[]',NULL,74,'MVMTH Classical Leather Watch In Black (Digital)','products/21.jpg',1689.00,0,'2023-01-04 01:10:58','2023-01-04 01:10:58','physical',0),(16,11,2,518.00,0.00,'[]',NULL,57,'Apple MacBook Air Retina 12-Inch Laptop','products/16.jpg',1624.00,0,'2023-01-04 01:10:59','2023-01-04 01:10:59','physical',0),(17,12,1,1247.00,0.00,'[]',NULL,41,'Herschel Leather Duffle Bag In Brown Color','products/10.jpg',530.00,0,'2023-01-04 01:10:59','2023-01-04 01:10:59','physical',0),(18,13,2,773.00,0.00,'[]',NULL,74,'MVMTH Classical Leather Watch In Black (Digital)','products/21.jpg',1126.00,0,'2023-01-04 01:10:59','2023-01-04 01:10:59','physical',0),(19,14,3,1183.00,0.00,'[]',NULL,44,'Xbox One Wireless Controller Black Color','products/11-2.jpg',1839.00,0,'2023-01-04 01:10:59','2023-01-04 01:10:59','physical',0),(20,15,2,533.00,0.00,'[]',NULL,56,'Apple MacBook Air Retina 13.3-Inch Laptop','products/15.jpg',1246.00,0,'2023-01-04 01:10:59','2023-01-04 01:10:59','physical',0),(21,16,3,1141.00,0.00,'[]',NULL,61,'Aveeno Moisturizing Body Shower 450ml','products/18.jpg',1962.00,0,'2023-01-04 01:10:59','2023-01-04 01:10:59','physical',0),(22,17,1,508.00,0.00,'[]',NULL,34,'Audio Equipment','products/7.jpg',816.00,0,'2023-01-04 01:10:59','2023-01-04 01:10:59','physical',0),(23,17,2,922.00,0.00,'[]',NULL,65,'NYX Beauty Couton Pallete Makeup 12','products/19-1.jpg',1494.00,0,'2023-01-04 01:10:59','2023-01-04 01:10:59','physical',0),(24,18,1,1247.00,0.00,'[]',NULL,41,'Herschel Leather Duffle Bag In Brown Color','products/10.jpg',530.00,0,'2023-01-04 01:10:59','2023-01-04 01:10:59','physical',0),(25,18,2,587.00,0.00,'[]',NULL,45,'EPSION Plaster Printer','products/12.jpg',1040.00,0,'2023-01-04 01:10:59','2023-01-04 01:10:59','physical',0),(26,19,2,922.00,0.00,'[]',NULL,64,'NYX Beauty Couton Pallete Makeup 12','products/19.jpg',1494.00,0,'2023-01-04 01:10:59','2023-01-04 01:10:59','physical',0),(27,19,3,786.00,0.00,'[]',NULL,78,'Ciate Palemore Lipstick Bold Red Color','products/23-1.jpg',2643.00,0,'2023-01-04 01:10:59','2023-01-04 01:10:59','physical',0),(28,19,2,786.00,0.00,'[]',NULL,79,'Ciate Palemore Lipstick Bold Red Color','products/23-2.jpg',1762.00,0,'2023-01-04 01:10:59','2023-01-04 01:10:59','physical',0),(29,20,3,773.00,0.00,'[]',NULL,74,'MVMTH Classical Leather Watch In Black (Digital)','products/21.jpg',1689.00,0,'2023-01-04 01:10:59','2023-01-04 01:10:59','physical',0),(30,21,1,40.50,0.00,'[]',NULL,27,'Smart Watches','products/2-1.jpg',516.00,0,'2023-01-04 01:10:59','2023-01-04 01:10:59','physical',0),(31,22,2,1113.00,0.00,'[]',NULL,36,'Smart Televisions','products/8-1.jpg',1290.00,0,'2023-01-04 01:10:59','2023-01-04 01:10:59','physical',0),(32,23,2,1247.00,0.00,'[]',NULL,41,'Herschel Leather Duffle Bag In Brown Color','products/10.jpg',1060.00,0,'2023-01-04 01:10:59','2023-01-04 01:10:59','physical',0),(33,24,1,566.00,0.00,'[]',NULL,49,'Sound Intone I65 Earphone White Version (Digital)','products/13-1.jpg',605.00,0,'2023-01-04 01:10:59','2023-01-04 01:10:59','physical',0),(34,25,3,773.00,0.00,'[]',NULL,71,'MVMTH Classical Leather Watch In Black (Digital)','products/21-1.jpg',1689.00,0,'2023-01-04 01:10:59','2023-01-04 01:10:59','physical',0),(35,25,2,773.00,0.00,'[]',NULL,72,'MVMTH Classical Leather Watch In Black (Digital)','products/21-2.jpg',1126.00,0,'2023-01-04 01:10:59','2023-01-04 01:10:59','physical',0),(36,26,3,533.00,0.00,'[]',NULL,53,'Apple MacBook Air Retina 13.3-Inch Laptop','products/15.jpg',1869.00,0,'2023-01-04 01:10:59','2023-01-04 01:10:59','physical',0),(37,26,1,773.00,0.00,'[]',NULL,72,'MVMTH Classical Leather Watch In Black (Digital)','products/21-2.jpg',563.00,0,'2023-01-04 01:10:59','2023-01-04 01:10:59','physical',0),(38,27,2,1141.00,0.00,'[]',NULL,62,'Aveeno Moisturizing Body Shower 450ml','products/18-1.jpg',1308.00,0,'2023-01-04 01:10:59','2023-01-04 01:10:59','physical',0),(39,28,3,1247.00,0.00,'[]',NULL,41,'Herschel Leather Duffle Bag In Brown Color','products/10.jpg',1590.00,0,'2023-01-04 01:10:59','2023-01-04 01:10:59','physical',0),(40,29,2,533.00,0.00,'[]',NULL,55,'Apple MacBook Air Retina 13.3-Inch Laptop','products/15.jpg',1246.00,0,'2023-01-04 01:10:59','2023-01-04 01:10:59','physical',0),(41,29,3,533.00,0.00,'[]',NULL,56,'Apple MacBook Air Retina 13.3-Inch Laptop','products/15.jpg',1869.00,0,'2023-01-04 01:10:59','2023-01-04 01:10:59','physical',0),(42,30,3,918.00,0.00,'[]',NULL,67,'NYX Beauty Couton Pallete Makeup 12','products/20-1.jpg',2205.00,0,'2023-01-04 01:10:59','2023-01-04 01:10:59','physical',0),(43,31,2,1183.00,0.00,'[]',NULL,42,'Xbox One Wireless Controller Black Color','products/11.jpg',1226.00,0,'2023-01-04 01:10:59','2023-01-04 01:10:59','physical',0),(44,32,1,773.00,0.00,'[]',NULL,70,'MVMTH Classical Leather Watch In Black (Digital)','products/21.jpg',563.00,0,'2023-01-04 01:10:59','2023-01-04 01:10:59','physical',0),(45,33,1,786.00,0.00,'[]',NULL,77,'Ciate Palemore Lipstick Bold Red Color','products/23.jpg',881.00,0,'2023-01-04 01:10:59','2023-01-04 01:10:59','physical',0),(46,33,1,786.00,0.00,'[]',NULL,79,'Ciate Palemore Lipstick Bold Red Color','products/23-2.jpg',881.00,0,'2023-01-04 01:10:59','2023-01-04 01:10:59','physical',0),(47,34,1,40.50,0.00,'[]',NULL,26,'Smart Watches','products/2.jpg',516.00,0,'2023-01-04 01:10:59','2023-01-04 01:10:59','physical',0),(48,35,2,1113.00,0.00,'[]',NULL,35,'Smart Televisions','products/8.jpg',1290.00,0,'2023-01-04 01:10:59','2023-01-04 01:10:59','physical',0),(49,35,1,1141.00,0.00,'[]',NULL,61,'Aveeno Moisturizing Body Shower 450ml','products/18.jpg',654.00,0,'2023-01-04 01:10:59','2023-01-04 01:10:59','physical',0),(50,36,3,1247.00,0.00,'[]',NULL,38,'Herschel Leather Duffle Bag In Brown Color','products/10.jpg',1590.00,0,'2023-01-04 01:10:59','2023-01-04 01:10:59','physical',0),(51,37,2,918.00,0.00,'[]',NULL,67,'NYX Beauty Couton Pallete Makeup 12','products/20-1.jpg',1470.00,0,'2023-01-04 01:10:59','2023-01-04 01:10:59','physical',0),(52,38,1,773.00,0.00,'[]',NULL,73,'MVMTH Classical Leather Watch In Black (Digital)','products/21.jpg',563.00,0,'2023-01-04 01:10:59','2023-01-04 01:10:59','physical',0),(53,39,1,560.00,0.00,'[]',NULL,37,'Samsung Smart Phone (Digital)','products/9.jpg',502.00,0,'2023-01-04 01:10:59','2023-01-04 01:10:59','physical',0),(54,40,2,918.00,0.00,'[]',NULL,69,'NYX Beauty Couton Pallete Makeup 12','products/20-3.jpg',1470.00,0,'2023-01-04 01:10:59','2023-01-04 01:10:59','physical',0),(55,41,1,416.00,0.00,'[]',NULL,75,'Baxter Care Hair Kit For Bearded Mens','products/22.jpg',688.00,0,'2023-01-04 01:10:59','2023-01-04 01:10:59','physical',0),(56,42,3,568.00,0.00,'[]',NULL,52,'B&amp;O Play Mini Bluetooth Speaker','products/14.jpg',1686.00,0,'2023-01-04 01:10:59','2023-01-04 01:10:59','physical',0),(57,42,1,773.00,0.00,'[]',NULL,70,'MVMTH Classical Leather Watch In Black (Digital)','products/21.jpg',563.00,0,'2023-01-04 01:10:59','2023-01-04 01:10:59','physical',0),(58,43,1,786.00,0.00,'[]',NULL,77,'Ciate Palemore Lipstick Bold Red Color','products/23.jpg',881.00,0,'2023-01-04 01:10:59','2023-01-04 01:10:59','physical',0),(59,44,3,20.00,0.00,'[]',NULL,28,'Beat Headphone','products/3.jpg',1638.00,0,'2023-01-04 01:10:59','2023-01-04 01:10:59','physical',0),(60,45,1,566.00,0.00,'[]',NULL,49,'Sound Intone I65 Earphone White Version (Digital)','products/13-1.jpg',605.00,0,'2023-01-04 01:10:59','2023-01-04 01:10:59','physical',0),(61,46,1,773.00,0.00,'[]',NULL,72,'MVMTH Classical Leather Watch In Black (Digital)','products/21-2.jpg',563.00,0,'2023-01-04 01:10:59','2023-01-04 01:10:59','physical',0),(62,47,2,1247.00,0.00,'[]',NULL,38,'Herschel Leather Duffle Bag In Brown Color','products/10.jpg',1060.00,0,'2023-01-04 01:10:59','2023-01-04 01:10:59','physical',0),(63,48,2,918.00,0.00,'[]',NULL,69,'NYX Beauty Couton Pallete Makeup 12','products/20-3.jpg',1470.00,0,'2023-01-04 01:10:59','2023-01-04 01:10:59','physical',0);
/*!40000 ALTER TABLE `ec_order_product` ENABLE KEYS */;
UNLOCK TABLES;

--
-- Table structure for table `ec_order_referrals`
--

DROP TABLE IF EXISTS `ec_order_referrals`;
/*!40101 SET @saved_cs_client     = @@character_set_client */;
/*!50503 SET character_set_client = utf8mb4 */;
CREATE TABLE `ec_order_referrals` (
  `id` bigint unsigned NOT NULL AUTO_INCREMENT,
  `ip` varchar(39) COLLATE utf8mb4_unicode_ci DEFAULT NULL,
  `landing_domain` varchar(255) COLLATE utf8mb4_unicode_ci DEFAULT NULL,
  `landing_page` varchar(255) COLLATE utf8mb4_unicode_ci DEFAULT NULL,
  `landing_params` varchar(255) COLLATE utf8mb4_unicode_ci DEFAULT NULL,
  `referral` varchar(255) COLLATE utf8mb4_unicode_ci DEFAULT NULL,
  `gclid` varchar(255) COLLATE utf8mb4_unicode_ci DEFAULT NULL,
  `fclid` varchar(255) COLLATE utf8mb4_unicode_ci DEFAULT NULL,
  `utm_source` varchar(255) COLLATE utf8mb4_unicode_ci DEFAULT NULL,
  `utm_campaign` varchar(255) COLLATE utf8mb4_unicode_ci DEFAULT NULL,
  `utm_medium` varchar(255) COLLATE utf8mb4_unicode_ci DEFAULT NULL,
  `utm_term` varchar(255) COLLATE utf8mb4_unicode_ci DEFAULT NULL,
  `utm_content` varchar(255) COLLATE utf8mb4_unicode_ci DEFAULT NULL,
  `referrer_url` text COLLATE utf8mb4_unicode_ci,
  `referrer_domain` varchar(255) COLLATE utf8mb4_unicode_ci DEFAULT NULL,
  `order_id` int DEFAULT NULL,
  `created_at` timestamp NULL DEFAULT NULL,
  `updated_at` timestamp NULL DEFAULT NULL,
  PRIMARY KEY (`id`),
  KEY `ec_order_referrals_order_id_index` (`order_id`)
) ENGINE=InnoDB DEFAULT CHARSET=utf8mb4 COLLATE=utf8mb4_unicode_ci;
/*!40101 SET character_set_client = @saved_cs_client */;

--
-- Dumping data for table `ec_order_referrals`
--

LOCK TABLES `ec_order_referrals` WRITE;
/*!40000 ALTER TABLE `ec_order_referrals` DISABLE KEYS */;
/*!40000 ALTER TABLE `ec_order_referrals` ENABLE KEYS */;
UNLOCK TABLES;

--
-- Table structure for table `ec_order_return_items`
--

DROP TABLE IF EXISTS `ec_order_return_items`;
/*!40101 SET @saved_cs_client     = @@character_set_client */;
/*!50503 SET character_set_client = utf8mb4 */;
CREATE TABLE `ec_order_return_items` (
  `id` bigint unsigned NOT NULL AUTO_INCREMENT,
  `order_return_id` int unsigned NOT NULL COMMENT 'Order return id',
  `order_product_id` int unsigned NOT NULL COMMENT 'Order product id',
  `product_id` int unsigned NOT NULL COMMENT 'Product id',
  `product_name` varchar(191) COLLATE utf8mb4_unicode_ci NOT NULL,
  `product_image` varchar(191) COLLATE utf8mb4_unicode_ci DEFAULT NULL,
  `qty` int NOT NULL COMMENT 'Quantity return',
  `price` decimal(15,2) NOT NULL COMMENT 'Price Product',
  `reason` text COLLATE utf8mb4_unicode_ci,
  `created_at` timestamp NULL DEFAULT NULL,
  `updated_at` timestamp NULL DEFAULT NULL,
  PRIMARY KEY (`id`)
) ENGINE=InnoDB DEFAULT CHARSET=utf8mb4 COLLATE=utf8mb4_unicode_ci;
/*!40101 SET character_set_client = @saved_cs_client */;

--
-- Dumping data for table `ec_order_return_items`
--

LOCK TABLES `ec_order_return_items` WRITE;
/*!40000 ALTER TABLE `ec_order_return_items` DISABLE KEYS */;
/*!40000 ALTER TABLE `ec_order_return_items` ENABLE KEYS */;
UNLOCK TABLES;

--
-- Table structure for table `ec_order_returns`
--

DROP TABLE IF EXISTS `ec_order_returns`;
/*!40101 SET @saved_cs_client     = @@character_set_client */;
/*!50503 SET character_set_client = utf8mb4 */;
CREATE TABLE `ec_order_returns` (
  `id` bigint unsigned NOT NULL AUTO_INCREMENT,
  `code` varchar(191) COLLATE utf8mb4_unicode_ci DEFAULT NULL,
  `order_id` int unsigned NOT NULL COMMENT 'Order ID',
  `store_id` int unsigned DEFAULT NULL COMMENT 'Store ID',
  `user_id` int unsigned NOT NULL COMMENT 'Customer ID',
  `reason` text COLLATE utf8mb4_unicode_ci COMMENT 'Reason return order',
  `order_status` varchar(191) COLLATE utf8mb4_unicode_ci DEFAULT NULL COMMENT 'Order current status',
  `return_status` varchar(191) COLLATE utf8mb4_unicode_ci NOT NULL COMMENT 'Return status',
  `created_at` timestamp NULL DEFAULT NULL,
  `updated_at` timestamp NULL DEFAULT NULL,
  PRIMARY KEY (`id`),
  UNIQUE KEY `ec_order_returns_code_unique` (`code`)
) ENGINE=InnoDB DEFAULT CHARSET=utf8mb4 COLLATE=utf8mb4_unicode_ci;
/*!40101 SET character_set_client = @saved_cs_client */;

--
-- Dumping data for table `ec_order_returns`
--

LOCK TABLES `ec_order_returns` WRITE;
/*!40000 ALTER TABLE `ec_order_returns` DISABLE KEYS */;
/*!40000 ALTER TABLE `ec_order_returns` ENABLE KEYS */;
UNLOCK TABLES;

--
-- Table structure for table `ec_orders`
--

DROP TABLE IF EXISTS `ec_orders`;
/*!40101 SET @saved_cs_client     = @@character_set_client */;
/*!50503 SET character_set_client = utf8mb4 */;
CREATE TABLE `ec_orders` (
  `id` bigint unsigned NOT NULL AUTO_INCREMENT,
  `code` varchar(191) COLLATE utf8mb4_unicode_ci DEFAULT NULL,
  `user_id` int unsigned NOT NULL,
  `shipping_option` varchar(60) COLLATE utf8mb4_unicode_ci DEFAULT NULL,
  `shipping_method` varchar(60) COLLATE utf8mb4_unicode_ci NOT NULL DEFAULT 'default',
  `status` varchar(120) COLLATE utf8mb4_unicode_ci NOT NULL DEFAULT 'pending',
  `amount` decimal(15,2) NOT NULL,
  `tax_amount` decimal(15,2) DEFAULT NULL,
  `shipping_amount` decimal(15,2) DEFAULT NULL,
  `description` text COLLATE utf8mb4_unicode_ci,
  `coupon_code` varchar(120) COLLATE utf8mb4_unicode_ci DEFAULT NULL,
  `discount_amount` decimal(15,2) DEFAULT NULL,
  `sub_total` decimal(15,2) NOT NULL,
  `is_confirmed` tinyint(1) NOT NULL DEFAULT '0',
  `discount_description` varchar(255) COLLATE utf8mb4_unicode_ci DEFAULT NULL,
  `is_finished` tinyint(1) DEFAULT '0',
  `completed_at` timestamp NULL DEFAULT NULL,
  `token` varchar(120) COLLATE utf8mb4_unicode_ci DEFAULT NULL,
  `payment_id` int unsigned DEFAULT NULL,
  `created_at` timestamp NULL DEFAULT NULL,
  `updated_at` timestamp NULL DEFAULT NULL,
  `store_id` int unsigned DEFAULT NULL,
  PRIMARY KEY (`id`),
  UNIQUE KEY `ec_orders_code_unique` (`code`),
  KEY `ec_orders_user_id_status_created_at_index` (`user_id`,`status`,`created_at`)
) ENGINE=InnoDB AUTO_INCREMENT=49 DEFAULT CHARSET=utf8mb4 COLLATE=utf8mb4_unicode_ci;
/*!40101 SET character_set_client = @saved_cs_client */;

--
-- Dumping data for table `ec_orders`
--

LOCK TABLES `ec_orders` WRITE;
/*!40000 ALTER TABLE `ec_orders` DISABLE KEYS */;
INSERT INTO `ec_orders` VALUES (1,'#10000001',4,'1','default','completed',6484.00,0.00,0.00,NULL,NULL,0.00,6484.00,1,NULL,1,'2023-01-04 01:10:59','cuxAzYsZyLge36GBHLSNPcy3X33GD',1,'2022-12-30 01:10:58','2023-01-04 01:10:59',3),(2,'#10000002',10,'1','default','completed',121.50,0.00,0.00,NULL,NULL,0.00,121.50,1,NULL,1,'2023-01-04 01:10:58','BQixUJ6AncrkeuesJqxnTKTDkSQLx',2,'2022-12-20 19:10:58','2023-01-04 01:10:58',4),(3,'#10000003',10,'1','default','pending',1599.00,0.00,0.00,NULL,NULL,0.00,1599.00,1,NULL,1,NULL,'bL8uqXugELmE2WlgduKjI2SMeyUI2',3,'2022-12-31 21:10:58','2023-01-04 01:10:58',2),(4,'#10000004',9,'1','default','completed',5622.00,0.00,0.00,NULL,NULL,0.00,5622.00,1,NULL,1,'2023-01-04 01:10:59','ikhsBQbJHrNTV5ITgjye6xGLWwGhK',4,'2023-01-01 01:10:58','2023-01-04 01:10:59',2),(5,'#10000005',9,'1','default','completed',2282.00,0.00,0.00,NULL,NULL,0.00,2282.00,1,NULL,1,'2023-01-04 01:10:58','F5ibuFMgzfqsNsDL18HHqjuNPvr2j',5,'2023-01-02 13:10:58','2023-01-04 01:10:58',1),(6,'#10000006',10,'1','default','pending',1036.00,0.00,0.00,NULL,NULL,0.00,1036.00,1,NULL,1,NULL,'1PZGOdVdEjPGfItOHM01y3Qif9dq6',6,'2022-12-30 19:10:58','2023-01-04 01:10:58',3),(7,'#10000007',10,'1','default','pending',1082.00,0.00,0.00,NULL,NULL,0.00,1082.00,1,NULL,1,NULL,'WQaeJDb390lwQL9UgfQfvP2HEWvef',7,'2022-12-27 23:10:58','2023-01-04 01:10:58',1),(8,'#10000008',10,'1','default','completed',2766.00,0.00,0.00,NULL,NULL,0.00,2766.00,1,NULL,1,'2023-01-04 01:10:59','O2iImPq5O4WZvMccparzqMeUrpov4',8,'2022-12-22 07:10:58','2023-01-04 01:10:59',4),(9,'#10000009',10,'1','default','completed',416.00,0.00,0.00,NULL,NULL,0.00,416.00,1,NULL,1,'2023-01-04 01:10:59','GTvloy5oFgjukqMB0rmIeP7uHMLzn',9,'2023-01-01 05:10:58','2023-01-04 01:10:59',2),(10,'#10000010',1,'1','default','pending',3918.00,0.00,0.00,NULL,NULL,0.00,3918.00,1,NULL,1,NULL,'s7ch89l71USJuPE62U9jyK8ZurO2D',10,'2022-12-28 09:10:58','2023-01-04 01:10:58',2),(11,'#10000011',1,'1','default','pending',1036.00,0.00,0.00,NULL,NULL,0.00,1036.00,1,NULL,1,NULL,'nQiXRcxEAEjctHp1bWLsLU6WR3tCq',11,'2022-12-31 01:10:58','2023-01-04 01:10:59',3),(12,'#10000012',6,'1','default','pending',1247.00,0.00,0.00,NULL,NULL,0.00,1247.00,1,NULL,1,NULL,'OftpZcKCASsr0CVCyvSG0LsEMbONm',12,'2022-12-30 01:10:59','2023-01-04 01:10:59',3),(13,'#10000013',6,'1','default','completed',1546.00,0.00,0.00,NULL,NULL,0.00,1546.00,1,NULL,1,'2023-01-04 01:11:00','UsOpqfvqSdbRRdbRyis39IsTx4i0l',13,'2022-12-31 07:10:59','2023-01-04 01:11:00',2),(14,'#10000014',6,'1','default','pending',3549.00,0.00,0.00,NULL,NULL,0.00,3549.00,1,NULL,1,NULL,'Ksn6nOrHjLgNX1nBIgLVnHTS0edVR',14,'2022-12-28 01:10:59','2023-01-04 01:10:59',3),(15,'#10000015',6,'1','default','completed',1066.00,0.00,0.00,NULL,NULL,0.00,1066.00,1,NULL,1,'2023-01-04 01:11:00','5Ls9HLlPjFp937pDkLxRbol6IBaI0',15,'2023-01-02 21:10:59','2023-01-04 01:11:00',2),(16,'#10000016',6,'1','default','pending',3423.00,0.00,0.00,NULL,NULL,0.00,3423.00,1,NULL,1,NULL,'AUTogoajcIGKHTMCoUH8I4NxIftzE',16,'2022-12-26 21:10:59','2023-01-04 01:10:59',1),(17,'#10000017',9,'1','default','pending',2352.00,0.00,0.00,NULL,NULL,0.00,2352.00,1,NULL,1,NULL,'u6ik0pPq1vCxBtrKCzqbrZScJOhI0',17,'2022-12-28 13:10:59','2023-01-04 01:10:59',4),(18,'#10000018',9,'1','default','pending',2421.00,0.00,0.00,NULL,NULL,0.00,2421.00,1,NULL,1,NULL,'JyHZpDu04Eo8Mbuq3bQ55q4aqYFXd',18,'2022-12-24 05:10:59','2023-01-04 01:10:59',3),(19,'#10000019',6,'1','default','completed',5774.00,0.00,0.00,NULL,NULL,0.00,5774.00,1,NULL,1,'2023-01-04 01:11:00','nFshkhAmVh45WGGrw39WCsWt3BBea',19,'2022-12-27 01:10:59','2023-01-04 01:11:00',4),(20,'#10000020',6,'1','default','completed',2319.00,0.00,0.00,NULL,NULL,0.00,2319.00,1,NULL,1,'2023-01-04 01:11:00','WVeMm3MLUFZrrvDtzrFPhKtH7XKFj',20,'2022-12-26 01:10:59','2023-01-04 01:11:00',2),(21,'#10000021',6,'1','default','pending',40.50,0.00,0.00,NULL,NULL,0.00,40.50,1,NULL,1,NULL,'SX4lbL9krTLoKfEILueefWEhtbAFb',21,'2023-01-01 07:10:59','2023-01-04 01:10:59',4),(22,'#10000022',6,'1','default','completed',2226.00,0.00,0.00,NULL,NULL,0.00,2226.00,1,NULL,1,'2023-01-04 01:11:00','hpHgS1hkiUV6OVbYkkHwAZ7lEpnFJ',22,'2022-12-26 19:10:59','2023-01-04 01:11:00',1),(23,'#10000023',10,'1','default','pending',2494.00,0.00,0.00,NULL,NULL,0.00,2494.00,1,NULL,1,NULL,'LWapwufEbywYeXFdEn0EUwePbRkse',23,'2023-01-02 09:10:59','2023-01-04 01:10:59',3),(24,'#10000024',10,'1','default','completed',566.00,0.00,0.00,NULL,NULL,0.00,566.00,1,NULL,1,'2023-01-04 01:11:00','W9ILurySm0K1qEu7n7PWqG1XIwM5u',24,'2022-12-30 01:10:59','2023-01-04 01:11:00',4),(25,'#10000025',10,'1','default','completed',3865.00,0.00,0.00,NULL,NULL,0.00,3865.00,1,NULL,1,'2023-01-04 01:10:59','vugqbf2XtR3NOsUInrfvUrdXzYvP1',25,'2022-12-30 21:10:59','2023-01-04 01:10:59',2),(26,'#10000026',9,'1','default','pending',2372.00,0.00,0.00,NULL,NULL,0.00,2372.00,1,NULL,1,NULL,'NB1nnUgzhBSWEQM6ahyuK0QjAv3n9',26,'2023-01-01 19:10:59','2023-01-04 01:10:59',2),(27,'#10000027',9,'1','default','pending',2282.00,0.00,0.00,NULL,NULL,0.00,2282.00,1,NULL,1,NULL,'puJvVhZWXmCwLdGWk0NvlvD5kdFFk',27,'2023-01-01 19:10:59','2023-01-04 01:10:59',1),(28,'#10000028',1,'1','default','pending',3741.00,0.00,0.00,NULL,NULL,0.00,3741.00,1,NULL,1,NULL,'QEqxhw3VMaobqjFJEkcJBjNVJMvpO',28,'2022-12-31 17:10:59','2023-01-04 01:10:59',3),(29,'#10000029',1,'1','default','completed',2665.00,0.00,0.00,NULL,NULL,0.00,2665.00,1,NULL,1,'2023-01-04 01:11:00','o7e4hUx5V3FTb9YdEmP62uTPGHYQQ',29,'2022-12-31 01:10:59','2023-01-04 01:11:00',2),(30,'#10000030',1,'1','default','pending',2754.00,0.00,0.00,NULL,NULL,0.00,2754.00,1,NULL,1,NULL,'keRYsZA0LkfiGOc1KHyCcXULNDWIE',30,'2023-01-03 09:10:59','2023-01-04 01:10:59',4),(31,'#10000031',4,'1','default','pending',2366.00,0.00,0.00,NULL,NULL,0.00,2366.00,1,NULL,1,NULL,'m1Jp38utDJNLwDn0QyriEXoCGoGTC',31,'2023-01-01 03:10:59','2023-01-04 01:10:59',3),(32,'#10000032',4,'1','default','pending',773.00,0.00,0.00,NULL,NULL,0.00,773.00,1,NULL,1,NULL,'ws6je5ZwzBrznwMwKTAxCjGjTRsnC',32,'2023-01-01 03:10:59','2023-01-04 01:10:59',2),(33,'#10000033',4,'1','default','pending',1572.00,0.00,0.00,NULL,NULL,0.00,1572.00,1,NULL,1,NULL,'9EooL1HDZFulXRh49KgUELFnGEvOM',33,'2023-01-02 21:10:59','2023-01-04 01:10:59',4),(34,'#10000034',10,'1','default','completed',40.50,0.00,0.00,NULL,NULL,0.00,40.50,1,NULL,1,'2023-01-04 01:11:00','nO9ulUNJeVjff4L8LClQFYELRA2p9',34,'2023-01-03 13:10:59','2023-01-04 01:11:00',4),(35,'#10000035',10,'1','default','completed',3367.00,0.00,0.00,NULL,NULL,0.00,3367.00,1,NULL,1,'2023-01-04 01:11:01','ej34x1evybqYrkPSjrqdUvnzyaDMr',35,'2022-12-30 13:10:59','2023-01-04 01:11:01',1),(36,'#10000036',10,'1','default','completed',3741.00,0.00,0.00,NULL,NULL,0.00,3741.00,1,NULL,1,'2023-01-04 01:11:01','arKRANA8waCjkYv2cEsVQnvspjn4G',36,'2023-01-02 01:10:59','2023-01-04 01:11:01',3),(37,'#10000037',9,'1','default','completed',1836.00,0.00,0.00,NULL,NULL,0.00,1836.00,1,NULL,1,'2023-01-04 01:10:59','kssZbEBojOH38ienDM8uN28Wqk0E7',37,'2022-12-31 17:10:59','2023-01-04 01:10:59',4),(38,'#10000038',9,'1','default','pending',773.00,0.00,0.00,NULL,NULL,0.00,773.00,1,NULL,1,NULL,'i9djO14sEiFTiTZm7tyLL1vFuId6u',38,'2023-01-01 13:10:59','2023-01-04 01:10:59',2),(39,'#10000039',9,'1','default','pending',560.00,0.00,0.00,NULL,NULL,0.00,560.00,1,NULL,1,NULL,'Ip3NqpQu1iNNa8jtn1ODKFmmRgv0o',39,'2023-01-02 17:10:59','2023-01-04 01:10:59',3),(40,'#10000040',9,'1','default','completed',1836.00,0.00,0.00,NULL,NULL,0.00,1836.00,1,NULL,1,'2023-01-04 01:11:01','7hc7fBZ82S7nXDsbH6umOZaSQZZJz',40,'2023-01-02 09:10:59','2023-01-04 01:11:01',4),(41,'#10000041',9,'1','default','completed',416.00,0.00,0.00,NULL,NULL,0.00,416.00,1,NULL,1,'2023-01-04 01:10:59','jNll2by8BKku4S91qe07IYHKCC8GI',41,'2023-01-02 17:10:59','2023-01-04 01:10:59',2),(42,'#10000042',9,'1','default','completed',2477.00,0.00,0.00,NULL,NULL,0.00,2477.00,1,NULL,1,'2023-01-04 01:11:01','D0QB1T0DM8UEnIQ71mA6tR6FMcsBd',42,'2023-01-03 13:10:59','2023-01-04 01:11:01',2),(43,'#10000043',9,'1','default','pending',786.00,0.00,0.00,NULL,NULL,0.00,786.00,1,NULL,1,NULL,'eXrNtdVLk8aK2lIm2UUouxaCpQBM1',43,'2023-01-02 13:10:59','2023-01-04 01:10:59',4),(44,'#10000044',6,'1','default','completed',60.00,0.00,0.00,NULL,NULL,0.00,60.00,1,NULL,1,'2023-01-04 01:10:59','YmXCvHo29I7d900VaZh3sktOiGXDM',44,'2023-01-02 09:10:59','2023-01-04 01:10:59',3),(45,'#10000045',6,'1','default','completed',566.00,0.00,0.00,NULL,NULL,0.00,566.00,1,NULL,1,'2023-01-04 01:10:59','EaeXLnITh07zBjUWNr2UfbFRE0lJW',45,'2023-01-02 17:10:59','2023-01-04 01:10:59',4),(46,'#10000046',6,'1','default','completed',773.00,0.00,0.00,NULL,NULL,0.00,773.00,1,NULL,1,'2023-01-04 01:10:59','KgWxd3AiteofLk6hQAL5pHZTrylam',46,'2023-01-03 17:10:59','2023-01-04 01:10:59',2),(47,'#10000047',9,'1','default','pending',2494.00,0.00,0.00,NULL,NULL,0.00,2494.00,1,NULL,1,NULL,'m4C3YIzrsJRavbb4I8pvaYo2MBzER',47,'2023-01-03 05:10:59','2023-01-04 01:10:59',3),(48,'#10000048',9,'1','default','completed',1836.00,0.00,0.00,NULL,NULL,0.00,1836.00,1,NULL,1,'2023-01-04 01:11:01','PSNo07AyQM6aBpYAhrEAUaQSYJjS5',48,'2023-01-03 17:10:59','2023-01-04 01:11:01',4);
/*!40000 ALTER TABLE `ec_orders` ENABLE KEYS */;
UNLOCK TABLES;

--
-- Table structure for table `ec_product_attribute_sets`
--

DROP TABLE IF EXISTS `ec_product_attribute_sets`;
/*!40101 SET @saved_cs_client     = @@character_set_client */;
/*!50503 SET character_set_client = utf8mb4 */;
CREATE TABLE `ec_product_attribute_sets` (
  `id` bigint unsigned NOT NULL AUTO_INCREMENT,
  `title` varchar(120) COLLATE utf8mb4_unicode_ci NOT NULL,
  `slug` varchar(120) COLLATE utf8mb4_unicode_ci DEFAULT NULL,
  `display_layout` varchar(191) COLLATE utf8mb4_unicode_ci NOT NULL DEFAULT 'swatch_dropdown',
  `is_searchable` tinyint unsigned NOT NULL DEFAULT '1',
  `is_comparable` tinyint unsigned NOT NULL DEFAULT '1',
  `is_use_in_product_listing` tinyint unsigned NOT NULL DEFAULT '0',
  `status` varchar(60) COLLATE utf8mb4_unicode_ci NOT NULL DEFAULT 'published',
  `order` tinyint unsigned NOT NULL DEFAULT '0',
  `created_at` timestamp NULL DEFAULT NULL,
  `updated_at` timestamp NULL DEFAULT NULL,
  `use_image_from_product_variation` tinyint unsigned NOT NULL DEFAULT '0',
  PRIMARY KEY (`id`)
) ENGINE=InnoDB AUTO_INCREMENT=3 DEFAULT CHARSET=utf8mb4 COLLATE=utf8mb4_unicode_ci;
/*!40101 SET character_set_client = @saved_cs_client */;

--
-- Dumping data for table `ec_product_attribute_sets`
--

LOCK TABLES `ec_product_attribute_sets` WRITE;
/*!40000 ALTER TABLE `ec_product_attribute_sets` DISABLE KEYS */;
INSERT INTO `ec_product_attribute_sets` VALUES (1,'Color','color','visual',1,1,1,'published',0,'2023-01-04 01:10:54','2023-01-04 01:10:54',0),(2,'Size','size','text',1,1,1,'published',1,'2023-01-04 01:10:54','2023-01-04 01:10:54',0);
/*!40000 ALTER TABLE `ec_product_attribute_sets` ENABLE KEYS */;
UNLOCK TABLES;

--
-- Table structure for table `ec_product_attribute_sets_translations`
--

DROP TABLE IF EXISTS `ec_product_attribute_sets_translations`;
/*!40101 SET @saved_cs_client     = @@character_set_client */;
/*!50503 SET character_set_client = utf8mb4 */;
CREATE TABLE `ec_product_attribute_sets_translations` (
  `lang_code` varchar(191) COLLATE utf8mb4_unicode_ci NOT NULL,
  `ec_product_attribute_sets_id` int NOT NULL,
  `title` varchar(191) COLLATE utf8mb4_unicode_ci DEFAULT NULL,
  PRIMARY KEY (`lang_code`,`ec_product_attribute_sets_id`)
) ENGINE=InnoDB DEFAULT CHARSET=utf8mb4 COLLATE=utf8mb4_unicode_ci;
/*!40101 SET character_set_client = @saved_cs_client */;

--
-- Dumping data for table `ec_product_attribute_sets_translations`
--

LOCK TABLES `ec_product_attribute_sets_translations` WRITE;
/*!40000 ALTER TABLE `ec_product_attribute_sets_translations` DISABLE KEYS */;
INSERT INTO `ec_product_attribute_sets_translations` VALUES ('vi',1,'Màu s?c'),('vi',2,'K?ch th??c');
/*!40000 ALTER TABLE `ec_product_attribute_sets_translations` ENABLE KEYS */;
UNLOCK TABLES;

--
-- Table structure for table `ec_product_attributes`
--

DROP TABLE IF EXISTS `ec_product_attributes`;
/*!40101 SET @saved_cs_client     = @@character_set_client */;
/*!50503 SET character_set_client = utf8mb4 */;
CREATE TABLE `ec_product_attributes` (
  `id` bigint unsigned NOT NULL AUTO_INCREMENT,
  `attribute_set_id` int unsigned NOT NULL,
  `title` varchar(120) COLLATE utf8mb4_unicode_ci NOT NULL,
  `slug` varchar(120) COLLATE utf8mb4_unicode_ci DEFAULT NULL,
  `color` varchar(50) COLLATE utf8mb4_unicode_ci DEFAULT NULL,
  `image` varchar(191) COLLATE utf8mb4_unicode_ci DEFAULT NULL,
  `is_default` tinyint unsigned NOT NULL DEFAULT '0',
  `order` tinyint unsigned NOT NULL DEFAULT '0',
  `status` varchar(60) COLLATE utf8mb4_unicode_ci NOT NULL DEFAULT 'published',
  `created_at` timestamp NULL DEFAULT NULL,
  `updated_at` timestamp NULL DEFAULT NULL,
  PRIMARY KEY (`id`),
  KEY `ec_product_attributes_attribute_set_id_status_index` (`attribute_set_id`,`status`)
) ENGINE=InnoDB AUTO_INCREMENT=11 DEFAULT CHARSET=utf8mb4 COLLATE=utf8mb4_unicode_ci;
/*!40101 SET character_set_client = @saved_cs_client */;

--
-- Dumping data for table `ec_product_attributes`
--

LOCK TABLES `ec_product_attributes` WRITE;
/*!40000 ALTER TABLE `ec_product_attributes` DISABLE KEYS */;
INSERT INTO `ec_product_attributes` VALUES (1,1,'Green','green','#5FB7D4',NULL,1,1,'published','2023-01-04 01:10:54','2023-01-04 01:10:54'),(2,1,'Blue','blue','#333333',NULL,0,2,'published','2023-01-04 01:10:54','2023-01-04 01:10:54'),(3,1,'Red','red','#DA323F',NULL,0,3,'published','2023-01-04 01:10:54','2023-01-04 01:10:54'),(4,1,'Black','back','#2F366C',NULL,0,4,'published','2023-01-04 01:10:54','2023-01-04 01:10:54'),(5,1,'Brown','brown','#87554B',NULL,0,5,'published','2023-01-04 01:10:54','2023-01-04 01:10:54'),(6,2,'S','s',NULL,NULL,1,1,'published','2023-01-04 01:10:54','2023-01-04 01:10:54'),(7,2,'M','m',NULL,NULL,0,2,'published','2023-01-04 01:10:54','2023-01-04 01:10:54'),(8,2,'L','l',NULL,NULL,0,3,'published','2023-01-04 01:10:54','2023-01-04 01:10:54'),(9,2,'XL','xl',NULL,NULL,0,4,'published','2023-01-04 01:10:54','2023-01-04 01:10:54'),(10,2,'XXL','xxl',NULL,NULL,0,5,'published','2023-01-04 01:10:54','2023-01-04 01:10:54');
/*!40000 ALTER TABLE `ec_product_attributes` ENABLE KEYS */;
UNLOCK TABLES;

--
-- Table structure for table `ec_product_attributes_translations`
--

DROP TABLE IF EXISTS `ec_product_attributes_translations`;
/*!40101 SET @saved_cs_client     = @@character_set_client */;
/*!50503 SET character_set_client = utf8mb4 */;
CREATE TABLE `ec_product_attributes_translations` (
  `lang_code` varchar(191) COLLATE utf8mb4_unicode_ci NOT NULL,
  `ec_product_attributes_id` int NOT NULL,
  `title` varchar(191) COLLATE utf8mb4_unicode_ci DEFAULT NULL,
  PRIMARY KEY (`lang_code`,`ec_product_attributes_id`)
) ENGINE=InnoDB DEFAULT CHARSET=utf8mb4 COLLATE=utf8mb4_unicode_ci;
/*!40101 SET character_set_client = @saved_cs_client */;

--
-- Dumping data for table `ec_product_attributes_translations`
--

LOCK TABLES `ec_product_attributes_translations` WRITE;
/*!40000 ALTER TABLE `ec_product_attributes_translations` DISABLE KEYS */;
INSERT INTO `ec_product_attributes_translations` VALUES ('vi',1,'Xanh l? cây'),('vi',2,'Xanh da tr?i'),('vi',3,'??'),('vi',4,'?en'),('vi',5,'Nâu'),('vi',6,'S'),('vi',7,'M'),('vi',8,'L'),('vi',9,'XL'),('vi',10,'XXL');
/*!40000 ALTER TABLE `ec_product_attributes_translations` ENABLE KEYS */;
UNLOCK TABLES;

--
-- Table structure for table `ec_product_categories`
--

DROP TABLE IF EXISTS `ec_product_categories`;
/*!40101 SET @saved_cs_client     = @@character_set_client */;
/*!50503 SET character_set_client = utf8mb4 */;
CREATE TABLE `ec_product_categories` (
  `id` bigint unsigned NOT NULL AUTO_INCREMENT,
  `name` varchar(191) COLLATE utf8mb4_unicode_ci NOT NULL,
  `parent_id` int unsigned NOT NULL DEFAULT '0',
  `description` mediumtext COLLATE utf8mb4_unicode_ci,
  `status` varchar(60) COLLATE utf8mb4_unicode_ci NOT NULL DEFAULT 'published',
  `order` int unsigned NOT NULL DEFAULT '0',
  `image` varchar(255) COLLATE utf8mb4_unicode_ci DEFAULT NULL,
  `is_featured` tinyint unsigned NOT NULL DEFAULT '0',
  `created_at` timestamp NULL DEFAULT NULL,
  `updated_at` timestamp NULL DEFAULT NULL,
  PRIMARY KEY (`id`),
  KEY `ec_product_categories_parent_id_status_created_at_index` (`parent_id`,`status`,`created_at`),
  KEY `ec_product_categories_parent_id_status_index` (`parent_id`,`status`)
) ENGINE=InnoDB AUTO_INCREMENT=38 DEFAULT CHARSET=utf8mb4 COLLATE=utf8mb4_unicode_ci;
/*!40101 SET character_set_client = @saved_cs_client */;

--
-- Dumping data for table `ec_product_categories`
--

LOCK TABLES `ec_product_categories` WRITE;
/*!40000 ALTER TABLE `ec_product_categories` DISABLE KEYS */;
INSERT INTO `ec_product_categories` VALUES (1,'Hot Promotions',0,NULL,'published',0,NULL,0,'2023-01-04 01:10:49','2023-01-04 01:10:49'),(2,'Electronics',0,NULL,'published',1,'product-categories/1.jpg',1,'2023-01-04 01:10:49','2023-01-04 01:10:49'),(3,'Consumer Electronic',2,NULL,'published',0,NULL,0,'2023-01-04 01:10:49','2023-01-04 01:10:49'),(4,'Home Audio &amp; Theaters',3,NULL,'published',0,NULL,0,'2023-01-04 01:10:49','2023-01-04 01:10:49'),(5,'TV &amp; Videos',3,NULL,'published',1,NULL,0,'2023-01-04 01:10:49','2023-01-04 01:10:49'),(6,'Camera, Photos &amp; Videos',3,NULL,'published',2,NULL,0,'2023-01-04 01:10:49','2023-01-04 01:10:49'),(7,'Cellphones &amp; Accessories',3,NULL,'published',3,NULL,0,'2023-01-04 01:10:49','2023-01-04 01:10:49'),(8,'Headphones',3,NULL,'published',4,NULL,0,'2023-01-04 01:10:49','2023-01-04 01:10:49'),(9,'Videos games',3,NULL,'published',5,NULL,0,'2023-01-04 01:10:49','2023-01-04 01:10:49'),(10,'Wireless Speakers',3,NULL,'published',6,NULL,0,'2023-01-04 01:10:49','2023-01-04 01:10:49'),(11,'Office Electronic',3,NULL,'published',7,NULL,0,'2023-01-04 01:10:49','2023-01-04 01:10:49'),(12,'Accessories &amp; Parts',2,NULL,'published',1,NULL,0,'2023-01-04 01:10:49','2023-01-04 01:10:49'),(13,'Digital Cables',12,NULL,'published',0,NULL,0,'2023-01-04 01:10:49','2023-01-04 01:10:49'),(14,'Audio &amp; Video Cables',12,NULL,'published',1,NULL,0,'2023-01-04 01:10:49','2023-01-04 01:10:49'),(15,'Batteries',12,NULL,'published',2,NULL,0,'2023-01-04 01:10:49','2023-01-04 01:10:49'),(16,'Clothing',0,NULL,'published',2,'product-categories/2.jpg',1,'2023-01-04 01:10:49','2023-01-04 01:10:49'),(17,'Computers',0,NULL,'published',3,'product-categories/3.jpg',1,'2023-01-04 01:10:49','2023-01-04 01:10:49'),(18,'Computer &amp; Technologies',17,NULL,'published',0,NULL,0,'2023-01-04 01:10:49','2023-01-04 01:10:49'),(19,'Computer &amp; Tablets',18,NULL,'published',0,NULL,0,'2023-01-04 01:10:49','2023-01-04 01:10:49'),(20,'Laptop',18,NULL,'published',1,NULL,0,'2023-01-04 01:10:49','2023-01-04 01:10:49'),(21,'Monitors',18,NULL,'published',2,NULL,0,'2023-01-04 01:10:49','2023-01-04 01:10:49'),(22,'Computer Components',18,NULL,'published',3,NULL,0,'2023-01-04 01:10:49','2023-01-04 01:10:49'),(23,'Networking',17,NULL,'published',1,NULL,0,'2023-01-04 01:10:49','2023-01-04 01:10:49'),(24,'Drive &amp; Storages',23,NULL,'published',0,NULL,0,'2023-01-04 01:10:49','2023-01-04 01:10:49'),(25,'Gaming Laptop',23,NULL,'published',1,NULL,0,'2023-01-04 01:10:49','2023-01-04 01:10:49'),(26,'Security &amp; Protection',23,NULL,'published',2,NULL,0,'2023-01-04 01:10:49','2023-01-04 01:10:49'),(27,'Accessories',23,NULL,'published',3,NULL,0,'2023-01-04 01:10:49','2023-01-04 01:10:49'),(28,'Home &amp; Kitchen',0,NULL,'published',4,'product-categories/4.jpg',1,'2023-01-04 01:10:49','2023-01-04 01:10:49'),(29,'Health &amp; Beauty',0,NULL,'published',5,'product-categories/5.jpg',1,'2023-01-04 01:10:49','2023-01-04 01:10:49'),(30,'Jewelry &amp; Watch',0,NULL,'published',6,'product-categories/6.jpg',1,'2023-01-04 01:10:49','2023-01-04 01:10:49'),(31,'Technology Toys',0,NULL,'published',7,'product-categories/7.jpg',1,'2023-01-04 01:10:49','2023-01-04 01:10:49'),(32,'Phones',0,NULL,'published',8,'product-categories/8.jpg',1,'2023-01-04 01:10:49','2023-01-04 01:10:49'),(33,'Babies &amp; Moms',0,NULL,'published',9,NULL,0,'2023-01-04 01:10:49','2023-01-04 01:10:49'),(34,'Sport &amp; Outdoor',0,NULL,'published',10,NULL,0,'2023-01-04 01:10:49','2023-01-04 01:10:49'),(35,'Books &amp; Office',0,NULL,'published',11,NULL,0,'2023-01-04 01:10:49','2023-01-04 01:10:49'),(36,'Cars &amp; Motorcycles',0,NULL,'published',12,NULL,0,'2023-01-04 01:10:49','2023-01-04 01:10:49'),(37,'Home Improvements',0,NULL,'published',13,NULL,0,'2023-01-04 01:10:49','2023-01-04 01:10:49');
/*!40000 ALTER TABLE `ec_product_categories` ENABLE KEYS */;
UNLOCK TABLES;

--
-- Table structure for table `ec_product_categories_translations`
--

DROP TABLE IF EXISTS `ec_product_categories_translations`;
/*!40101 SET @saved_cs_client     = @@character_set_client */;
/*!50503 SET character_set_client = utf8mb4 */;
CREATE TABLE `ec_product_categories_translations` (
  `lang_code` varchar(191) COLLATE utf8mb4_unicode_ci NOT NULL,
  `ec_product_categories_id` int NOT NULL,
  `name` varchar(191) COLLATE utf8mb4_unicode_ci DEFAULT NULL,
  `description` text COLLATE utf8mb4_unicode_ci,
  PRIMARY KEY (`lang_code`,`ec_product_categories_id`)
) ENGINE=InnoDB DEFAULT CHARSET=utf8mb4 COLLATE=utf8mb4_unicode_ci;
/*!40101 SET character_set_client = @saved_cs_client */;

--
-- Dumping data for table `ec_product_categories_translations`
--

LOCK TABLES `ec_product_categories_translations` WRITE;
/*!40000 ALTER TABLE `ec_product_categories_translations` DISABLE KEYS */;
INSERT INTO `ec_product_categories_translations` VALUES ('vi',1,'Khuy?n m?i h?p d?n',NULL),('vi',2,'?i?n t?',NULL),('vi',3,'?i?n t? tiêu dùng',NULL),('vi',4,'Thi?t b? nghe nh?n',NULL),('vi',5,'TV & Videos',NULL),('vi',6,'Camera, Photos & Videos',NULL),('vi',7,'?i?n tho?i di ??ng & Ph? ki?n',NULL),('vi',8,'Tai nghe',NULL),('vi',9,'Tr? ch?i video',NULL),('vi',10,'Loa không dây',NULL),('vi',11,'?i?n t? v?n ph?ng',NULL),('vi',12,'Ph? ki?n & Ph? tùng',NULL),('vi',13,'Digital Cables',NULL),('vi',14,'Audio & Video Cables',NULL),('vi',15,'Pin',NULL),('vi',16,'Qu?n ?o',NULL),('vi',17,'M?y t?nh',NULL),('vi',18,'M?y t?nh & Công ngh?',NULL),('vi',19,'M?y t?nh & M?y t?nh b?ng',NULL),('vi',20,'M?y t?nh x?ch tay',NULL),('vi',21,'Màn h?nh',NULL),('vi',22,'Linh ki?n M?y t?nh',NULL),('vi',23,'M?ng m?y t?nh',NULL),('vi',24,'Thi?t b? l?u tr?',NULL),('vi',25,'M?y t?nh x?ch tay ch?i game',NULL),('vi',26,'Thi?t b? b?o m?t',NULL),('vi',27,'Ph? ki?n',NULL),('vi',28,'?? dùng làm b?p',NULL),('vi',29,'S?c kh?e & làm ??p',NULL),('vi',30,'Trang s?c & ??ng h?',NULL),('vi',31,'?? ch?i công ngh?',NULL),('vi',32,'?i?n tho?i',NULL),('vi',33,'M? và bé',NULL),('vi',34,'Th? thao & ngoài tr?i',NULL),('vi',35,'S?ch & V?n ph?ng',NULL),('vi',36,'? tô & Xe m?y',NULL),('vi',37,'C?i ti?n nhà c?a',NULL);
/*!40000 ALTER TABLE `ec_product_categories_translations` ENABLE KEYS */;
UNLOCK TABLES;

--
-- Table structure for table `ec_product_category_product`
--

DROP TABLE IF EXISTS `ec_product_category_product`;
/*!40101 SET @saved_cs_client     = @@character_set_client */;
/*!50503 SET character_set_client = utf8mb4 */;
CREATE TABLE `ec_product_category_product` (
  `id` bigint unsigned NOT NULL AUTO_INCREMENT,
  `category_id` int unsigned NOT NULL,
  `product_id` int unsigned NOT NULL,
  PRIMARY KEY (`id`),
  KEY `ec_product_category_product_category_id_index` (`category_id`),
  KEY `ec_product_category_product_product_id_index` (`product_id`)
) ENGINE=InnoDB AUTO_INCREMENT=87 DEFAULT CHARSET=utf8mb4 COLLATE=utf8mb4_unicode_ci;
/*!40101 SET character_set_client = @saved_cs_client */;

--
-- Dumping data for table `ec_product_category_product`
--

LOCK TABLES `ec_product_category_product` WRITE;
/*!40000 ALTER TABLE `ec_product_category_product` DISABLE KEYS */;
INSERT INTO `ec_product_category_product` VALUES (1,8,1),(2,13,1),(3,2,1),(4,34,1),(5,31,2),(6,7,2),(7,23,2),(8,30,2),(9,22,3),(10,4,3),(11,18,3),(12,1,4),(13,7,4),(14,6,4),(15,37,4),(16,6,5),(17,20,5),(18,27,5),(19,24,6),(20,32,6),(21,13,6),(22,30,6),(23,37,7),(24,11,7),(25,21,7),(26,11,8),(27,10,8),(28,36,8),(29,24,8),(30,37,9),(31,30,9),(32,22,9),(33,33,9),(34,36,10),(35,9,10),(36,19,10),(37,28,10),(38,4,11),(39,18,11),(40,28,11),(41,31,11),(42,20,12),(43,21,12),(44,10,12),(45,31,12),(46,18,13),(47,23,13),(48,22,13),(49,2,14),(50,7,14),(51,9,14),(52,34,14),(53,25,15),(54,34,15),(55,15,15),(56,26,15),(57,11,16),(58,20,16),(59,34,16),(60,31,16),(61,12,17),(62,18,17),(63,34,17),(64,15,18),(65,17,18),(66,34,18),(67,30,18),(68,36,19),(69,18,19),(70,22,19),(71,23,20),(72,32,20),(73,14,20),(74,35,20),(75,7,21),(76,17,21),(77,13,21),(78,26,21),(79,3,22),(80,29,22),(81,36,22),(82,22,22),(83,10,23),(84,33,23),(85,15,23),(86,29,23);
/*!40000 ALTER TABLE `ec_product_category_product` ENABLE KEYS */;
UNLOCK TABLES;

--
-- Table structure for table `ec_product_collection_products`
--

DROP TABLE IF EXISTS `ec_product_collection_products`;
/*!40101 SET @saved_cs_client     = @@character_set_client */;
/*!50503 SET character_set_client = utf8mb4 */;
CREATE TABLE `ec_product_collection_products` (
  `id` bigint unsigned NOT NULL AUTO_INCREMENT,
  `product_collection_id` int unsigned NOT NULL,
  `product_id` int unsigned NOT NULL,
  PRIMARY KEY (`id`),
  KEY `ec_product_collection_products_product_collection_id_index` (`product_collection_id`),
  KEY `ec_product_collection_products_product_id_index` (`product_id`)
) ENGINE=InnoDB AUTO_INCREMENT=24 DEFAULT CHARSET=utf8mb4 COLLATE=utf8mb4_unicode_ci;
/*!40101 SET character_set_client = @saved_cs_client */;

--
-- Dumping data for table `ec_product_collection_products`
--

LOCK TABLES `ec_product_collection_products` WRITE;
/*!40000 ALTER TABLE `ec_product_collection_products` DISABLE KEYS */;
INSERT INTO `ec_product_collection_products` VALUES (1,1,1),(2,2,2),(3,1,3),(4,3,4),(5,2,5),(6,3,6),(7,1,7),(8,2,8),(9,3,9),(10,1,10),(11,1,11),(12,1,12),(13,1,13),(14,1,14),(15,3,15),(16,3,16),(17,1,17),(18,1,18),(19,1,19),(20,2,20),(21,1,21),(22,1,22),(23,2,23);
/*!40000 ALTER TABLE `ec_product_collection_products` ENABLE KEYS */;
UNLOCK TABLES;

--
-- Table structure for table `ec_product_collections`
--

DROP TABLE IF EXISTS `ec_product_collections`;
/*!40101 SET @saved_cs_client     = @@character_set_client */;
/*!50503 SET character_set_client = utf8mb4 */;
CREATE TABLE `ec_product_collections` (
  `id` bigint unsigned NOT NULL AUTO_INCREMENT,
  `name` varchar(191) COLLATE utf8mb4_unicode_ci NOT NULL,
  `slug` varchar(191) COLLATE utf8mb4_unicode_ci NOT NULL,
  `description` varchar(400) COLLATE utf8mb4_unicode_ci DEFAULT NULL,
  `image` varchar(255) COLLATE utf8mb4_unicode_ci DEFAULT NULL,
  `status` varchar(60) COLLATE utf8mb4_unicode_ci NOT NULL DEFAULT 'published',
  `created_at` timestamp NULL DEFAULT NULL,
  `updated_at` timestamp NULL DEFAULT NULL,
  `is_featured` tinyint unsigned NOT NULL DEFAULT '0',
  PRIMARY KEY (`id`)
) ENGINE=InnoDB AUTO_INCREMENT=4 DEFAULT CHARSET=utf8mb4 COLLATE=utf8mb4_unicode_ci;
/*!40101 SET character_set_client = @saved_cs_client */;

--
-- Dumping data for table `ec_product_collections`
--

LOCK TABLES `ec_product_collections` WRITE;
/*!40000 ALTER TABLE `ec_product_collections` DISABLE KEYS */;
INSERT INTO `ec_product_collections` VALUES (1,'New Arrival','new-arrival',NULL,NULL,'published','2023-01-04 01:10:49','2023-01-04 01:10:49',0),(2,'Best Sellers','best-sellers',NULL,NULL,'published','2023-01-04 01:10:49','2023-01-04 01:10:49',0),(3,'Special Offer','special-offer',NULL,NULL,'published','2023-01-04 01:10:49','2023-01-04 01:10:49',0);
/*!40000 ALTER TABLE `ec_product_collections` ENABLE KEYS */;
UNLOCK TABLES;

--
-- Table structure for table `ec_product_collections_translations`
--

DROP TABLE IF EXISTS `ec_product_collections_translations`;
/*!40101 SET @saved_cs_client     = @@character_set_client */;
/*!50503 SET character_set_client = utf8mb4 */;
CREATE TABLE `ec_product_collections_translations` (
  `lang_code` varchar(191) COLLATE utf8mb4_unicode_ci NOT NULL,
  `ec_product_collections_id` int NOT NULL,
  `name` varchar(191) COLLATE utf8mb4_unicode_ci DEFAULT NULL,
  `description` varchar(191) COLLATE utf8mb4_unicode_ci DEFAULT NULL,
  PRIMARY KEY (`lang_code`,`ec_product_collections_id`)
) ENGINE=InnoDB DEFAULT CHARSET=utf8mb4 COLLATE=utf8mb4_unicode_ci;
/*!40101 SET character_set_client = @saved_cs_client */;

--
-- Dumping data for table `ec_product_collections_translations`
--

LOCK TABLES `ec_product_collections_translations` WRITE;
/*!40000 ALTER TABLE `ec_product_collections_translations` DISABLE KEYS */;
INSERT INTO `ec_product_collections_translations` VALUES ('vi',1,'Hàng m?i v?',NULL),('vi',2,'B?n ch?y nh?t',NULL),('vi',3,'Khuy?n m?i ??c bi?t',NULL);
/*!40000 ALTER TABLE `ec_product_collections_translations` ENABLE KEYS */;
UNLOCK TABLES;

--
-- Table structure for table `ec_product_cross_sale_relations`
--

DROP TABLE IF EXISTS `ec_product_cross_sale_relations`;
/*!40101 SET @saved_cs_client     = @@character_set_client */;
/*!50503 SET character_set_client = utf8mb4 */;
CREATE TABLE `ec_product_cross_sale_relations` (
  `id` bigint unsigned NOT NULL AUTO_INCREMENT,
  `from_product_id` int unsigned NOT NULL,
  `to_product_id` int unsigned NOT NULL,
  PRIMARY KEY (`id`),
  KEY `ec_product_cross_sale_relations_from_product_id_index` (`from_product_id`),
  KEY `ec_product_cross_sale_relations_to_product_id_index` (`to_product_id`)
) ENGINE=InnoDB AUTO_INCREMENT=127 DEFAULT CHARSET=utf8mb4 COLLATE=utf8mb4_unicode_ci;
/*!40101 SET character_set_client = @saved_cs_client */;

--
-- Dumping data for table `ec_product_cross_sale_relations`
--

LOCK TABLES `ec_product_cross_sale_relations` WRITE;
/*!40000 ALTER TABLE `ec_product_cross_sale_relations` DISABLE KEYS */;
INSERT INTO `ec_product_cross_sale_relations` VALUES (1,1,13),(2,1,17),(3,1,4),(4,1,7),(5,1,18),(6,1,15),(7,1,9),(8,2,7),(9,2,15),(10,2,9),(11,2,8),(12,2,3),(13,2,18),(14,3,7),(15,3,13),(16,3,18),(17,3,1),(18,3,17),(19,3,20),(20,3,14),(21,4,12),(22,4,1),(23,4,10),(24,4,16),(25,4,11),(26,5,10),(27,5,2),(28,5,12),(29,5,1),(30,6,19),(31,6,14),(32,6,10),(33,6,13),(34,6,17),(35,7,6),(36,7,16),(37,7,17),(38,7,20),(39,7,18),(40,7,3),(41,7,1),(42,8,11),(43,8,7),(44,8,1),(45,8,3),(46,8,9),(47,8,10),(48,9,6),(49,9,11),(50,9,8),(51,9,19),(52,9,18),(53,10,11),(54,10,5),(55,10,16),(56,10,17),(57,10,1),(58,11,4),(59,11,14),(60,11,3),(61,11,17),(62,11,12),(63,11,13),(64,12,10),(65,12,16),(66,12,18),(67,12,11),(68,12,1),(69,13,3),(70,13,20),(71,13,18),(72,13,2),(73,13,8),(74,14,8),(75,14,18),(76,14,19),(77,14,4),(78,14,16),(79,14,7),(80,15,2),(81,15,6),(82,15,9),(83,15,7),(84,15,3),(85,16,9),(86,16,19),(87,16,11),(88,16,17),(89,17,8),(90,17,3),(91,17,16),(92,17,4),(93,18,13),(94,18,2),(95,18,20),(96,18,6),(97,18,4),(98,18,5),(99,19,15),(100,19,8),(101,19,5),(102,19,10),(103,19,11),(104,19,6),(105,19,2),(106,20,10),(107,20,3),(108,20,19),(109,20,5),(110,20,18),(111,21,17),(112,21,18),(113,21,19),(114,21,4),(115,21,9),(116,22,2),(117,22,14),(118,22,4),(119,22,7),(120,22,13),(121,22,1),(122,23,3),(123,23,17),(124,23,13),(125,23,9),(126,23,8);
/*!40000 ALTER TABLE `ec_product_cross_sale_relations` ENABLE KEYS */;
UNLOCK TABLES;

--
-- Table structure for table `ec_product_files`
--

DROP TABLE IF EXISTS `ec_product_files`;
/*!40101 SET @saved_cs_client     = @@character_set_client */;
/*!50503 SET character_set_client = utf8mb4 */;
CREATE TABLE `ec_product_files` (
  `id` bigint unsigned NOT NULL AUTO_INCREMENT,
  `product_id` int DEFAULT NULL,
  `url` varchar(400) COLLATE utf8mb4_unicode_ci DEFAULT NULL,
  `extras` mediumtext COLLATE utf8mb4_unicode_ci,
  `created_at` timestamp NULL DEFAULT NULL,
  `updated_at` timestamp NULL DEFAULT NULL,
  PRIMARY KEY (`id`),
  KEY `ec_product_files_product_id_index` (`product_id`)
) ENGINE=InnoDB AUTO_INCREMENT=39 DEFAULT CHARSET=utf8mb4 COLLATE=utf8mb4_unicode_ci;
/*!40101 SET character_set_client = @saved_cs_client */;

--
-- Dumping data for table `ec_product_files`
--

LOCK TABLES `ec_product_files` WRITE;
/*!40000 ALTER TABLE `ec_product_files` DISABLE KEYS */;
INSERT INTO `ec_product_files` VALUES (1,24,'product-files/1.jpg','{\"filename\":\"1.jpg\",\"url\":\"product-files\\/1.jpg\",\"mime_type\":\"image\\/jpeg\",\"size\":2165,\"modified\":\"2023-01-04 08:10:53\",\"name\":\"1\",\"extension\":\"jpg\"}','2023-01-04 01:10:53','2023-01-04 01:10:53'),(2,25,'product-files/1.jpg','{\"filename\":\"1.jpg\",\"url\":\"product-files\\/1.jpg\",\"mime_type\":\"image\\/jpeg\",\"size\":2165,\"modified\":\"2023-01-04 08:10:53\",\"name\":\"1\",\"extension\":\"jpg\"}','2023-01-04 01:10:53','2023-01-04 01:10:53'),(3,32,'product-files/5.jpg','{\"filename\":\"5.jpg\",\"url\":\"product-files\\/5.jpg\",\"mime_type\":\"image\\/jpeg\",\"size\":2165,\"modified\":\"2023-01-04 08:10:53\",\"name\":\"5\",\"extension\":\"jpg\"}','2023-01-04 01:10:53','2023-01-04 01:10:53'),(4,32,'product-files/5-1.jpg','{\"filename\":\"5-1.jpg\",\"url\":\"product-files\\/5-1.jpg\",\"mime_type\":\"image\\/jpeg\",\"size\":2165,\"modified\":\"2023-01-04 08:10:53\",\"name\":\"5-1\",\"extension\":\"jpg\"}','2023-01-04 01:10:53','2023-01-04 01:10:53'),(5,32,'product-files/5-2.jpg','{\"filename\":\"5-2.jpg\",\"url\":\"product-files\\/5-2.jpg\",\"mime_type\":\"image\\/jpeg\",\"size\":2165,\"modified\":\"2023-01-04 08:10:53\",\"name\":\"5-2\",\"extension\":\"jpg\"}','2023-01-04 01:10:53','2023-01-04 01:10:53'),(6,32,'product-files/5-3.jpg','{\"filename\":\"5-3.jpg\",\"url\":\"product-files\\/5-3.jpg\",\"mime_type\":\"image\\/jpeg\",\"size\":2165,\"modified\":\"2023-01-04 08:10:53\",\"name\":\"5-3\",\"extension\":\"jpg\"}','2023-01-04 01:10:53','2023-01-04 01:10:53'),(7,37,'product-files/9.jpg','{\"filename\":\"9.jpg\",\"url\":\"product-files\\/9.jpg\",\"mime_type\":\"image\\/jpeg\",\"size\":2165,\"modified\":\"2023-01-04 08:10:53\",\"name\":\"9\",\"extension\":\"jpg\"}','2023-01-04 01:10:53','2023-01-04 01:10:53'),(8,37,'product-files/9-1.jpg','{\"filename\":\"9-1.jpg\",\"url\":\"product-files\\/9-1.jpg\",\"mime_type\":\"image\\/jpeg\",\"size\":2165,\"modified\":\"2023-01-04 08:10:53\",\"name\":\"9-1\",\"extension\":\"jpg\"}','2023-01-04 01:10:53','2023-01-04 01:10:53'),(9,37,'product-files/9-2.jpg','{\"filename\":\"9-2.jpg\",\"url\":\"product-files\\/9-2.jpg\",\"mime_type\":\"image\\/jpeg\",\"size\":2165,\"modified\":\"2023-01-04 08:10:53\",\"name\":\"9-2\",\"extension\":\"jpg\"}','2023-01-04 01:10:53','2023-01-04 01:10:53'),(10,48,'product-files/13.jpg','{\"filename\":\"13.jpg\",\"url\":\"product-files\\/13.jpg\",\"mime_type\":\"image\\/jpeg\",\"size\":2165,\"modified\":\"2023-01-04 08:10:53\",\"name\":\"13\",\"extension\":\"jpg\"}','2023-01-04 01:10:53','2023-01-04 01:10:53'),(11,48,'product-files/13-1.jpg','{\"filename\":\"13-1.jpg\",\"url\":\"product-files\\/13-1.jpg\",\"mime_type\":\"image\\/jpeg\",\"size\":2165,\"modified\":\"2023-01-04 08:10:53\",\"name\":\"13-1\",\"extension\":\"jpg\"}','2023-01-04 01:10:53','2023-01-04 01:10:53'),(12,49,'product-files/13.jpg','{\"filename\":\"13.jpg\",\"url\":\"product-files\\/13.jpg\",\"mime_type\":\"image\\/jpeg\",\"size\":2165,\"modified\":\"2023-01-04 08:10:53\",\"name\":\"13\",\"extension\":\"jpg\"}','2023-01-04 01:10:53','2023-01-04 01:10:53'),(13,49,'product-files/13-1.jpg','{\"filename\":\"13-1.jpg\",\"url\":\"product-files\\/13-1.jpg\",\"mime_type\":\"image\\/jpeg\",\"size\":2165,\"modified\":\"2023-01-04 08:10:53\",\"name\":\"13-1\",\"extension\":\"jpg\"}','2023-01-04 01:10:53','2023-01-04 01:10:53'),(14,50,'product-files/13.jpg','{\"filename\":\"13.jpg\",\"url\":\"product-files\\/13.jpg\",\"mime_type\":\"image\\/jpeg\",\"size\":2165,\"modified\":\"2023-01-04 08:10:53\",\"name\":\"13\",\"extension\":\"jpg\"}','2023-01-04 01:10:53','2023-01-04 01:10:53'),(15,50,'product-files/13-1.jpg','{\"filename\":\"13-1.jpg\",\"url\":\"product-files\\/13-1.jpg\",\"mime_type\":\"image\\/jpeg\",\"size\":2165,\"modified\":\"2023-01-04 08:10:53\",\"name\":\"13-1\",\"extension\":\"jpg\"}','2023-01-04 01:10:53','2023-01-04 01:10:53'),(16,59,'product-files/17.jpg','{\"filename\":\"17.jpg\",\"url\":\"product-files\\/17.jpg\",\"mime_type\":\"image\\/jpeg\",\"size\":2165,\"modified\":\"2023-01-04 08:10:53\",\"name\":\"17\",\"extension\":\"jpg\"}','2023-01-04 01:10:53','2023-01-04 01:10:53'),(17,59,'product-files/17-1.jpg','{\"filename\":\"17-1.jpg\",\"url\":\"product-files\\/17-1.jpg\",\"mime_type\":\"image\\/jpeg\",\"size\":2165,\"modified\":\"2023-01-04 08:10:53\",\"name\":\"17-1\",\"extension\":\"jpg\"}','2023-01-04 01:10:53','2023-01-04 01:10:53'),(18,59,'product-files/17-2.jpg','{\"filename\":\"17-2.jpg\",\"url\":\"product-files\\/17-2.jpg\",\"mime_type\":\"image\\/jpeg\",\"size\":2165,\"modified\":\"2023-01-04 08:10:53\",\"name\":\"17-2\",\"extension\":\"jpg\"}','2023-01-04 01:10:53','2023-01-04 01:10:53'),(19,59,'product-files/17-3.jpg','{\"filename\":\"17-3.jpg\",\"url\":\"product-files\\/17-3.jpg\",\"mime_type\":\"image\\/jpeg\",\"size\":2165,\"modified\":\"2023-01-04 08:10:53\",\"name\":\"17-3\",\"extension\":\"jpg\"}','2023-01-04 01:10:53','2023-01-04 01:10:53'),(20,60,'product-files/17.jpg','{\"filename\":\"17.jpg\",\"url\":\"product-files\\/17.jpg\",\"mime_type\":\"image\\/jpeg\",\"size\":2165,\"modified\":\"2023-01-04 08:10:53\",\"name\":\"17\",\"extension\":\"jpg\"}','2023-01-04 01:10:53','2023-01-04 01:10:53'),(21,60,'product-files/17-1.jpg','{\"filename\":\"17-1.jpg\",\"url\":\"product-files\\/17-1.jpg\",\"mime_type\":\"image\\/jpeg\",\"size\":2165,\"modified\":\"2023-01-04 08:10:53\",\"name\":\"17-1\",\"extension\":\"jpg\"}','2023-01-04 01:10:53','2023-01-04 01:10:53'),(22,60,'product-files/17-2.jpg','{\"filename\":\"17-2.jpg\",\"url\":\"product-files\\/17-2.jpg\",\"mime_type\":\"image\\/jpeg\",\"size\":2165,\"modified\":\"2023-01-04 08:10:53\",\"name\":\"17-2\",\"extension\":\"jpg\"}','2023-01-04 01:10:53','2023-01-04 01:10:53'),(23,60,'product-files/17-3.jpg','{\"filename\":\"17-3.jpg\",\"url\":\"product-files\\/17-3.jpg\",\"mime_type\":\"image\\/jpeg\",\"size\":2165,\"modified\":\"2023-01-04 08:10:53\",\"name\":\"17-3\",\"extension\":\"jpg\"}','2023-01-04 01:10:53','2023-01-04 01:10:53'),(24,70,'product-files/21.jpg','{\"filename\":\"21.jpg\",\"url\":\"product-files\\/21.jpg\",\"mime_type\":\"image\\/jpeg\",\"size\":2165,\"modified\":\"2023-01-04 08:10:53\",\"name\":\"21\",\"extension\":\"jpg\"}','2023-01-04 01:10:53','2023-01-04 01:10:53'),(25,70,'product-files/21-1.jpg','{\"filename\":\"21-1.jpg\",\"url\":\"product-files\\/21-1.jpg\",\"mime_type\":\"image\\/jpeg\",\"size\":2165,\"modified\":\"2023-01-04 08:10:53\",\"name\":\"21-1\",\"extension\":\"jpg\"}','2023-01-04 01:10:53','2023-01-04 01:10:53'),(26,70,'product-files/21-2.jpg','{\"filename\":\"21-2.jpg\",\"url\":\"product-files\\/21-2.jpg\",\"mime_type\":\"image\\/jpeg\",\"size\":2165,\"modified\":\"2023-01-04 08:10:53\",\"name\":\"21-2\",\"extension\":\"jpg\"}','2023-01-04 01:10:53','2023-01-04 01:10:53'),(27,71,'product-files/21.jpg','{\"filename\":\"21.jpg\",\"url\":\"product-files\\/21.jpg\",\"mime_type\":\"image\\/jpeg\",\"size\":2165,\"modified\":\"2023-01-04 08:10:53\",\"name\":\"21\",\"extension\":\"jpg\"}','2023-01-04 01:10:53','2023-01-04 01:10:53'),(28,71,'product-files/21-1.jpg','{\"filename\":\"21-1.jpg\",\"url\":\"product-files\\/21-1.jpg\",\"mime_type\":\"image\\/jpeg\",\"size\":2165,\"modified\":\"2023-01-04 08:10:53\",\"name\":\"21-1\",\"extension\":\"jpg\"}','2023-01-04 01:10:53','2023-01-04 01:10:53'),(29,71,'product-files/21-2.jpg','{\"filename\":\"21-2.jpg\",\"url\":\"product-files\\/21-2.jpg\",\"mime_type\":\"image\\/jpeg\",\"size\":2165,\"modified\":\"2023-01-04 08:10:53\",\"name\":\"21-2\",\"extension\":\"jpg\"}','2023-01-04 01:10:53','2023-01-04 01:10:53'),(30,72,'product-files/21.jpg','{\"filename\":\"21.jpg\",\"url\":\"product-files\\/21.jpg\",\"mime_type\":\"image\\/jpeg\",\"size\":2165,\"modified\":\"2023-01-04 08:10:53\",\"name\":\"21\",\"extension\":\"jpg\"}','2023-01-04 01:10:53','2023-01-04 01:10:53'),(31,72,'product-files/21-1.jpg','{\"filename\":\"21-1.jpg\",\"url\":\"product-files\\/21-1.jpg\",\"mime_type\":\"image\\/jpeg\",\"size\":2165,\"modified\":\"2023-01-04 08:10:53\",\"name\":\"21-1\",\"extension\":\"jpg\"}','2023-01-04 01:10:53','2023-01-04 01:10:53'),(32,72,'product-files/21-2.jpg','{\"filename\":\"21-2.jpg\",\"url\":\"product-files\\/21-2.jpg\",\"mime_type\":\"image\\/jpeg\",\"size\":2165,\"modified\":\"2023-01-04 08:10:54\",\"name\":\"21-2\",\"extension\":\"jpg\"}','2023-01-04 01:10:54','2023-01-04 01:10:54'),(33,73,'product-files/21.jpg','{\"filename\":\"21.jpg\",\"url\":\"product-files\\/21.jpg\",\"mime_type\":\"image\\/jpeg\",\"size\":2165,\"modified\":\"2023-01-04 08:10:54\",\"name\":\"21\",\"extension\":\"jpg\"}','2023-01-04 01:10:54','2023-01-04 01:10:54'),(34,73,'product-files/21-1.jpg','{\"filename\":\"21-1.jpg\",\"url\":\"product-files\\/21-1.jpg\",\"mime_type\":\"image\\/jpeg\",\"size\":2165,\"modified\":\"2023-01-04 08:10:54\",\"name\":\"21-1\",\"extension\":\"jpg\"}','2023-01-04 01:10:54','2023-01-04 01:10:54'),(35,73,'product-files/21-2.jpg','{\"filename\":\"21-2.jpg\",\"url\":\"product-files\\/21-2.jpg\",\"mime_type\":\"image\\/jpeg\",\"size\":2165,\"modified\":\"2023-01-04 08:10:54\",\"name\":\"21-2\",\"extension\":\"jpg\"}','2023-01-04 01:10:54','2023-01-04 01:10:54'),(36,74,'product-files/21.jpg','{\"filename\":\"21.jpg\",\"url\":\"product-files\\/21.jpg\",\"mime_type\":\"image\\/jpeg\",\"size\":2165,\"modified\":\"2023-01-04 08:10:54\",\"name\":\"21\",\"extension\":\"jpg\"}','2023-01-04 01:10:54','2023-01-04 01:10:54'),(37,74,'product-files/21-1.jpg','{\"filename\":\"21-1.jpg\",\"url\":\"product-files\\/21-1.jpg\",\"mime_type\":\"image\\/jpeg\",\"size\":2165,\"modified\":\"2023-01-04 08:10:54\",\"name\":\"21-1\",\"extension\":\"jpg\"}','2023-01-04 01:10:54','2023-01-04 01:10:54'),(38,74,'product-files/21-2.jpg','{\"filename\":\"21-2.jpg\",\"url\":\"product-files\\/21-2.jpg\",\"mime_type\":\"image\\/jpeg\",\"size\":2165,\"modified\":\"2023-01-04 08:10:54\",\"name\":\"21-2\",\"extension\":\"jpg\"}','2023-01-04 01:10:54','2023-01-04 01:10:54');
/*!40000 ALTER TABLE `ec_product_files` ENABLE KEYS */;
UNLOCK TABLES;

--
-- Table structure for table `ec_product_label_products`
--

DROP TABLE IF EXISTS `ec_product_label_products`;
/*!40101 SET @saved_cs_client     = @@character_set_client */;
/*!50503 SET character_set_client = utf8mb4 */;
CREATE TABLE `ec_product_label_products` (
  `product_label_id` int unsigned NOT NULL,
  `product_id` int unsigned NOT NULL,
  PRIMARY KEY (`product_label_id`,`product_id`),
  KEY `ec_product_label_products_product_label_id_index` (`product_label_id`),
  KEY `ec_product_label_products_product_id_index` (`product_id`)
) ENGINE=InnoDB DEFAULT CHARSET=utf8mb4 COLLATE=utf8mb4_unicode_ci;
/*!40101 SET character_set_client = @saved_cs_client */;

--
-- Dumping data for table `ec_product_label_products`
--

LOCK TABLES `ec_product_label_products` WRITE;
/*!40000 ALTER TABLE `ec_product_label_products` DISABLE KEYS */;
INSERT INTO `ec_product_label_products` VALUES (1,3),(1,6),(1,12),(1,15),(1,21),(3,9),(3,18);
/*!40000 ALTER TABLE `ec_product_label_products` ENABLE KEYS */;
UNLOCK TABLES;

--
-- Table structure for table `ec_product_labels`
--

DROP TABLE IF EXISTS `ec_product_labels`;
/*!40101 SET @saved_cs_client     = @@character_set_client */;
/*!50503 SET character_set_client = utf8mb4 */;
CREATE TABLE `ec_product_labels` (
  `id` bigint unsigned NOT NULL AUTO_INCREMENT,
  `name` varchar(255) COLLATE utf8mb4_unicode_ci NOT NULL,
  `color` varchar(120) COLLATE utf8mb4_unicode_ci DEFAULT NULL,
  `status` varchar(60) COLLATE utf8mb4_unicode_ci NOT NULL DEFAULT 'published',
  `created_at` timestamp NULL DEFAULT NULL,
  `updated_at` timestamp NULL DEFAULT NULL,
  PRIMARY KEY (`id`)
) ENGINE=InnoDB AUTO_INCREMENT=4 DEFAULT CHARSET=utf8mb4 COLLATE=utf8mb4_unicode_ci;
/*!40101 SET character_set_client = @saved_cs_client */;

--
-- Dumping data for table `ec_product_labels`
--

LOCK TABLES `ec_product_labels` WRITE;
/*!40000 ALTER TABLE `ec_product_labels` DISABLE KEYS */;
INSERT INTO `ec_product_labels` VALUES (1,'Hot','#ec2434','published','2023-01-04 01:10:49','2023-01-04 01:10:49'),(2,'New','#00c9a7','published','2023-01-04 01:10:49','2023-01-04 01:10:49'),(3,'Sale','#fe9931','published','2023-01-04 01:10:49','2023-01-04 01:10:49');
/*!40000 ALTER TABLE `ec_product_labels` ENABLE KEYS */;
UNLOCK TABLES;

--
-- Table structure for table `ec_product_labels_translations`
--

DROP TABLE IF EXISTS `ec_product_labels_translations`;
/*!40101 SET @saved_cs_client     = @@character_set_client */;
/*!50503 SET character_set_client = utf8mb4 */;
CREATE TABLE `ec_product_labels_translations` (
  `lang_code` varchar(191) COLLATE utf8mb4_unicode_ci NOT NULL,
  `ec_product_labels_id` int NOT NULL,
  `name` varchar(191) COLLATE utf8mb4_unicode_ci DEFAULT NULL,
  `description` varchar(191) COLLATE utf8mb4_unicode_ci DEFAULT NULL,
  PRIMARY KEY (`lang_code`,`ec_product_labels_id`)
) ENGINE=InnoDB DEFAULT CHARSET=utf8mb4 COLLATE=utf8mb4_unicode_ci;
/*!40101 SET character_set_client = @saved_cs_client */;

--
-- Dumping data for table `ec_product_labels_translations`
--

LOCK TABLES `ec_product_labels_translations` WRITE;
/*!40000 ALTER TABLE `ec_product_labels_translations` DISABLE KEYS */;
INSERT INTO `ec_product_labels_translations` VALUES ('vi',1,'N?i b?t',NULL),('vi',2,'M?i',NULL),('vi',3,'Gi?m gi?',NULL);
/*!40000 ALTER TABLE `ec_product_labels_translations` ENABLE KEYS */;
UNLOCK TABLES;

--
-- Table structure for table `ec_product_related_relations`
--

DROP TABLE IF EXISTS `ec_product_related_relations`;
/*!40101 SET @saved_cs_client     = @@character_set_client */;
/*!50503 SET character_set_client = utf8mb4 */;
CREATE TABLE `ec_product_related_relations` (
  `id` bigint unsigned NOT NULL AUTO_INCREMENT,
  `from_product_id` int unsigned NOT NULL,
  `to_product_id` int unsigned NOT NULL,
  PRIMARY KEY (`id`),
  KEY `ec_product_related_relations_from_product_id_index` (`from_product_id`),
  KEY `ec_product_related_relations_to_product_id_index` (`to_product_id`)
) ENGINE=InnoDB DEFAULT CHARSET=utf8mb4 COLLATE=utf8mb4_unicode_ci;
/*!40101 SET character_set_client = @saved_cs_client */;

--
-- Dumping data for table `ec_product_related_relations`
--

LOCK TABLES `ec_product_related_relations` WRITE;
/*!40000 ALTER TABLE `ec_product_related_relations` DISABLE KEYS */;
/*!40000 ALTER TABLE `ec_product_related_relations` ENABLE KEYS */;
UNLOCK TABLES;

--
-- Table structure for table `ec_product_tag_product`
--

DROP TABLE IF EXISTS `ec_product_tag_product`;
/*!40101 SET @saved_cs_client     = @@character_set_client */;
/*!50503 SET character_set_client = utf8mb4 */;
CREATE TABLE `ec_product_tag_product` (
  `product_id` int unsigned NOT NULL,
  `tag_id` int unsigned NOT NULL,
  PRIMARY KEY (`product_id`,`tag_id`),
  KEY `ec_product_tag_product_product_id_index` (`product_id`),
  KEY `ec_product_tag_product_tag_id_index` (`tag_id`)
) ENGINE=InnoDB DEFAULT CHARSET=utf8mb4 COLLATE=utf8mb4_unicode_ci;
/*!40101 SET character_set_client = @saved_cs_client */;

--
-- Dumping data for table `ec_product_tag_product`
--

LOCK TABLES `ec_product_tag_product` WRITE;
/*!40000 ALTER TABLE `ec_product_tag_product` DISABLE KEYS */;
INSERT INTO `ec_product_tag_product` VALUES (1,2),(1,5),(1,6),(2,3),(3,1),(3,2),(3,6),(4,2),(4,4),(4,5),(5,1),(5,5),(5,6),(6,2),(6,3),(7,1),(7,2),(7,6),(8,2),(8,5),(9,3),(9,6),(10,3),(10,4),(11,1),(11,2),(11,4),(12,1),(12,5),(13,4),(13,5),(13,6),(14,3),(14,4),(14,5),(15,1),(15,3),(16,4),(16,5),(17,2),(17,3),(17,5),(18,3),(18,5),(18,6),(19,2),(19,3),(19,5),(20,3),(20,4),(20,6),(21,3),(21,5),(21,6),(22,1),(22,6),(23,3),(23,5),(23,6);
/*!40000 ALTER TABLE `ec_product_tag_product` ENABLE KEYS */;
UNLOCK TABLES;

--
-- Table structure for table `ec_product_tags`
--

DROP TABLE IF EXISTS `ec_product_tags`;
/*!40101 SET @saved_cs_client     = @@character_set_client */;
/*!50503 SET character_set_client = utf8mb4 */;
CREATE TABLE `ec_product_tags` (
  `id` bigint unsigned NOT NULL AUTO_INCREMENT,
  `name` varchar(120) COLLATE utf8mb4_unicode_ci NOT NULL,
  `description` varchar(400) COLLATE utf8mb4_unicode_ci DEFAULT NULL,
  `status` varchar(60) COLLATE utf8mb4_unicode_ci NOT NULL DEFAULT 'published',
  `created_at` timestamp NULL DEFAULT NULL,
  `updated_at` timestamp NULL DEFAULT NULL,
  PRIMARY KEY (`id`)
) ENGINE=InnoDB AUTO_INCREMENT=7 DEFAULT CHARSET=utf8mb4 COLLATE=utf8mb4_unicode_ci;
/*!40101 SET character_set_client = @saved_cs_client */;

--
-- Dumping data for table `ec_product_tags`
--

LOCK TABLES `ec_product_tags` WRITE;
/*!40000 ALTER TABLE `ec_product_tags` DISABLE KEYS */;
INSERT INTO `ec_product_tags` VALUES (1,'Electronic',NULL,'published','2023-01-04 01:10:55','2023-01-04 01:10:55'),(2,'Mobile',NULL,'published','2023-01-04 01:10:55','2023-01-04 01:10:55'),(3,'Iphone',NULL,'published','2023-01-04 01:10:55','2023-01-04 01:10:55'),(4,'Printer',NULL,'published','2023-01-04 01:10:55','2023-01-04 01:10:55'),(5,'Office',NULL,'published','2023-01-04 01:10:55','2023-01-04 01:10:55'),(6,'IT',NULL,'published','2023-01-04 01:10:55','2023-01-04 01:10:55');
/*!40000 ALTER TABLE `ec_product_tags` ENABLE KEYS */;
UNLOCK TABLES;

--
-- Table structure for table `ec_product_tags_translations`
--

DROP TABLE IF EXISTS `ec_product_tags_translations`;
/*!40101 SET @saved_cs_client     = @@character_set_client */;
/*!50503 SET character_set_client = utf8mb4 */;
CREATE TABLE `ec_product_tags_translations` (
  `lang_code` varchar(191) COLLATE utf8mb4_unicode_ci NOT NULL,
  `ec_product_tags_id` int NOT NULL,
  `name` varchar(191) COLLATE utf8mb4_unicode_ci DEFAULT NULL,
  PRIMARY KEY (`lang_code`,`ec_product_tags_id`)
) ENGINE=InnoDB DEFAULT CHARSET=utf8mb4 COLLATE=utf8mb4_unicode_ci;
/*!40101 SET character_set_client = @saved_cs_client */;

--
-- Dumping data for table `ec_product_tags_translations`
--

LOCK TABLES `ec_product_tags_translations` WRITE;
/*!40000 ALTER TABLE `ec_product_tags_translations` DISABLE KEYS */;
INSERT INTO `ec_product_tags_translations` VALUES ('vi',1,'Electronic'),('vi',2,'Mobile'),('vi',3,'Iphone'),('vi',4,'Printer'),('vi',5,'Office'),('vi',6,'IT');
/*!40000 ALTER TABLE `ec_product_tags_translations` ENABLE KEYS */;
UNLOCK TABLES;

--
-- Table structure for table `ec_product_up_sale_relations`
--

DROP TABLE IF EXISTS `ec_product_up_sale_relations`;
/*!40101 SET @saved_cs_client     = @@character_set_client */;
/*!50503 SET character_set_client = utf8mb4 */;
CREATE TABLE `ec_product_up_sale_relations` (
  `id` bigint unsigned NOT NULL AUTO_INCREMENT,
  `from_product_id` int unsigned NOT NULL,
  `to_product_id` int unsigned NOT NULL,
  PRIMARY KEY (`id`),
  KEY `ec_product_up_sale_relations_from_product_id_index` (`from_product_id`),
  KEY `ec_product_up_sale_relations_to_product_id_index` (`to_product_id`)
) ENGINE=InnoDB DEFAULT CHARSET=utf8mb4 COLLATE=utf8mb4_unicode_ci;
/*!40101 SET character_set_client = @saved_cs_client */;

--
-- Dumping data for table `ec_product_up_sale_relations`
--

LOCK TABLES `ec_product_up_sale_relations` WRITE;
/*!40000 ALTER TABLE `ec_product_up_sale_relations` DISABLE KEYS */;
/*!40000 ALTER TABLE `ec_product_up_sale_relations` ENABLE KEYS */;
UNLOCK TABLES;

--
-- Table structure for table `ec_product_variation_items`
--

DROP TABLE IF EXISTS `ec_product_variation_items`;
/*!40101 SET @saved_cs_client     = @@character_set_client */;
/*!50503 SET character_set_client = utf8mb4 */;
CREATE TABLE `ec_product_variation_items` (
  `id` bigint unsigned NOT NULL AUTO_INCREMENT,
  `attribute_id` int unsigned NOT NULL,
  `variation_id` int unsigned NOT NULL,
  PRIMARY KEY (`id`),
  KEY `ec_product_variation_items_attribute_id_variation_id_index` (`attribute_id`,`variation_id`)
) ENGINE=InnoDB AUTO_INCREMENT=113 DEFAULT CHARSET=utf8mb4 COLLATE=utf8mb4_unicode_ci;
/*!40101 SET character_set_client = @saved_cs_client */;

--
-- Dumping data for table `ec_product_variation_items`
--

LOCK TABLES `ec_product_variation_items` WRITE;
/*!40000 ALTER TABLE `ec_product_variation_items` DISABLE KEYS */;
INSERT INTO `ec_product_variation_items` VALUES (7,1,4),(37,1,19),(43,1,22),(47,1,24),(53,1,27),(65,1,33),(67,1,34),(91,1,46),(99,1,50),(107,1,54),(3,2,2),(39,2,20),(45,2,23),(59,2,30),(73,2,37),(9,3,5),(11,3,6),(15,3,8),(25,3,13),(27,3,14),(29,3,15),(49,3,25),(55,3,28),(71,3,36),(89,3,45),(13,4,7),(17,4,9),(19,4,10),(31,4,16),(35,4,18),(57,4,29),(61,4,31),(75,4,38),(97,4,49),(105,4,53),(109,4,55),(1,5,1),(5,5,3),(21,5,11),(23,5,12),(33,5,17),(41,5,21),(51,5,26),(63,5,32),(69,5,35),(77,5,39),(79,5,40),(81,5,41),(83,5,42),(85,5,43),(87,5,44),(93,5,47),(95,5,48),(101,5,51),(103,5,52),(111,5,56),(8,6,4),(20,6,10),(34,6,17),(56,6,28),(58,6,29),(66,6,33),(72,6,36),(94,6,47),(112,6,56),(2,7,1),(12,7,6),(16,7,8),(26,7,13),(36,7,18),(38,7,19),(44,7,22),(64,7,32),(70,7,35),(80,7,40),(84,7,42),(92,7,46),(104,7,52),(108,7,54),(4,8,2),(10,8,5),(24,8,12),(30,8,15),(32,8,16),(42,8,21),(48,8,24),(50,8,25),(76,8,38),(78,8,39),(82,8,41),(96,8,48),(102,8,51),(106,8,53),(6,9,3),(18,9,9),(22,9,11),(28,9,14),(40,9,20),(52,9,26),(74,9,37),(88,9,44),(90,9,45),(98,9,49),(14,10,7),(46,10,23),(54,10,27),(60,10,30),(62,10,31),(68,10,34),(86,10,43),(100,10,50),(110,10,55);
/*!40000 ALTER TABLE `ec_product_variation_items` ENABLE KEYS */;
UNLOCK TABLES;

--
-- Table structure for table `ec_product_variations`
--

DROP TABLE IF EXISTS `ec_product_variations`;
/*!40101 SET @saved_cs_client     = @@character_set_client */;
/*!50503 SET character_set_client = utf8mb4 */;
CREATE TABLE `ec_product_variations` (
  `id` bigint unsigned NOT NULL AUTO_INCREMENT,
  `product_id` int unsigned DEFAULT NULL,
  `configurable_product_id` int unsigned NOT NULL,
  `is_default` tinyint NOT NULL DEFAULT '0',
  PRIMARY KEY (`id`),
  KEY `ec_product_variations_product_id_configurable_product_id_index` (`product_id`,`configurable_product_id`)
) ENGINE=InnoDB AUTO_INCREMENT=57 DEFAULT CHARSET=utf8mb4 COLLATE=utf8mb4_unicode_ci;
/*!40101 SET character_set_client = @saved_cs_client */;

--
-- Dumping data for table `ec_product_variations`
--

LOCK TABLES `ec_product_variations` WRITE;
/*!40000 ALTER TABLE `ec_product_variations` DISABLE KEYS */;
INSERT INTO `ec_product_variations` VALUES (1,24,1,1),(2,25,1,0),(3,26,2,1),(4,27,2,0),(5,28,3,1),(6,29,4,1),(7,30,4,0),(8,31,4,0),(9,32,5,1),(10,33,6,1),(11,34,7,1),(12,35,8,1),(13,36,8,0),(14,37,9,1),(15,38,10,1),(16,39,10,0),(17,40,10,0),(18,41,10,0),(19,42,11,1),(20,43,11,0),(21,44,11,0),(22,45,12,1),(23,46,12,0),(24,47,12,0),(25,48,13,1),(26,49,13,0),(27,50,13,0),(28,51,14,1),(29,52,14,0),(30,53,15,1),(31,54,15,0),(32,55,15,0),(33,56,15,0),(34,57,16,1),(35,58,16,0),(36,59,17,1),(37,60,17,0),(38,61,18,1),(39,62,18,0),(40,63,18,0),(41,64,19,1),(42,65,19,0),(43,66,20,1),(44,67,20,0),(45,68,20,0),(46,69,20,0),(47,70,21,1),(48,71,21,0),(49,72,21,0),(50,73,21,0),(51,74,21,0),(52,75,22,1),(53,76,22,0),(54,77,23,1),(55,78,23,0),(56,79,23,0);
/*!40000 ALTER TABLE `ec_product_variations` ENABLE KEYS */;
UNLOCK TABLES;

--
-- Table structure for table `ec_product_views`
--

DROP TABLE IF EXISTS `ec_product_views`;
/*!40101 SET @saved_cs_client     = @@character_set_client */;
/*!50503 SET character_set_client = utf8mb4 */;
CREATE TABLE `ec_product_views` (
  `id` bigint unsigned NOT NULL AUTO_INCREMENT,
  `product_id` int unsigned NOT NULL,
  `views` int NOT NULL DEFAULT '1',
  `date` date NOT NULL DEFAULT '2023-01-04',
  PRIMARY KEY (`id`),
  UNIQUE KEY `ec_product_views_product_id_date_unique` (`product_id`,`date`),
  KEY `ec_product_views_product_id_index` (`product_id`)
) ENGINE=InnoDB DEFAULT CHARSET=utf8mb4 COLLATE=utf8mb4_unicode_ci;
/*!40101 SET character_set_client = @saved_cs_client */;

--
-- Dumping data for table `ec_product_views`
--

LOCK TABLES `ec_product_views` WRITE;
/*!40000 ALTER TABLE `ec_product_views` DISABLE KEYS */;
/*!40000 ALTER TABLE `ec_product_views` ENABLE KEYS */;
UNLOCK TABLES;

--
-- Table structure for table `ec_product_with_attribute_set`
--

DROP TABLE IF EXISTS `ec_product_with_attribute_set`;
/*!40101 SET @saved_cs_client     = @@character_set_client */;
/*!50503 SET character_set_client = utf8mb4 */;
CREATE TABLE `ec_product_with_attribute_set` (
  `id` bigint unsigned NOT NULL AUTO_INCREMENT,
  `attribute_set_id` int unsigned NOT NULL,
  `product_id` int unsigned NOT NULL,
  `order` tinyint unsigned NOT NULL DEFAULT '0',
  PRIMARY KEY (`id`)
) ENGINE=InnoDB AUTO_INCREMENT=47 DEFAULT CHARSET=utf8mb4 COLLATE=utf8mb4_unicode_ci;
/*!40101 SET character_set_client = @saved_cs_client */;

--
-- Dumping data for table `ec_product_with_attribute_set`
--

LOCK TABLES `ec_product_with_attribute_set` WRITE;
/*!40000 ALTER TABLE `ec_product_with_attribute_set` DISABLE KEYS */;
INSERT INTO `ec_product_with_attribute_set` VALUES (1,1,1,0),(2,2,1,0),(3,1,2,0),(4,2,2,0),(5,1,3,0),(6,2,3,0),(7,1,4,0),(8,2,4,0),(9,1,5,0),(10,2,5,0),(11,1,6,0),(12,2,6,0),(13,1,7,0),(14,2,7,0),(15,1,8,0),(16,2,8,0),(17,1,9,0),(18,2,9,0),(19,1,10,0),(20,2,10,0),(21,1,11,0),(22,2,11,0),(23,1,12,0),(24,2,12,0),(25,1,13,0),(26,2,13,0),(27,1,14,0),(28,2,14,0),(29,1,15,0),(30,2,15,0),(31,1,16,0),(32,2,16,0),(33,1,17,0),(34,2,17,0),(35,1,18,0),(36,2,18,0),(37,1,19,0),(38,2,19,0),(39,1,20,0),(40,2,20,0),(41,1,21,0),(42,2,21,0),(43,1,22,0),(44,2,22,0),(45,1,23,0),(46,2,23,0);
/*!40000 ALTER TABLE `ec_product_with_attribute_set` ENABLE KEYS */;
UNLOCK TABLES;

--
-- Table structure for table `ec_products`
--

DROP TABLE IF EXISTS `ec_products`;
/*!40101 SET @saved_cs_client     = @@character_set_client */;
/*!50503 SET character_set_client = utf8mb4 */;
CREATE TABLE `ec_products` (
  `id` bigint unsigned NOT NULL AUTO_INCREMENT,
  `name` varchar(191) COLLATE utf8mb4_unicode_ci NOT NULL,
  `description` text COLLATE utf8mb4_unicode_ci,
  `content` longtext COLLATE utf8mb4_unicode_ci,
  `status` varchar(60) COLLATE utf8mb4_unicode_ci NOT NULL DEFAULT 'published',
  `images` text COLLATE utf8mb4_unicode_ci,
  `sku` varchar(191) COLLATE utf8mb4_unicode_ci DEFAULT NULL,
  `order` int unsigned NOT NULL DEFAULT '0',
  `quantity` int unsigned DEFAULT NULL,
  `allow_checkout_when_out_of_stock` tinyint unsigned NOT NULL DEFAULT '0',
  `with_storehouse_management` tinyint unsigned NOT NULL DEFAULT '0',
  `is_featured` tinyint unsigned NOT NULL DEFAULT '0',
  `brand_id` int unsigned DEFAULT NULL,
  `is_variation` tinyint NOT NULL DEFAULT '0',
  `sale_type` tinyint NOT NULL DEFAULT '0',
  `price` double unsigned DEFAULT NULL,
  `sale_price` double unsigned DEFAULT NULL,
  `start_date` timestamp NULL DEFAULT NULL,
  `end_date` timestamp NULL DEFAULT NULL,
  `length` double(8,2) DEFAULT NULL,
  `wide` double(8,2) DEFAULT NULL,
  `height` double(8,2) DEFAULT NULL,
  `weight` double(8,2) DEFAULT NULL,
  `tax_id` int unsigned DEFAULT NULL,
  `views` bigint NOT NULL DEFAULT '0',
  `created_at` timestamp NULL DEFAULT NULL,
  `updated_at` timestamp NULL DEFAULT NULL,
  `stock_status` varchar(191) COLLATE utf8mb4_unicode_ci DEFAULT 'in_stock',
  `created_by_id` int DEFAULT '0',
  `created_by_type` varchar(255) COLLATE utf8mb4_unicode_ci NOT NULL DEFAULT 'Botble\\ACL\\Models\\User',
  `image` varchar(255) COLLATE utf8mb4_unicode_ci DEFAULT NULL,
  `product_type` varchar(60) COLLATE utf8mb4_unicode_ci DEFAULT 'physical',
  `store_id` int unsigned DEFAULT NULL,
  `approved_by` int DEFAULT '0',
  PRIMARY KEY (`id`),
  KEY `ec_products_brand_id_status_is_variation_created_at_index` (`brand_id`,`status`,`is_variation`,`created_at`),
  KEY `ec_products_sale_type_index` (`sale_type`),
  KEY `ec_products_start_date_index` (`start_date`),
  KEY `ec_products_end_date_index` (`end_date`),
  KEY `ec_products_sale_price_index` (`sale_price`),
  KEY `ec_products_is_variation_index` (`is_variation`)
) ENGINE=InnoDB AUTO_INCREMENT=80 DEFAULT CHARSET=utf8mb4 COLLATE=utf8mb4_unicode_ci;
/*!40101 SET character_set_client = @saved_cs_client */;

--
-- Dumping data for table `ec_products`
--

LOCK TABLES `ec_products` WRITE;
/*!40000 ALTER TABLE `ec_products` DISABLE KEYS */;
INSERT INTO `ec_products` VALUES (1,'Dual Camera 20MP (Digital)','<ul><li> Unrestrained and portable active stereo speaker</li>\n            <li> Free from the confines of wires and chords</li>\n            <li> 20 hours of portable capabilities</li>\n            <li> Double-ended Coil Cord with 3.5mm Stereo Plugs Included</li>\n            <li> 3/4? Dome Tweeters: 2X and 4? Woofer: 1X</li></ul>','<p>Short Hooded Coat features a straight body, large pockets with button flaps, ventilation air holes, and a string detail along the hemline. The style is completed with a drawstring hood, featuring Rains’ signature built-in cap. Made from waterproof, matte PU, this lightweight unisex rain jacket is an ode to nostalgia through its classic silhouette and utilitarian design details.</p>\n                                <p>- Casual unisex fit</p>\n\n                                <p>- 64% polyester, 36% polyurethane</p>\n\n                                <p>- Water column pressure: 4000 mm</p>\n\n                                <p>- Model is 187cm tall and wearing a size S / M</p>\n\n                                <p>- Unisex fit</p>\n\n                                <p>- Drawstring hood with built-in cap</p>\n\n                                <p>- Front placket with snap buttons</p>\n\n                                <p>- Ventilation under armpit</p>\n\n                                <p>- Adjustable cuffs</p>\n\n                                <p>- Double welted front pockets</p>\n\n                                <p>- Adjustable elastic string at hempen</p>\n\n                                <p>- Ultrasonically welded seams</p>\n\n                                <p>This is a unisex item, please check our clothing &amp; footwear sizing guide for specific Rains jacket sizing information. RAINS comes from the rainy nation of Denmark at the edge of the European continent, close to the ocean and with prevailing westerly winds; all factors that contribute to an average of 121 rain days each year. Arising from these rainy weather conditions comes the attitude that a quick rain shower may be beautiful, as well as moody- but first and foremost requires the right outfit. Rains focus on the whole experience of going outside on rainy days, issuing an invitation to explore even in the most mercurial weather.</p>','published','[\"products\\/1.jpg\"]','SW-175-A0',0,18,0,1,1,1,0,0,80.25,NULL,NULL,NULL,19.00,15.00,17.00,561.00,NULL,149907,'2023-01-04 01:10:53','2023-01-04 01:10:58','in_stock',0,'Botble\\ACL\\Models\\User',NULL,'digital',4,0),(2,'Smart Watches','<ul><li> Unrestrained and portable active stereo speaker</li>\n            <li> Free from the confines of wires and chords</li>\n            <li> 20 hours of portable capabilities</li>\n            <li> Double-ended Coil Cord with 3.5mm Stereo Plugs Included</li>\n            <li> 3/4? Dome Tweeters: 2X and 4? Woofer: 1X</li></ul>','<p>Short Hooded Coat features a straight body, large pockets with button flaps, ventilation air holes, and a string detail along the hemline. The style is completed with a drawstring hood, featuring Rains’ signature built-in cap. Made from waterproof, matte PU, this lightweight unisex rain jacket is an ode to nostalgia through its classic silhouette and utilitarian design details.</p>\n                                <p>- Casual unisex fit</p>\n\n                                <p>- 64% polyester, 36% polyurethane</p>\n\n                                <p>- Water column pressure: 4000 mm</p>\n\n                                <p>- Model is 187cm tall and wearing a size S / M</p>\n\n                                <p>- Unisex fit</p>\n\n                                <p>- Drawstring hood with built-in cap</p>\n\n                                <p>- Front placket with snap buttons</p>\n\n                                <p>- Ventilation under armpit</p>\n\n                                <p>- Adjustable cuffs</p>\n\n                                <p>- Double welted front pockets</p>\n\n                                <p>- Adjustable elastic string at hempen</p>\n\n                                <p>- Ultrasonically welded seams</p>\n\n                                <p>This is a unisex item, please check our clothing &amp; footwear sizing guide for specific Rains jacket sizing information. RAINS comes from the rainy nation of Denmark at the edge of the European continent, close to the ocean and with prevailing westerly winds; all factors that contribute to an average of 121 rain days each year. Arising from these rainy weather conditions comes the attitude that a quick rain shower may be beautiful, as well as moody- but first and foremost requires the right outfit. Rains focus on the whole experience of going outside on rainy days, issuing an invitation to explore even in the most mercurial weather.</p>','published','[\"products\\/2.jpg\",\"products\\/2-1.jpg\",\"products\\/2-2.jpg\",\"products\\/2-3.jpg\"]','SW-142-A0',0,18,0,1,1,3,0,0,40.5,NULL,NULL,NULL,19.00,14.00,20.00,516.00,NULL,144348,'2023-01-04 01:10:53','2023-01-04 01:10:58','in_stock',0,'Botble\\ACL\\Models\\User',NULL,'physical',4,0),(3,'Beat Headphone','<ul><li> Unrestrained and portable active stereo speaker</li>\n            <li> Free from the confines of wires and chords</li>\n            <li> 20 hours of portable capabilities</li>\n            <li> Double-ended Coil Cord with 3.5mm Stereo Plugs Included</li>\n            <li> 3/4? Dome Tweeters: 2X and 4? Woofer: 1X</li></ul>','<p>Short Hooded Coat features a straight body, large pockets with button flaps, ventilation air holes, and a string detail along the hemline. The style is completed with a drawstring hood, featuring Rains’ signature built-in cap. Made from waterproof, matte PU, this lightweight unisex rain jacket is an ode to nostalgia through its classic silhouette and utilitarian design details.</p>\n                                <p>- Casual unisex fit</p>\n\n                                <p>- 64% polyester, 36% polyurethane</p>\n\n                                <p>- Water column pressure: 4000 mm</p>\n\n                                <p>- Model is 187cm tall and wearing a size S / M</p>\n\n                                <p>- Unisex fit</p>\n\n                                <p>- Drawstring hood with built-in cap</p>\n\n                                <p>- Front placket with snap buttons</p>\n\n                                <p>- Ventilation under armpit</p>\n\n                                <p>- Adjustable cuffs</p>\n\n                                <p>- Double welted front pockets</p>\n\n                                <p>- Adjustable elastic string at hempen</p>\n\n                                <p>- Ultrasonically welded seams</p>\n\n                                <p>This is a unisex item, please check our clothing &amp; footwear sizing guide for specific Rains jacket sizing information. RAINS comes from the rainy nation of Denmark at the edge of the European continent, close to the ocean and with prevailing westerly winds; all factors that contribute to an average of 121 rain days each year. Arising from these rainy weather conditions comes the attitude that a quick rain shower may be beautiful, as well as moody- but first and foremost requires the right outfit. Rains focus on the whole experience of going outside on rainy days, issuing an invitation to explore even in the most mercurial weather.</p>','published','[\"products\\/3.jpg\"]','SW-197-A0',0,17,0,1,1,2,0,0,20,NULL,NULL,NULL,10.00,10.00,18.00,546.00,NULL,93047,'2023-01-04 01:10:53','2023-01-04 01:10:58','in_stock',0,'Botble\\ACL\\Models\\User',NULL,'physical',3,0),(4,'Red &amp; Black Headphone','<ul><li> Unrestrained and portable active stereo speaker</li>\n            <li> Free from the confines of wires and chords</li>\n            <li> 20 hours of portable capabilities</li>\n            <li> Double-ended Coil Cord with 3.5mm Stereo Plugs Included</li>\n            <li> 3/4? Dome Tweeters: 2X and 4? Woofer: 1X</li></ul>','<p>Short Hooded Coat features a straight body, large pockets with button flaps, ventilation air holes, and a string detail along the hemline. The style is completed with a drawstring hood, featuring Rains’ signature built-in cap. Made from waterproof, matte PU, this lightweight unisex rain jacket is an ode to nostalgia through its classic silhouette and utilitarian design details.</p>\n                                <p>- Casual unisex fit</p>\n\n                                <p>- 64% polyester, 36% polyurethane</p>\n\n                                <p>- Water column pressure: 4000 mm</p>\n\n                                <p>- Model is 187cm tall and wearing a size S / M</p>\n\n                                <p>- Unisex fit</p>\n\n                                <p>- Drawstring hood with built-in cap</p>\n\n                                <p>- Front placket with snap buttons</p>\n\n                                <p>- Ventilation under armpit</p>\n\n                                <p>- Adjustable cuffs</p>\n\n                                <p>- Double welted front pockets</p>\n\n                                <p>- Adjustable elastic string at hempen</p>\n\n                                <p>- Ultrasonically welded seams</p>\n\n                                <p>This is a unisex item, please check our clothing &amp; footwear sizing guide for specific Rains jacket sizing information. RAINS comes from the rainy nation of Denmark at the edge of the European continent, close to the ocean and with prevailing westerly winds; all factors that contribute to an average of 121 rain days each year. Arising from these rainy weather conditions comes the attitude that a quick rain shower may be beautiful, as well as moody- but first and foremost requires the right outfit. Rains focus on the whole experience of going outside on rainy days, issuing an invitation to explore even in the most mercurial weather.</p>','published','[\"products\\/4.jpg\",\"products\\/4-1.jpg\",\"products\\/4-2.jpg\",\"products\\/4-3.jpg\"]','SW-100-A0',0,12,0,1,1,7,0,0,532,430.92,NULL,NULL,15.00,20.00,16.00,585.00,NULL,46315,'2023-01-04 01:10:53','2023-01-04 01:10:58','in_stock',0,'Botble\\ACL\\Models\\User',NULL,'physical',4,0),(5,'Smart Watch External (Digital)','<ul><li> Unrestrained and portable active stereo speaker</li>\n            <li> Free from the confines of wires and chords</li>\n            <li> 20 hours of portable capabilities</li>\n            <li> Double-ended Coil Cord with 3.5mm Stereo Plugs Included</li>\n            <li> 3/4? Dome Tweeters: 2X and 4? Woofer: 1X</li></ul>','<p>Short Hooded Coat features a straight body, large pockets with button flaps, ventilation air holes, and a string detail along the hemline. The style is completed with a drawstring hood, featuring Rains’ signature built-in cap. Made from waterproof, matte PU, this lightweight unisex rain jacket is an ode to nostalgia through its classic silhouette and utilitarian design details.</p>\n                                <p>- Casual unisex fit</p>\n\n                                <p>- 64% polyester, 36% polyurethane</p>\n\n                                <p>- Water column pressure: 4000 mm</p>\n\n                                <p>- Model is 187cm tall and wearing a size S / M</p>\n\n                                <p>- Unisex fit</p>\n\n                                <p>- Drawstring hood with built-in cap</p>\n\n                                <p>- Front placket with snap buttons</p>\n\n                                <p>- Ventilation under armpit</p>\n\n                                <p>- Adjustable cuffs</p>\n\n                                <p>- Double welted front pockets</p>\n\n                                <p>- Adjustable elastic string at hempen</p>\n\n                                <p>- Ultrasonically welded seams</p>\n\n                                <p>This is a unisex item, please check our clothing &amp; footwear sizing guide for specific Rains jacket sizing information. RAINS comes from the rainy nation of Denmark at the edge of the European continent, close to the ocean and with prevailing westerly winds; all factors that contribute to an average of 121 rain days each year. Arising from these rainy weather conditions comes the attitude that a quick rain shower may be beautiful, as well as moody- but first and foremost requires the right outfit. Rains focus on the whole experience of going outside on rainy days, issuing an invitation to explore even in the most mercurial weather.</p>','published','[\"products\\/5.jpg\",\"products\\/5-1.jpg\",\"products\\/5-2.jpg\",\"products\\/5-3.jpg\"]','SW-108-A0',0,13,0,1,1,2,0,0,898,NULL,NULL,NULL,14.00,14.00,10.00,891.00,NULL,156047,'2023-01-04 01:10:53','2023-01-04 01:10:58','in_stock',0,'Botble\\ACL\\Models\\User',NULL,'digital',1,0),(6,'Nikon HD camera','<ul><li> Unrestrained and portable active stereo speaker</li>\n            <li> Free from the confines of wires and chords</li>\n            <li> 20 hours of portable capabilities</li>\n            <li> Double-ended Coil Cord with 3.5mm Stereo Plugs Included</li>\n            <li> 3/4? Dome Tweeters: 2X and 4? Woofer: 1X</li></ul>','<p>Short Hooded Coat features a straight body, large pockets with button flaps, ventilation air holes, and a string detail along the hemline. The style is completed with a drawstring hood, featuring Rains’ signature built-in cap. Made from waterproof, matte PU, this lightweight unisex rain jacket is an ode to nostalgia through its classic silhouette and utilitarian design details.</p>\n                                <p>- Casual unisex fit</p>\n\n                                <p>- 64% polyester, 36% polyurethane</p>\n\n                                <p>- Water column pressure: 4000 mm</p>\n\n                                <p>- Model is 187cm tall and wearing a size S / M</p>\n\n                                <p>- Unisex fit</p>\n\n                                <p>- Drawstring hood with built-in cap</p>\n\n                                <p>- Front placket with snap buttons</p>\n\n                                <p>- Ventilation under armpit</p>\n\n                                <p>- Adjustable cuffs</p>\n\n                                <p>- Double welted front pockets</p>\n\n                                <p>- Adjustable elastic string at hempen</p>\n\n                                <p>- Ultrasonically welded seams</p>\n\n                                <p>This is a unisex item, please check our clothing &amp; footwear sizing guide for specific Rains jacket sizing information. RAINS comes from the rainy nation of Denmark at the edge of the European continent, close to the ocean and with prevailing westerly winds; all factors that contribute to an average of 121 rain days each year. Arising from these rainy weather conditions comes the attitude that a quick rain shower may be beautiful, as well as moody- but first and foremost requires the right outfit. Rains focus on the whole experience of going outside on rainy days, issuing an invitation to explore even in the most mercurial weather.</p>','published','[\"products\\/6.jpg\"]','SW-194-A0',0,17,0,1,1,2,0,0,407,NULL,NULL,NULL,20.00,16.00,16.00,835.00,NULL,128842,'2023-01-04 01:10:53','2023-01-04 01:10:58','in_stock',0,'Botble\\ACL\\Models\\User',NULL,'physical',3,0),(7,'Audio Equipment','<ul><li> Unrestrained and portable active stereo speaker</li>\n            <li> Free from the confines of wires and chords</li>\n            <li> 20 hours of portable capabilities</li>\n            <li> Double-ended Coil Cord with 3.5mm Stereo Plugs Included</li>\n            <li> 3/4? Dome Tweeters: 2X and 4? Woofer: 1X</li></ul>','<p>Short Hooded Coat features a straight body, large pockets with button flaps, ventilation air holes, and a string detail along the hemline. The style is completed with a drawstring hood, featuring Rains’ signature built-in cap. Made from waterproof, matte PU, this lightweight unisex rain jacket is an ode to nostalgia through its classic silhouette and utilitarian design details.</p>\n                                <p>- Casual unisex fit</p>\n\n                                <p>- 64% polyester, 36% polyurethane</p>\n\n                                <p>- Water column pressure: 4000 mm</p>\n\n                                <p>- Model is 187cm tall and wearing a size S / M</p>\n\n                                <p>- Unisex fit</p>\n\n                                <p>- Drawstring hood with built-in cap</p>\n\n                                <p>- Front placket with snap buttons</p>\n\n                                <p>- Ventilation under armpit</p>\n\n                                <p>- Adjustable cuffs</p>\n\n                                <p>- Double welted front pockets</p>\n\n                                <p>- Adjustable elastic string at hempen</p>\n\n                                <p>- Ultrasonically welded seams</p>\n\n                                <p>This is a unisex item, please check our clothing &amp; footwear sizing guide for specific Rains jacket sizing information. RAINS comes from the rainy nation of Denmark at the edge of the European continent, close to the ocean and with prevailing westerly winds; all factors that contribute to an average of 121 rain days each year. Arising from these rainy weather conditions comes the attitude that a quick rain shower may be beautiful, as well as moody- but first and foremost requires the right outfit. Rains focus on the whole experience of going outside on rainy days, issuing an invitation to explore even in the most mercurial weather.</p>','published','[\"products\\/7.jpg\"]','SW-177-A0',0,18,0,1,1,3,0,0,508,NULL,NULL,NULL,14.00,14.00,15.00,816.00,NULL,184773,'2023-01-04 01:10:53','2023-01-04 01:10:58','in_stock',0,'Botble\\ACL\\Models\\User',NULL,'physical',4,0),(8,'Smart Televisions','<ul><li> Unrestrained and portable active stereo speaker</li>\n            <li> Free from the confines of wires and chords</li>\n            <li> 20 hours of portable capabilities</li>\n            <li> Double-ended Coil Cord with 3.5mm Stereo Plugs Included</li>\n            <li> 3/4? Dome Tweeters: 2X and 4? Woofer: 1X</li></ul>','<p>Short Hooded Coat features a straight body, large pockets with button flaps, ventilation air holes, and a string detail along the hemline. The style is completed with a drawstring hood, featuring Rains’ signature built-in cap. Made from waterproof, matte PU, this lightweight unisex rain jacket is an ode to nostalgia through its classic silhouette and utilitarian design details.</p>\n                                <p>- Casual unisex fit</p>\n\n                                <p>- 64% polyester, 36% polyurethane</p>\n\n                                <p>- Water column pressure: 4000 mm</p>\n\n                                <p>- Model is 187cm tall and wearing a size S / M</p>\n\n                                <p>- Unisex fit</p>\n\n                                <p>- Drawstring hood with built-in cap</p>\n\n                                <p>- Front placket with snap buttons</p>\n\n                                <p>- Ventilation under armpit</p>\n\n                                <p>- Adjustable cuffs</p>\n\n                                <p>- Double welted front pockets</p>\n\n                                <p>- Adjustable elastic string at hempen</p>\n\n                                <p>- Ultrasonically welded seams</p>\n\n                                <p>This is a unisex item, please check our clothing &amp; footwear sizing guide for specific Rains jacket sizing information. RAINS comes from the rainy nation of Denmark at the edge of the European continent, close to the ocean and with prevailing westerly winds; all factors that contribute to an average of 121 rain days each year. Arising from these rainy weather conditions comes the attitude that a quick rain shower may be beautiful, as well as moody- but first and foremost requires the right outfit. Rains focus on the whole experience of going outside on rainy days, issuing an invitation to explore even in the most mercurial weather.</p>','published','[\"products\\/8.jpg\",\"products\\/8-1.jpg\",\"products\\/8-2.jpg\",\"products\\/8-3.jpg\"]','SW-130-A0',0,17,0,1,1,1,0,0,1113,801.36,NULL,NULL,14.00,12.00,20.00,645.00,NULL,160336,'2023-01-04 01:10:53','2023-01-04 01:10:58','in_stock',0,'Botble\\ACL\\Models\\User',NULL,'physical',1,0),(9,'Samsung Smart Phone (Digital)','<ul><li> Unrestrained and portable active stereo speaker</li>\n            <li> Free from the confines of wires and chords</li>\n            <li> 20 hours of portable capabilities</li>\n            <li> Double-ended Coil Cord with 3.5mm Stereo Plugs Included</li>\n            <li> 3/4? Dome Tweeters: 2X and 4? Woofer: 1X</li></ul>','<p>Short Hooded Coat features a straight body, large pockets with button flaps, ventilation air holes, and a string detail along the hemline. The style is completed with a drawstring hood, featuring Rains’ signature built-in cap. Made from waterproof, matte PU, this lightweight unisex rain jacket is an ode to nostalgia through its classic silhouette and utilitarian design details.</p>\n                                <p>- Casual unisex fit</p>\n\n                                <p>- 64% polyester, 36% polyurethane</p>\n\n                                <p>- Water column pressure: 4000 mm</p>\n\n                                <p>- Model is 187cm tall and wearing a size S / M</p>\n\n                                <p>- Unisex fit</p>\n\n                                <p>- Drawstring hood with built-in cap</p>\n\n                                <p>- Front placket with snap buttons</p>\n\n                                <p>- Ventilation under armpit</p>\n\n                                <p>- Adjustable cuffs</p>\n\n                                <p>- Double welted front pockets</p>\n\n                                <p>- Adjustable elastic string at hempen</p>\n\n                                <p>- Ultrasonically welded seams</p>\n\n                                <p>This is a unisex item, please check our clothing &amp; footwear sizing guide for specific Rains jacket sizing information. RAINS comes from the rainy nation of Denmark at the edge of the European continent, close to the ocean and with prevailing westerly winds; all factors that contribute to an average of 121 rain days each year. Arising from these rainy weather conditions comes the attitude that a quick rain shower may be beautiful, as well as moody- but first and foremost requires the right outfit. Rains focus on the whole experience of going outside on rainy days, issuing an invitation to explore even in the most mercurial weather.</p>','published','[\"products\\/9.jpg\",\"products\\/9-1.jpg\",\"products\\/9-2.jpg\"]','SW-150-A0',0,20,0,1,1,5,0,0,560,NULL,NULL,NULL,17.00,10.00,15.00,502.00,NULL,87121,'2023-01-04 01:10:53','2023-01-04 01:10:58','in_stock',0,'Botble\\ACL\\Models\\User',NULL,'digital',3,0),(10,'Herschel Leather Duffle Bag In Brown Color','<ul><li> Unrestrained and portable active stereo speaker</li>\n            <li> Free from the confines of wires and chords</li>\n            <li> 20 hours of portable capabilities</li>\n            <li> Double-ended Coil Cord with 3.5mm Stereo Plugs Included</li>\n            <li> 3/4? Dome Tweeters: 2X and 4? Woofer: 1X</li></ul>','<p>Short Hooded Coat features a straight body, large pockets with button flaps, ventilation air holes, and a string detail along the hemline. The style is completed with a drawstring hood, featuring Rains’ signature built-in cap. Made from waterproof, matte PU, this lightweight unisex rain jacket is an ode to nostalgia through its classic silhouette and utilitarian design details.</p>\n                                <p>- Casual unisex fit</p>\n\n                                <p>- 64% polyester, 36% polyurethane</p>\n\n                                <p>- Water column pressure: 4000 mm</p>\n\n                                <p>- Model is 187cm tall and wearing a size S / M</p>\n\n                                <p>- Unisex fit</p>\n\n                                <p>- Drawstring hood with built-in cap</p>\n\n                                <p>- Front placket with snap buttons</p>\n\n                                <p>- Ventilation under armpit</p>\n\n                                <p>- Adjustable cuffs</p>\n\n                                <p>- Double welted front pockets</p>\n\n                                <p>- Adjustable elastic string at hempen</p>\n\n                                <p>- Ultrasonically welded seams</p>\n\n                                <p>This is a unisex item, please check our clothing &amp; footwear sizing guide for specific Rains jacket sizing information. RAINS comes from the rainy nation of Denmark at the edge of the European continent, close to the ocean and with prevailing westerly winds; all factors that contribute to an average of 121 rain days each year. Arising from these rainy weather conditions comes the attitude that a quick rain shower may be beautiful, as well as moody- but first and foremost requires the right outfit. Rains focus on the whole experience of going outside on rainy days, issuing an invitation to explore even in the most mercurial weather.</p>','published','[\"products\\/10.jpg\",\"products\\/10-1.jpg\",\"products\\/10-2.jpg\"]','SW-162-A0',0,10,0,1,0,7,0,0,1247,NULL,NULL,NULL,13.00,16.00,20.00,530.00,NULL,151434,'2023-01-04 01:10:53','2023-01-04 01:10:58','in_stock',0,'Botble\\ACL\\Models\\User',NULL,'physical',3,0),(11,'Xbox One Wireless Controller Black Color','<ul><li> Unrestrained and portable active stereo speaker</li>\n            <li> Free from the confines of wires and chords</li>\n            <li> 20 hours of portable capabilities</li>\n            <li> Double-ended Coil Cord with 3.5mm Stereo Plugs Included</li>\n            <li> 3/4? Dome Tweeters: 2X and 4? Woofer: 1X</li></ul>','<p>Short Hooded Coat features a straight body, large pockets with button flaps, ventilation air holes, and a string detail along the hemline. The style is completed with a drawstring hood, featuring Rains’ signature built-in cap. Made from waterproof, matte PU, this lightweight unisex rain jacket is an ode to nostalgia through its classic silhouette and utilitarian design details.</p>\n                                <p>- Casual unisex fit</p>\n\n                                <p>- 64% polyester, 36% polyurethane</p>\n\n                                <p>- Water column pressure: 4000 mm</p>\n\n                                <p>- Model is 187cm tall and wearing a size S / M</p>\n\n                                <p>- Unisex fit</p>\n\n                                <p>- Drawstring hood with built-in cap</p>\n\n                                <p>- Front placket with snap buttons</p>\n\n                                <p>- Ventilation under armpit</p>\n\n                                <p>- Adjustable cuffs</p>\n\n                                <p>- Double welted front pockets</p>\n\n                                <p>- Adjustable elastic string at hempen</p>\n\n                                <p>- Ultrasonically welded seams</p>\n\n                                <p>This is a unisex item, please check our clothing &amp; footwear sizing guide for specific Rains jacket sizing information. RAINS comes from the rainy nation of Denmark at the edge of the European continent, close to the ocean and with prevailing westerly winds; all factors that contribute to an average of 121 rain days each year. Arising from these rainy weather conditions comes the attitude that a quick rain shower may be beautiful, as well as moody- but first and foremost requires the right outfit. Rains focus on the whole experience of going outside on rainy days, issuing an invitation to explore even in the most mercurial weather.</p>','published','[\"products\\/11.jpg\",\"products\\/11-1.jpg\",\"products\\/11-2.jpg\",\"products\\/11-3.jpg\"]','SW-155-A0',0,15,0,1,0,6,0,0,1183,NULL,NULL,NULL,17.00,12.00,18.00,613.00,NULL,32339,'2023-01-04 01:10:53','2023-01-04 01:10:58','in_stock',0,'Botble\\ACL\\Models\\User',NULL,'physical',3,0),(12,'EPSION Plaster Printer','<ul><li> Unrestrained and portable active stereo speaker</li>\n            <li> Free from the confines of wires and chords</li>\n            <li> 20 hours of portable capabilities</li>\n            <li> Double-ended Coil Cord with 3.5mm Stereo Plugs Included</li>\n            <li> 3/4? Dome Tweeters: 2X and 4? Woofer: 1X</li></ul>','<p>Short Hooded Coat features a straight body, large pockets with button flaps, ventilation air holes, and a string detail along the hemline. The style is completed with a drawstring hood, featuring Rains’ signature built-in cap. Made from waterproof, matte PU, this lightweight unisex rain jacket is an ode to nostalgia through its classic silhouette and utilitarian design details.</p>\n                                <p>- Casual unisex fit</p>\n\n                                <p>- 64% polyester, 36% polyurethane</p>\n\n                                <p>- Water column pressure: 4000 mm</p>\n\n                                <p>- Model is 187cm tall and wearing a size S / M</p>\n\n                                <p>- Unisex fit</p>\n\n                                <p>- Drawstring hood with built-in cap</p>\n\n                                <p>- Front placket with snap buttons</p>\n\n                                <p>- Ventilation under armpit</p>\n\n                                <p>- Adjustable cuffs</p>\n\n                                <p>- Double welted front pockets</p>\n\n                                <p>- Adjustable elastic string at hempen</p>\n\n                                <p>- Ultrasonically welded seams</p>\n\n                                <p>This is a unisex item, please check our clothing &amp; footwear sizing guide for specific Rains jacket sizing information. RAINS comes from the rainy nation of Denmark at the edge of the European continent, close to the ocean and with prevailing westerly winds; all factors that contribute to an average of 121 rain days each year. Arising from these rainy weather conditions comes the attitude that a quick rain shower may be beautiful, as well as moody- but first and foremost requires the right outfit. Rains focus on the whole experience of going outside on rainy days, issuing an invitation to explore even in the most mercurial weather.</p>','published','[\"products\\/12.jpg\",\"products\\/12-1.jpg\",\"products\\/12-2.jpg\",\"products\\/12-3.jpg\"]','SW-146-A0',0,11,0,1,0,2,0,0,587,510.69,NULL,NULL,17.00,20.00,10.00,520.00,NULL,10697,'2023-01-04 01:10:53','2023-01-04 01:10:58','in_stock',0,'Botble\\ACL\\Models\\User',NULL,'physical',3,0),(13,'Sound Intone I65 Earphone White Version (Digital)','<ul><li> Unrestrained and portable active stereo speaker</li>\n            <li> Free from the confines of wires and chords</li>\n            <li> 20 hours of portable capabilities</li>\n            <li> Double-ended Coil Cord with 3.5mm Stereo Plugs Included</li>\n            <li> 3/4? Dome Tweeters: 2X and 4? Woofer: 1X</li></ul>','<p>Short Hooded Coat features a straight body, large pockets with button flaps, ventilation air holes, and a string detail along the hemline. The style is completed with a drawstring hood, featuring Rains’ signature built-in cap. Made from waterproof, matte PU, this lightweight unisex rain jacket is an ode to nostalgia through its classic silhouette and utilitarian design details.</p>\n                                <p>- Casual unisex fit</p>\n\n                                <p>- 64% polyester, 36% polyurethane</p>\n\n                                <p>- Water column pressure: 4000 mm</p>\n\n                                <p>- Model is 187cm tall and wearing a size S / M</p>\n\n                                <p>- Unisex fit</p>\n\n                                <p>- Drawstring hood with built-in cap</p>\n\n                                <p>- Front placket with snap buttons</p>\n\n                                <p>- Ventilation under armpit</p>\n\n                                <p>- Adjustable cuffs</p>\n\n                                <p>- Double welted front pockets</p>\n\n                                <p>- Adjustable elastic string at hempen</p>\n\n                                <p>- Ultrasonically welded seams</p>\n\n                                <p>This is a unisex item, please check our clothing &amp; footwear sizing guide for specific Rains jacket sizing information. RAINS comes from the rainy nation of Denmark at the edge of the European continent, close to the ocean and with prevailing westerly winds; all factors that contribute to an average of 121 rain days each year. Arising from these rainy weather conditions comes the attitude that a quick rain shower may be beautiful, as well as moody- but first and foremost requires the right outfit. Rains focus on the whole experience of going outside on rainy days, issuing an invitation to explore even in the most mercurial weather.</p>','published','[\"products\\/13.jpg\",\"products\\/13-1.jpg\"]','SW-197-A0',0,16,0,1,0,2,0,0,566,NULL,NULL,NULL,13.00,18.00,16.00,605.00,NULL,143864,'2023-01-04 01:10:53','2023-01-04 01:10:58','in_stock',0,'Botble\\ACL\\Models\\User',NULL,'digital',4,0),(14,'B&amp;O Play Mini Bluetooth Speaker','<ul><li> Unrestrained and portable active stereo speaker</li>\n            <li> Free from the confines of wires and chords</li>\n            <li> 20 hours of portable capabilities</li>\n            <li> Double-ended Coil Cord with 3.5mm Stereo Plugs Included</li>\n            <li> 3/4? Dome Tweeters: 2X and 4? Woofer: 1X</li></ul>','<p>Short Hooded Coat features a straight body, large pockets with button flaps, ventilation air holes, and a string detail along the hemline. The style is completed with a drawstring hood, featuring Rains’ signature built-in cap. Made from waterproof, matte PU, this lightweight unisex rain jacket is an ode to nostalgia through its classic silhouette and utilitarian design details.</p>\n                                <p>- Casual unisex fit</p>\n\n                                <p>- 64% polyester, 36% polyurethane</p>\n\n                                <p>- Water column pressure: 4000 mm</p>\n\n                                <p>- Model is 187cm tall and wearing a size S / M</p>\n\n                                <p>- Unisex fit</p>\n\n                                <p>- Drawstring hood with built-in cap</p>\n\n                                <p>- Front placket with snap buttons</p>\n\n                                <p>- Ventilation under armpit</p>\n\n                                <p>- Adjustable cuffs</p>\n\n                                <p>- Double welted front pockets</p>\n\n                                <p>- Adjustable elastic string at hempen</p>\n\n                                <p>- Ultrasonically welded seams</p>\n\n                                <p>This is a unisex item, please check our clothing &amp; footwear sizing guide for specific Rains jacket sizing information. RAINS comes from the rainy nation of Denmark at the edge of the European continent, close to the ocean and with prevailing westerly winds; all factors that contribute to an average of 121 rain days each year. Arising from these rainy weather conditions comes the attitude that a quick rain shower may be beautiful, as well as moody- but first and foremost requires the right outfit. Rains focus on the whole experience of going outside on rainy days, issuing an invitation to explore even in the most mercurial weather.</p>','published','[\"products\\/14.jpg\"]','SW-186-A0',0,17,0,1,0,2,0,0,568,NULL,NULL,NULL,16.00,10.00,18.00,562.00,NULL,27132,'2023-01-04 01:10:53','2023-01-04 01:10:58','in_stock',0,'Botble\\ACL\\Models\\User',NULL,'physical',2,0),(15,'Apple MacBook Air Retina 13.3-Inch Laptop','<ul><li> Unrestrained and portable active stereo speaker</li>\n            <li> Free from the confines of wires and chords</li>\n            <li> 20 hours of portable capabilities</li>\n            <li> Double-ended Coil Cord with 3.5mm Stereo Plugs Included</li>\n            <li> 3/4? Dome Tweeters: 2X and 4? Woofer: 1X</li></ul>','<p>Short Hooded Coat features a straight body, large pockets with button flaps, ventilation air holes, and a string detail along the hemline. The style is completed with a drawstring hood, featuring Rains’ signature built-in cap. Made from waterproof, matte PU, this lightweight unisex rain jacket is an ode to nostalgia through its classic silhouette and utilitarian design details.</p>\n                                <p>- Casual unisex fit</p>\n\n                                <p>- 64% polyester, 36% polyurethane</p>\n\n                                <p>- Water column pressure: 4000 mm</p>\n\n                                <p>- Model is 187cm tall and wearing a size S / M</p>\n\n                                <p>- Unisex fit</p>\n\n                                <p>- Drawstring hood with built-in cap</p>\n\n                                <p>- Front placket with snap buttons</p>\n\n                                <p>- Ventilation under armpit</p>\n\n                                <p>- Adjustable cuffs</p>\n\n                                <p>- Double welted front pockets</p>\n\n                                <p>- Adjustable elastic string at hempen</p>\n\n                                <p>- Ultrasonically welded seams</p>\n\n                                <p>This is a unisex item, please check our clothing &amp; footwear sizing guide for specific Rains jacket sizing information. RAINS comes from the rainy nation of Denmark at the edge of the European continent, close to the ocean and with prevailing westerly winds; all factors that contribute to an average of 121 rain days each year. Arising from these rainy weather conditions comes the attitude that a quick rain shower may be beautiful, as well as moody- but first and foremost requires the right outfit. Rains focus on the whole experience of going outside on rainy days, issuing an invitation to explore even in the most mercurial weather.</p>','published','[\"products\\/15.jpg\",\"products\\/15-1.jpg\"]','SW-166-A0',0,10,0,1,0,3,0,0,533,NULL,NULL,NULL,17.00,10.00,18.00,623.00,NULL,111985,'2023-01-04 01:10:53','2023-01-04 01:10:58','in_stock',0,'Botble\\ACL\\Models\\User',NULL,'physical',2,0),(16,'Apple MacBook Air Retina 12-Inch Laptop','<ul><li> Unrestrained and portable active stereo speaker</li>\n            <li> Free from the confines of wires and chords</li>\n            <li> 20 hours of portable capabilities</li>\n            <li> Double-ended Coil Cord with 3.5mm Stereo Plugs Included</li>\n            <li> 3/4? Dome Tweeters: 2X and 4? Woofer: 1X</li></ul>','<p>Short Hooded Coat features a straight body, large pockets with button flaps, ventilation air holes, and a string detail along the hemline. The style is completed with a drawstring hood, featuring Rains’ signature built-in cap. Made from waterproof, matte PU, this lightweight unisex rain jacket is an ode to nostalgia through its classic silhouette and utilitarian design details.</p>\n                                <p>- Casual unisex fit</p>\n\n                                <p>- 64% polyester, 36% polyurethane</p>\n\n                                <p>- Water column pressure: 4000 mm</p>\n\n                                <p>- Model is 187cm tall and wearing a size S / M</p>\n\n                                <p>- Unisex fit</p>\n\n                                <p>- Drawstring hood with built-in cap</p>\n\n                                <p>- Front placket with snap buttons</p>\n\n                                <p>- Ventilation under armpit</p>\n\n                                <p>- Adjustable cuffs</p>\n\n                                <p>- Double welted front pockets</p>\n\n                                <p>- Adjustable elastic string at hempen</p>\n\n                                <p>- Ultrasonically welded seams</p>\n\n                                <p>This is a unisex item, please check our clothing &amp; footwear sizing guide for specific Rains jacket sizing information. RAINS comes from the rainy nation of Denmark at the edge of the European continent, close to the ocean and with prevailing westerly winds; all factors that contribute to an average of 121 rain days each year. Arising from these rainy weather conditions comes the attitude that a quick rain shower may be beautiful, as well as moody- but first and foremost requires the right outfit. Rains focus on the whole experience of going outside on rainy days, issuing an invitation to explore even in the most mercurial weather.</p>','published','[\"products\\/16.jpg\"]','SW-185-A0',0,11,0,1,0,4,0,0,518,378.14,NULL,NULL,14.00,13.00,11.00,812.00,NULL,152337,'2023-01-04 01:10:53','2023-01-04 01:10:58','in_stock',0,'Botble\\ACL\\Models\\User',NULL,'physical',3,0),(17,'Samsung Gear VR Virtual Reality Headset (Digital)','<ul><li> Unrestrained and portable active stereo speaker</li>\n            <li> Free from the confines of wires and chords</li>\n            <li> 20 hours of portable capabilities</li>\n            <li> Double-ended Coil Cord with 3.5mm Stereo Plugs Included</li>\n            <li> 3/4? Dome Tweeters: 2X and 4? Woofer: 1X</li></ul>','<p>Short Hooded Coat features a straight body, large pockets with button flaps, ventilation air holes, and a string detail along the hemline. The style is completed with a drawstring hood, featuring Rains’ signature built-in cap. Made from waterproof, matte PU, this lightweight unisex rain jacket is an ode to nostalgia through its classic silhouette and utilitarian design details.</p>\n                                <p>- Casual unisex fit</p>\n\n                                <p>- 64% polyester, 36% polyurethane</p>\n\n                                <p>- Water column pressure: 4000 mm</p>\n\n                                <p>- Model is 187cm tall and wearing a size S / M</p>\n\n                                <p>- Unisex fit</p>\n\n                                <p>- Drawstring hood with built-in cap</p>\n\n                                <p>- Front placket with snap buttons</p>\n\n                                <p>- Ventilation under armpit</p>\n\n                                <p>- Adjustable cuffs</p>\n\n                                <p>- Double welted front pockets</p>\n\n                                <p>- Adjustable elastic string at hempen</p>\n\n                                <p>- Ultrasonically welded seams</p>\n\n                                <p>This is a unisex item, please check our clothing &amp; footwear sizing guide for specific Rains jacket sizing information. RAINS comes from the rainy nation of Denmark at the edge of the European continent, close to the ocean and with prevailing westerly winds; all factors that contribute to an average of 121 rain days each year. Arising from these rainy weather conditions comes the attitude that a quick rain shower may be beautiful, as well as moody- but first and foremost requires the right outfit. Rains focus on the whole experience of going outside on rainy days, issuing an invitation to explore even in the most mercurial weather.</p>','published','[\"products\\/17.jpg\",\"products\\/17-1.jpg\",\"products\\/17-2.jpg\",\"products\\/17-3.jpg\"]','SW-107-A0',0,19,0,1,0,3,0,0,541,NULL,NULL,NULL,19.00,13.00,17.00,732.00,NULL,152514,'2023-01-04 01:10:53','2023-01-04 01:10:58','in_stock',0,'Botble\\ACL\\Models\\User',NULL,'digital',1,0),(18,'Aveeno Moisturizing Body Shower 450ml','<ul><li> Unrestrained and portable active stereo speaker</li>\n            <li> Free from the confines of wires and chords</li>\n            <li> 20 hours of portable capabilities</li>\n            <li> Double-ended Coil Cord with 3.5mm Stereo Plugs Included</li>\n            <li> 3/4? Dome Tweeters: 2X and 4? Woofer: 1X</li></ul>','<p>Short Hooded Coat features a straight body, large pockets with button flaps, ventilation air holes, and a string detail along the hemline. The style is completed with a drawstring hood, featuring Rains’ signature built-in cap. Made from waterproof, matte PU, this lightweight unisex rain jacket is an ode to nostalgia through its classic silhouette and utilitarian design details.</p>\n                                <p>- Casual unisex fit</p>\n\n                                <p>- 64% polyester, 36% polyurethane</p>\n\n                                <p>- Water column pressure: 4000 mm</p>\n\n                                <p>- Model is 187cm tall and wearing a size S / M</p>\n\n                                <p>- Unisex fit</p>\n\n                                <p>- Drawstring hood with built-in cap</p>\n\n                                <p>- Front placket with snap buttons</p>\n\n                                <p>- Ventilation under armpit</p>\n\n                                <p>- Adjustable cuffs</p>\n\n                                <p>- Double welted front pockets</p>\n\n                                <p>- Adjustable elastic string at hempen</p>\n\n                                <p>- Ultrasonically welded seams</p>\n\n                                <p>This is a unisex item, please check our clothing &amp; footwear sizing guide for specific Rains jacket sizing information. RAINS comes from the rainy nation of Denmark at the edge of the European continent, close to the ocean and with prevailing westerly winds; all factors that contribute to an average of 121 rain days each year. Arising from these rainy weather conditions comes the attitude that a quick rain shower may be beautiful, as well as moody- but first and foremost requires the right outfit. Rains focus on the whole experience of going outside on rainy days, issuing an invitation to explore even in the most mercurial weather.</p>','published','[\"products\\/18.jpg\",\"products\\/18-1.jpg\",\"products\\/18-2.jpg\",\"products\\/18-3.jpg\"]','SW-171-A0',0,18,0,1,0,4,0,0,1141,NULL,NULL,NULL,15.00,11.00,14.00,654.00,NULL,135448,'2023-01-04 01:10:53','2023-01-04 01:10:58','in_stock',0,'Botble\\ACL\\Models\\User',NULL,'physical',1,0),(19,'NYX Beauty Couton Pallete Makeup 12','<ul><li> Unrestrained and portable active stereo speaker</li>\n            <li> Free from the confines of wires and chords</li>\n            <li> 20 hours of portable capabilities</li>\n            <li> Double-ended Coil Cord with 3.5mm Stereo Plugs Included</li>\n            <li> 3/4? Dome Tweeters: 2X and 4? Woofer: 1X</li></ul>','<p>Short Hooded Coat features a straight body, large pockets with button flaps, ventilation air holes, and a string detail along the hemline. The style is completed with a drawstring hood, featuring Rains’ signature built-in cap. Made from waterproof, matte PU, this lightweight unisex rain jacket is an ode to nostalgia through its classic silhouette and utilitarian design details.</p>\n                                <p>- Casual unisex fit</p>\n\n                                <p>- 64% polyester, 36% polyurethane</p>\n\n                                <p>- Water column pressure: 4000 mm</p>\n\n                                <p>- Model is 187cm tall and wearing a size S / M</p>\n\n                                <p>- Unisex fit</p>\n\n                                <p>- Drawstring hood with built-in cap</p>\n\n                                <p>- Front placket with snap buttons</p>\n\n                                <p>- Ventilation under armpit</p>\n\n                                <p>- Adjustable cuffs</p>\n\n                                <p>- Double welted front pockets</p>\n\n                                <p>- Adjustable elastic string at hempen</p>\n\n                                <p>- Ultrasonically welded seams</p>\n\n                                <p>This is a unisex item, please check our clothing &amp; footwear sizing guide for specific Rains jacket sizing information. RAINS comes from the rainy nation of Denmark at the edge of the European continent, close to the ocean and with prevailing westerly winds; all factors that contribute to an average of 121 rain days each year. Arising from these rainy weather conditions comes the attitude that a quick rain shower may be beautiful, as well as moody- but first and foremost requires the right outfit. Rains focus on the whole experience of going outside on rainy days, issuing an invitation to explore even in the most mercurial weather.</p>','published','[\"products\\/19.jpg\",\"products\\/19-1.jpg\",\"products\\/19-2.jpg\",\"products\\/19-3.jpg\"]','SW-140-A0',0,17,0,1,0,1,0,0,922,NULL,NULL,NULL,18.00,11.00,15.00,747.00,NULL,83917,'2023-01-04 01:10:53','2023-01-04 01:10:58','in_stock',0,'Botble\\ACL\\Models\\User',NULL,'physical',4,0),(20,'NYX Beauty Couton Pallete Makeup 12','<ul><li> Unrestrained and portable active stereo speaker</li>\n            <li> Free from the confines of wires and chords</li>\n            <li> 20 hours of portable capabilities</li>\n            <li> Double-ended Coil Cord with 3.5mm Stereo Plugs Included</li>\n            <li> 3/4? Dome Tweeters: 2X and 4? Woofer: 1X</li></ul>','<p>Short Hooded Coat features a straight body, large pockets with button flaps, ventilation air holes, and a string detail along the hemline. The style is completed with a drawstring hood, featuring Rains’ signature built-in cap. Made from waterproof, matte PU, this lightweight unisex rain jacket is an ode to nostalgia through its classic silhouette and utilitarian design details.</p>\n                                <p>- Casual unisex fit</p>\n\n                                <p>- 64% polyester, 36% polyurethane</p>\n\n                                <p>- Water column pressure: 4000 mm</p>\n\n                                <p>- Model is 187cm tall and wearing a size S / M</p>\n\n                                <p>- Unisex fit</p>\n\n                                <p>- Drawstring hood with built-in cap</p>\n\n                                <p>- Front placket with snap buttons</p>\n\n                                <p>- Ventilation under armpit</p>\n\n                                <p>- Adjustable cuffs</p>\n\n                                <p>- Double welted front pockets</p>\n\n                                <p>- Adjustable elastic string at hempen</p>\n\n                                <p>- Ultrasonically welded seams</p>\n\n                                <p>This is a unisex item, please check our clothing &amp; footwear sizing guide for specific Rains jacket sizing information. RAINS comes from the rainy nation of Denmark at the edge of the European continent, close to the ocean and with prevailing westerly winds; all factors that contribute to an average of 121 rain days each year. Arising from these rainy weather conditions comes the attitude that a quick rain shower may be beautiful, as well as moody- but first and foremost requires the right outfit. Rains focus on the whole experience of going outside on rainy days, issuing an invitation to explore even in the most mercurial weather.</p>','published','[\"products\\/20.jpg\",\"products\\/20-1.jpg\",\"products\\/20-2.jpg\",\"products\\/20-3.jpg\"]','SW-189-A0',0,15,0,1,0,4,0,0,918,642.6,NULL,NULL,20.00,10.00,17.00,735.00,NULL,115591,'2023-01-04 01:10:53','2023-01-04 01:10:58','in_stock',0,'Botble\\ACL\\Models\\User',NULL,'physical',4,0),(21,'MVMTH Classical Leather Watch In Black (Digital)','<ul><li> Unrestrained and portable active stereo speaker</li>\n            <li> Free from the confines of wires and chords</li>\n            <li> 20 hours of portable capabilities</li>\n            <li> Double-ended Coil Cord with 3.5mm Stereo Plugs Included</li>\n            <li> 3/4? Dome Tweeters: 2X and 4? Woofer: 1X</li></ul>','<p>Short Hooded Coat features a straight body, large pockets with button flaps, ventilation air holes, and a string detail along the hemline. The style is completed with a drawstring hood, featuring Rains’ signature built-in cap. Made from waterproof, matte PU, this lightweight unisex rain jacket is an ode to nostalgia through its classic silhouette and utilitarian design details.</p>\n                                <p>- Casual unisex fit</p>\n\n                                <p>- 64% polyester, 36% polyurethane</p>\n\n                                <p>- Water column pressure: 4000 mm</p>\n\n                                <p>- Model is 187cm tall and wearing a size S / M</p>\n\n                                <p>- Unisex fit</p>\n\n                                <p>- Drawstring hood with built-in cap</p>\n\n                                <p>- Front placket with snap buttons</p>\n\n                                <p>- Ventilation under armpit</p>\n\n                                <p>- Adjustable cuffs</p>\n\n                                <p>- Double welted front pockets</p>\n\n                                <p>- Adjustable elastic string at hempen</p>\n\n                                <p>- Ultrasonically welded seams</p>\n\n                                <p>This is a unisex item, please check our clothing &amp; footwear sizing guide for specific Rains jacket sizing information. RAINS comes from the rainy nation of Denmark at the edge of the European continent, close to the ocean and with prevailing westerly winds; all factors that contribute to an average of 121 rain days each year. Arising from these rainy weather conditions comes the attitude that a quick rain shower may be beautiful, as well as moody- but first and foremost requires the right outfit. Rains focus on the whole experience of going outside on rainy days, issuing an invitation to explore even in the most mercurial weather.</p>','published','[\"products\\/21.jpg\",\"products\\/21-1.jpg\",\"products\\/21-2.jpg\"]','SW-168-A0',0,20,0,1,0,1,0,0,773,NULL,NULL,NULL,12.00,13.00,12.00,563.00,NULL,189788,'2023-01-04 01:10:53','2023-01-04 01:10:58','in_stock',0,'Botble\\ACL\\Models\\User',NULL,'digital',2,0),(22,'Baxter Care Hair Kit For Bearded Mens','<ul><li> Unrestrained and portable active stereo speaker</li>\n            <li> Free from the confines of wires and chords</li>\n            <li> 20 hours of portable capabilities</li>\n            <li> Double-ended Coil Cord with 3.5mm Stereo Plugs Included</li>\n            <li> 3/4? Dome Tweeters: 2X and 4? Woofer: 1X</li></ul>','<p>Short Hooded Coat features a straight body, large pockets with button flaps, ventilation air holes, and a string detail along the hemline. The style is completed with a drawstring hood, featuring Rains’ signature built-in cap. Made from waterproof, matte PU, this lightweight unisex rain jacket is an ode to nostalgia through its classic silhouette and utilitarian design details.</p>\n                                <p>- Casual unisex fit</p>\n\n                                <p>- 64% polyester, 36% polyurethane</p>\n\n                                <p>- Water column pressure: 4000 mm</p>\n\n                                <p>- Model is 187cm tall and wearing a size S / M</p>\n\n                                <p>- Unisex fit</p>\n\n                                <p>- Drawstring hood with built-in cap</p>\n\n                                <p>- Front placket with snap buttons</p>\n\n                                <p>- Ventilation under armpit</p>\n\n                                <p>- Adjustable cuffs</p>\n\n                                <p>- Double welted front pockets</p>\n\n                                <p>- Adjustable elastic string at hempen</p>\n\n                                <p>- Ultrasonically welded seams</p>\n\n                                <p>This is a unisex item, please check our clothing &amp; footwear sizing guide for specific Rains jacket sizing information. RAINS comes from the rainy nation of Denmark at the edge of the European continent, close to the ocean and with prevailing westerly winds; all factors that contribute to an average of 121 rain days each year. Arising from these rainy weather conditions comes the attitude that a quick rain shower may be beautiful, as well as moody- but first and foremost requires the right outfit. Rains focus on the whole experience of going outside on rainy days, issuing an invitation to explore even in the most mercurial weather.</p>','published','[\"products\\/22.jpg\",\"products\\/22-1.jpg\",\"products\\/22-2.jpg\",\"products\\/22-3.jpg\"]','SW-137-A0',0,16,0,1,0,3,0,0,416,NULL,NULL,NULL,16.00,10.00,16.00,688.00,NULL,91069,'2023-01-04 01:10:53','2023-01-04 01:10:58','in_stock',0,'Botble\\ACL\\Models\\User',NULL,'physical',2,0),(23,'Ciate Palemore Lipstick Bold Red Color','<ul><li> Unrestrained and portable active stereo speaker</li>\n            <li> Free from the confines of wires and chords</li>\n            <li> 20 hours of portable capabilities</li>\n            <li> Double-ended Coil Cord with 3.5mm Stereo Plugs Included</li>\n            <li> 3/4? Dome Tweeters: 2X and 4? Woofer: 1X</li></ul>','<p>Short Hooded Coat features a straight body, large pockets with button flaps, ventilation air holes, and a string detail along the hemline. The style is completed with a drawstring hood, featuring Rains’ signature built-in cap. Made from waterproof, matte PU, this lightweight unisex rain jacket is an ode to nostalgia through its classic silhouette and utilitarian design details.</p>\n                                <p>- Casual unisex fit</p>\n\n                                <p>- 64% polyester, 36% polyurethane</p>\n\n                                <p>- Water column pressure: 4000 mm</p>\n\n                                <p>- Model is 187cm tall and wearing a size S / M</p>\n\n                                <p>- Unisex fit</p>\n\n                                <p>- Drawstring hood with built-in cap</p>\n\n                                <p>- Front placket with snap buttons</p>\n\n                                <p>- Ventilation under armpit</p>\n\n                                <p>- Adjustable cuffs</p>\n\n                                <p>- Double welted front pockets</p>\n\n                                <p>- Adjustable elastic string at hempen</p>\n\n                                <p>- Ultrasonically welded seams</p>\n\n                                <p>This is a unisex item, please check our clothing &amp; footwear sizing guide for specific Rains jacket sizing information. RAINS comes from the rainy nation of Denmark at the edge of the European continent, close to the ocean and with prevailing westerly winds; all factors that contribute to an average of 121 rain days each year. Arising from these rainy weather conditions comes the attitude that a quick rain shower may be beautiful, as well as moody- but first and foremost requires the right outfit. Rains focus on the whole experience of going outside on rainy days, issuing an invitation to explore even in the most mercurial weather.</p>','published','[\"products\\/23.jpg\",\"products\\/23-1.jpg\",\"products\\/23-2.jpg\",\"products\\/23-3.jpg\"]','SW-148-A0',0,10,0,1,0,4,0,0,786,NULL,NULL,NULL,13.00,13.00,10.00,881.00,NULL,82021,'2023-01-04 01:10:53','2023-01-04 01:10:58','in_stock',0,'Botble\\ACL\\Models\\User',NULL,'physical',4,0),(24,'Dual Camera 20MP (Digital)',NULL,NULL,'published','[\"products\\/1.jpg\"]','SW-175-A0',0,18,0,1,0,1,1,0,80.25,NULL,NULL,NULL,19.00,15.00,17.00,561.00,NULL,0,'2023-01-04 01:10:53','2023-01-04 01:10:58','in_stock',0,'Botble\\ACL\\Models\\User',NULL,'digital',NULL,0),(25,'Dual Camera 20MP (Digital)',NULL,NULL,'published','[\"products\\/1.jpg\"]','SW-175-A0-A1',0,18,0,1,0,1,1,0,80.25,NULL,NULL,NULL,19.00,15.00,17.00,561.00,NULL,0,'2023-01-04 01:10:53','2023-01-04 01:10:58','in_stock',0,'Botble\\ACL\\Models\\User',NULL,'digital',NULL,0),(26,'Smart Watches',NULL,NULL,'published','[\"products\\/2.jpg\"]','SW-142-A0',0,18,0,1,0,3,1,0,40.5,NULL,NULL,NULL,19.00,14.00,20.00,516.00,NULL,0,'2023-01-04 01:10:53','2023-01-04 01:10:58','in_stock',0,'Botble\\ACL\\Models\\User',NULL,'physical',NULL,0),(27,'Smart Watches',NULL,NULL,'published','[\"products\\/2-1.jpg\"]','SW-142-A0-A1',0,18,0,1,0,3,1,0,40.5,NULL,NULL,NULL,19.00,14.00,20.00,516.00,NULL,0,'2023-01-04 01:10:53','2023-01-04 01:10:58','in_stock',0,'Botble\\ACL\\Models\\User',NULL,'physical',NULL,0),(28,'Beat Headphone',NULL,NULL,'published','[\"products\\/3.jpg\"]','SW-197-A0',0,17,0,1,0,2,1,0,20,NULL,NULL,NULL,10.00,10.00,18.00,546.00,NULL,0,'2023-01-04 01:10:53','2023-01-04 01:10:58','in_stock',0,'Botble\\ACL\\Models\\User',NULL,'physical',NULL,0),(29,'Red &amp; Black Headphone',NULL,NULL,'published','[\"products\\/4.jpg\"]','SW-100-A0',0,12,0,1,0,7,1,0,532,430.92,NULL,NULL,15.00,20.00,16.00,585.00,NULL,0,'2023-01-04 01:10:53','2023-01-04 01:10:58','in_stock',0,'Botble\\ACL\\Models\\User',NULL,'physical',NULL,0),(30,'Red &amp; Black Headphone',NULL,NULL,'published','[\"products\\/4-1.jpg\"]','SW-100-A0-A1',0,12,0,1,0,7,1,0,532,372.4,NULL,NULL,15.00,20.00,16.00,585.00,NULL,0,'2023-01-04 01:10:53','2023-01-04 01:10:58','in_stock',0,'Botble\\ACL\\Models\\User',NULL,'physical',NULL,0),(31,'Red &amp; Black Headphone',NULL,NULL,'published','[\"products\\/4-2.jpg\"]','SW-100-A0-A2',0,12,0,1,0,7,1,0,532,383.04,NULL,NULL,15.00,20.00,16.00,585.00,NULL,0,'2023-01-04 01:10:53','2023-01-04 01:10:58','in_stock',0,'Botble\\ACL\\Models\\User',NULL,'physical',NULL,0),(32,'Smart Watch External (Digital)',NULL,NULL,'published','[\"products\\/5.jpg\"]','SW-108-A0',0,13,0,1,0,2,1,0,898,NULL,NULL,NULL,14.00,14.00,10.00,891.00,NULL,0,'2023-01-04 01:10:53','2023-01-04 01:10:58','in_stock',0,'Botble\\ACL\\Models\\User',NULL,'digital',NULL,0),(33,'Nikon HD camera',NULL,NULL,'published','[\"products\\/6.jpg\"]','SW-194-A0',0,17,0,1,0,2,1,0,407,NULL,NULL,NULL,20.00,16.00,16.00,835.00,NULL,0,'2023-01-04 01:10:53','2023-01-04 01:10:58','in_stock',0,'Botble\\ACL\\Models\\User',NULL,'physical',NULL,0),(34,'Audio Equipment',NULL,NULL,'published','[\"products\\/7.jpg\"]','SW-177-A0',0,18,0,1,0,3,1,0,508,NULL,NULL,NULL,14.00,14.00,15.00,816.00,NULL,0,'2023-01-04 01:10:53','2023-01-04 01:10:58','in_stock',0,'Botble\\ACL\\Models\\User',NULL,'physical',NULL,0),(35,'Smart Televisions',NULL,NULL,'published','[\"products\\/8.jpg\"]','SW-130-A0',0,17,0,1,0,1,1,0,1113,801.36,NULL,NULL,14.00,12.00,20.00,645.00,NULL,0,'2023-01-04 01:10:53','2023-01-04 01:10:58','in_stock',0,'Botble\\ACL\\Models\\User',NULL,'physical',NULL,0),(36,'Smart Televisions',NULL,NULL,'published','[\"products\\/8-1.jpg\"]','SW-130-A0-A1',0,17,0,1,0,1,1,0,1113,968.31,NULL,NULL,14.00,12.00,20.00,645.00,NULL,0,'2023-01-04 01:10:53','2023-01-04 01:10:58','in_stock',0,'Botble\\ACL\\Models\\User',NULL,'physical',NULL,0),(37,'Samsung Smart Phone (Digital)',NULL,NULL,'published','[\"products\\/9.jpg\"]','SW-150-A0',0,20,0,1,0,5,1,0,560,NULL,NULL,NULL,17.00,10.00,15.00,502.00,NULL,0,'2023-01-04 01:10:53','2023-01-04 01:10:58','in_stock',0,'Botble\\ACL\\Models\\User',NULL,'digital',NULL,0),(38,'Herschel Leather Duffle Bag In Brown Color',NULL,NULL,'published','[\"products\\/10.jpg\"]','SW-162-A0',0,10,0,1,0,7,1,0,1247,NULL,NULL,NULL,13.00,16.00,20.00,530.00,NULL,0,'2023-01-04 01:10:53','2023-01-04 01:10:58','in_stock',0,'Botble\\ACL\\Models\\User',NULL,'physical',NULL,0),(39,'Herschel Leather Duffle Bag In Brown Color',NULL,NULL,'published','[\"products\\/10-1.jpg\"]','SW-162-A0-A1',0,10,0,1,0,7,1,0,1247,NULL,NULL,NULL,13.00,16.00,20.00,530.00,NULL,0,'2023-01-04 01:10:53','2023-01-04 01:10:58','in_stock',0,'Botble\\ACL\\Models\\User',NULL,'physical',NULL,0),(40,'Herschel Leather Duffle Bag In Brown Color',NULL,NULL,'published','[\"products\\/10-2.jpg\"]','SW-162-A0-A2',0,10,0,1,0,7,1,0,1247,NULL,NULL,NULL,13.00,16.00,20.00,530.00,NULL,0,'2023-01-04 01:10:53','2023-01-04 01:10:58','in_stock',0,'Botble\\ACL\\Models\\User',NULL,'physical',NULL,0),(41,'Herschel Leather Duffle Bag In Brown Color',NULL,NULL,'published','[\"products\\/10.jpg\"]','SW-162-A0-A3',0,10,0,1,0,7,1,0,1247,NULL,NULL,NULL,13.00,16.00,20.00,530.00,NULL,0,'2023-01-04 01:10:53','2023-01-04 01:10:58','in_stock',0,'Botble\\ACL\\Models\\User',NULL,'physical',NULL,0),(42,'Xbox One Wireless Controller Black Color',NULL,NULL,'published','[\"products\\/11.jpg\"]','SW-155-A0',0,15,0,1,0,6,1,0,1183,NULL,NULL,NULL,17.00,12.00,18.00,613.00,NULL,0,'2023-01-04 01:10:53','2023-01-04 01:10:58','in_stock',0,'Botble\\ACL\\Models\\User',NULL,'physical',NULL,0),(43,'Xbox One Wireless Controller Black Color',NULL,NULL,'published','[\"products\\/11-1.jpg\"]','SW-155-A0-A1',0,15,0,1,0,6,1,0,1183,NULL,NULL,NULL,17.00,12.00,18.00,613.00,NULL,0,'2023-01-04 01:10:53','2023-01-04 01:10:58','in_stock',0,'Botble\\ACL\\Models\\User',NULL,'physical',NULL,0),(44,'Xbox One Wireless Controller Black Color',NULL,NULL,'published','[\"products\\/11-2.jpg\"]','SW-155-A0-A2',0,15,0,1,0,6,1,0,1183,NULL,NULL,NULL,17.00,12.00,18.00,613.00,NULL,0,'2023-01-04 01:10:53','2023-01-04 01:10:58','in_stock',0,'Botble\\ACL\\Models\\User',NULL,'physical',NULL,0),(45,'EPSION Plaster Printer',NULL,NULL,'published','[\"products\\/12.jpg\"]','SW-146-A0',0,11,0,1,0,2,1,0,587,510.69,NULL,NULL,17.00,20.00,10.00,520.00,NULL,0,'2023-01-04 01:10:53','2023-01-04 01:10:58','in_stock',0,'Botble\\ACL\\Models\\User',NULL,'physical',NULL,0),(46,'EPSION Plaster Printer',NULL,NULL,'published','[\"products\\/12-1.jpg\"]','SW-146-A0-A1',0,11,0,1,0,2,1,0,587,528.3,NULL,NULL,17.00,20.00,10.00,520.00,NULL,0,'2023-01-04 01:10:53','2023-01-04 01:10:58','in_stock',0,'Botble\\ACL\\Models\\User',NULL,'physical',NULL,0),(47,'EPSION Plaster Printer',NULL,NULL,'published','[\"products\\/12-2.jpg\"]','SW-146-A0-A2',0,11,0,1,0,2,1,0,587,440.25,NULL,NULL,17.00,20.00,10.00,520.00,NULL,0,'2023-01-04 01:10:53','2023-01-04 01:10:58','in_stock',0,'Botble\\ACL\\Models\\User',NULL,'physical',NULL,0),(48,'Sound Intone I65 Earphone White Version (Digital)',NULL,NULL,'published','[\"products\\/13.jpg\"]','SW-197-A0',0,16,0,1,0,2,1,0,566,NULL,NULL,NULL,13.00,18.00,16.00,605.00,NULL,0,'2023-01-04 01:10:53','2023-01-04 01:10:58','in_stock',0,'Botble\\ACL\\Models\\User',NULL,'digital',NULL,0),(49,'Sound Intone I65 Earphone White Version (Digital)',NULL,NULL,'published','[\"products\\/13-1.jpg\"]','SW-197-A0-A1',0,16,0,1,0,2,1,0,566,NULL,NULL,NULL,13.00,18.00,16.00,605.00,NULL,0,'2023-01-04 01:10:53','2023-01-04 01:10:58','in_stock',0,'Botble\\ACL\\Models\\User',NULL,'digital',NULL,0),(50,'Sound Intone I65 Earphone White Version (Digital)',NULL,NULL,'published','[\"products\\/13.jpg\"]','SW-197-A0-A2',0,16,0,1,0,2,1,0,566,NULL,NULL,NULL,13.00,18.00,16.00,605.00,NULL,0,'2023-01-04 01:10:53','2023-01-04 01:10:58','in_stock',0,'Botble\\ACL\\Models\\User',NULL,'digital',NULL,0),(51,'B&amp;O Play Mini Bluetooth Speaker',NULL,NULL,'published','[\"products\\/14.jpg\"]','SW-186-A0',0,17,0,1,0,2,1,0,568,NULL,NULL,NULL,16.00,10.00,18.00,562.00,NULL,0,'2023-01-04 01:10:53','2023-01-04 01:10:58','in_stock',0,'Botble\\ACL\\Models\\User',NULL,'physical',NULL,0),(52,'B&amp;O Play Mini Bluetooth Speaker',NULL,NULL,'published','[\"products\\/14.jpg\"]','SW-186-A0-A1',0,17,0,1,0,2,1,0,568,NULL,NULL,NULL,16.00,10.00,18.00,562.00,NULL,0,'2023-01-04 01:10:53','2023-01-04 01:10:58','in_stock',0,'Botble\\ACL\\Models\\User',NULL,'physical',NULL,0),(53,'Apple MacBook Air Retina 13.3-Inch Laptop',NULL,NULL,'published','[\"products\\/15.jpg\"]','SW-166-A0',0,10,0,1,0,3,1,0,533,NULL,NULL,NULL,17.00,10.00,18.00,623.00,NULL,0,'2023-01-04 01:10:53','2023-01-04 01:10:58','in_stock',0,'Botble\\ACL\\Models\\User',NULL,'physical',NULL,0),(54,'Apple MacBook Air Retina 13.3-Inch Laptop',NULL,NULL,'published','[\"products\\/15-1.jpg\"]','SW-166-A0-A1',0,10,0,1,0,3,1,0,533,NULL,NULL,NULL,17.00,10.00,18.00,623.00,NULL,0,'2023-01-04 01:10:53','2023-01-04 01:10:58','in_stock',0,'Botble\\ACL\\Models\\User',NULL,'physical',NULL,0),(55,'Apple MacBook Air Retina 13.3-Inch Laptop',NULL,NULL,'published','[\"products\\/15.jpg\"]','SW-166-A0-A2',0,10,0,1,0,3,1,0,533,NULL,NULL,NULL,17.00,10.00,18.00,623.00,NULL,0,'2023-01-04 01:10:53','2023-01-04 01:10:58','in_stock',0,'Botble\\ACL\\Models\\User',NULL,'physical',NULL,0),(56,'Apple MacBook Air Retina 13.3-Inch Laptop',NULL,NULL,'published','[\"products\\/15.jpg\"]','SW-166-A0-A3',0,10,0,1,0,3,1,0,533,NULL,NULL,NULL,17.00,10.00,18.00,623.00,NULL,0,'2023-01-04 01:10:53','2023-01-04 01:10:58','in_stock',0,'Botble\\ACL\\Models\\User',NULL,'physical',NULL,0),(57,'Apple MacBook Air Retina 12-Inch Laptop',NULL,NULL,'published','[\"products\\/16.jpg\"]','SW-185-A0',0,11,0,1,0,4,1,0,518,378.14,NULL,NULL,14.00,13.00,11.00,812.00,NULL,0,'2023-01-04 01:10:53','2023-01-04 01:10:58','in_stock',0,'Botble\\ACL\\Models\\User',NULL,'physical',NULL,0),(58,'Apple MacBook Air Retina 12-Inch Laptop',NULL,NULL,'published','[\"products\\/16.jpg\"]','SW-185-A0-A1',0,11,0,1,0,4,1,0,518,383.32,NULL,NULL,14.00,13.00,11.00,812.00,NULL,0,'2023-01-04 01:10:53','2023-01-04 01:10:58','in_stock',0,'Botble\\ACL\\Models\\User',NULL,'physical',NULL,0),(59,'Samsung Gear VR Virtual Reality Headset (Digital)',NULL,NULL,'published','[\"products\\/17.jpg\"]','SW-107-A0',0,19,0,1,0,3,1,0,541,NULL,NULL,NULL,19.00,13.00,17.00,732.00,NULL,0,'2023-01-04 01:10:53','2023-01-04 01:10:58','in_stock',0,'Botble\\ACL\\Models\\User',NULL,'digital',NULL,0),(60,'Samsung Gear VR Virtual Reality Headset (Digital)',NULL,NULL,'published','[\"products\\/17-1.jpg\"]','SW-107-A0-A1',0,19,0,1,0,3,1,0,541,NULL,NULL,NULL,19.00,13.00,17.00,732.00,NULL,0,'2023-01-04 01:10:53','2023-01-04 01:10:58','in_stock',0,'Botble\\ACL\\Models\\User',NULL,'digital',NULL,0),(61,'Aveeno Moisturizing Body Shower 450ml',NULL,NULL,'published','[\"products\\/18.jpg\"]','SW-171-A0',0,18,0,1,0,4,1,0,1141,NULL,NULL,NULL,15.00,11.00,14.00,654.00,NULL,0,'2023-01-04 01:10:53','2023-01-04 01:10:58','in_stock',0,'Botble\\ACL\\Models\\User',NULL,'physical',NULL,0),(62,'Aveeno Moisturizing Body Shower 450ml',NULL,NULL,'published','[\"products\\/18-1.jpg\"]','SW-171-A0-A1',0,18,0,1,0,4,1,0,1141,NULL,NULL,NULL,15.00,11.00,14.00,654.00,NULL,0,'2023-01-04 01:10:53','2023-01-04 01:10:58','in_stock',0,'Botble\\ACL\\Models\\User',NULL,'physical',NULL,0),(63,'Aveeno Moisturizing Body Shower 450ml',NULL,NULL,'published','[\"products\\/18-2.jpg\"]','SW-171-A0-A2',0,18,0,1,0,4,1,0,1141,NULL,NULL,NULL,15.00,11.00,14.00,654.00,NULL,0,'2023-01-04 01:10:53','2023-01-04 01:10:58','in_stock',0,'Botble\\ACL\\Models\\User',NULL,'physical',NULL,0),(64,'NYX Beauty Couton Pallete Makeup 12',NULL,NULL,'published','[\"products\\/19.jpg\"]','SW-140-A0',0,17,0,1,0,1,1,0,922,NULL,NULL,NULL,18.00,11.00,15.00,747.00,NULL,0,'2023-01-04 01:10:53','2023-01-04 01:10:58','in_stock',0,'Botble\\ACL\\Models\\User',NULL,'physical',NULL,0),(65,'NYX Beauty Couton Pallete Makeup 12',NULL,NULL,'published','[\"products\\/19-1.jpg\"]','SW-140-A0-A1',0,17,0,1,0,1,1,0,922,NULL,NULL,NULL,18.00,11.00,15.00,747.00,NULL,0,'2023-01-04 01:10:53','2023-01-04 01:10:58','in_stock',0,'Botble\\ACL\\Models\\User',NULL,'physical',NULL,0),(66,'NYX Beauty Couton Pallete Makeup 12',NULL,NULL,'published','[\"products\\/20.jpg\"]','SW-189-A0',0,15,0,1,0,4,1,0,918,642.6,NULL,NULL,20.00,10.00,17.00,735.00,NULL,0,'2023-01-04 01:10:53','2023-01-04 01:10:58','in_stock',0,'Botble\\ACL\\Models\\User',NULL,'physical',NULL,0),(67,'NYX Beauty Couton Pallete Makeup 12',NULL,NULL,'published','[\"products\\/20-1.jpg\"]','SW-189-A0-A1',0,15,0,1,0,4,1,0,918,679.32,NULL,NULL,20.00,10.00,17.00,735.00,NULL,0,'2023-01-04 01:10:53','2023-01-04 01:10:58','in_stock',0,'Botble\\ACL\\Models\\User',NULL,'physical',NULL,0),(68,'NYX Beauty Couton Pallete Makeup 12',NULL,NULL,'published','[\"products\\/20-2.jpg\"]','SW-189-A0-A2',0,15,0,1,0,4,1,0,918,679.32,NULL,NULL,20.00,10.00,17.00,735.00,NULL,0,'2023-01-04 01:10:53','2023-01-04 01:10:58','in_stock',0,'Botble\\ACL\\Models\\User',NULL,'physical',NULL,0),(69,'NYX Beauty Couton Pallete Makeup 12',NULL,NULL,'published','[\"products\\/20-3.jpg\"]','SW-189-A0-A3',0,15,0,1,0,4,1,0,918,780.3,NULL,NULL,20.00,10.00,17.00,735.00,NULL,0,'2023-01-04 01:10:53','2023-01-04 01:10:58','in_stock',0,'Botble\\ACL\\Models\\User',NULL,'physical',NULL,0),(70,'MVMTH Classical Leather Watch In Black (Digital)',NULL,NULL,'published','[\"products\\/21.jpg\"]','SW-168-A0',0,20,0,1,0,1,1,0,773,NULL,NULL,NULL,12.00,13.00,12.00,563.00,NULL,0,'2023-01-04 01:10:53','2023-01-04 01:10:58','in_stock',0,'Botble\\ACL\\Models\\User',NULL,'digital',NULL,0),(71,'MVMTH Classical Leather Watch In Black (Digital)',NULL,NULL,'published','[\"products\\/21-1.jpg\"]','SW-168-A0-A1',0,20,0,1,0,1,1,0,773,NULL,NULL,NULL,12.00,13.00,12.00,563.00,NULL,0,'2023-01-04 01:10:53','2023-01-04 01:10:58','in_stock',0,'Botble\\ACL\\Models\\User',NULL,'digital',NULL,0),(72,'MVMTH Classical Leather Watch In Black (Digital)',NULL,NULL,'published','[\"products\\/21-2.jpg\"]','SW-168-A0-A2',0,20,0,1,0,1,1,0,773,NULL,NULL,NULL,12.00,13.00,12.00,563.00,NULL,0,'2023-01-04 01:10:53','2023-01-04 01:10:58','in_stock',0,'Botble\\ACL\\Models\\User',NULL,'digital',NULL,0),(73,'MVMTH Classical Leather Watch In Black (Digital)',NULL,NULL,'published','[\"products\\/21.jpg\"]','SW-168-A0-A3',0,20,0,1,0,1,1,0,773,NULL,NULL,NULL,12.00,13.00,12.00,563.00,NULL,0,'2023-01-04 01:10:54','2023-01-04 01:10:58','in_stock',0,'Botble\\ACL\\Models\\User',NULL,'digital',NULL,0),(74,'MVMTH Classical Leather Watch In Black (Digital)',NULL,NULL,'published','[\"products\\/21.jpg\"]','SW-168-A0-A4',0,20,0,1,0,1,1,0,773,NULL,NULL,NULL,12.00,13.00,12.00,563.00,NULL,0,'2023-01-04 01:10:54','2023-01-04 01:10:58','in_stock',0,'Botble\\ACL\\Models\\User',NULL,'digital',NULL,0),(75,'Baxter Care Hair Kit For Bearded Mens',NULL,NULL,'published','[\"products\\/22.jpg\"]','SW-137-A0',0,16,0,1,0,3,1,0,416,NULL,NULL,NULL,16.00,10.00,16.00,688.00,NULL,0,'2023-01-04 01:10:54','2023-01-04 01:10:58','in_stock',0,'Botble\\ACL\\Models\\User',NULL,'physical',NULL,0),(76,'Baxter Care Hair Kit For Bearded Mens',NULL,NULL,'published','[\"products\\/22-1.jpg\"]','SW-137-A0-A1',0,16,0,1,0,3,1,0,416,NULL,NULL,NULL,16.00,10.00,16.00,688.00,NULL,0,'2023-01-04 01:10:54','2023-01-04 01:10:58','in_stock',0,'Botble\\ACL\\Models\\User',NULL,'physical',NULL,0),(77,'Ciate Palemore Lipstick Bold Red Color',NULL,NULL,'published','[\"products\\/23.jpg\"]','SW-148-A0',0,10,0,1,0,4,1,0,786,NULL,NULL,NULL,13.00,13.00,10.00,881.00,NULL,0,'2023-01-04 01:10:54','2023-01-04 01:10:58','in_stock',0,'Botble\\ACL\\Models\\User',NULL,'physical',NULL,0),(78,'Ciate Palemore Lipstick Bold Red Color',NULL,NULL,'published','[\"products\\/23-1.jpg\"]','SW-148-A0-A1',0,10,0,1,0,4,1,0,786,NULL,NULL,NULL,13.00,13.00,10.00,881.00,NULL,0,'2023-01-04 01:10:54','2023-01-04 01:10:58','in_stock',0,'Botble\\ACL\\Models\\User',NULL,'physical',NULL,0),(79,'Ciate Palemore Lipstick Bold Red Color',NULL,NULL,'published','[\"products\\/23-2.jpg\"]','SW-148-A0-A2',0,10,0,1,0,4,1,0,786,NULL,NULL,NULL,13.00,13.00,10.00,881.00,NULL,0,'2023-01-04 01:10:54','2023-01-04 01:10:58','in_stock',0,'Botble\\ACL\\Models\\User',NULL,'physical',NULL,0);
/*!40000 ALTER TABLE `ec_products` ENABLE KEYS */;
UNLOCK TABLES;

--
-- Table structure for table `ec_products_translations`
--

DROP TABLE IF EXISTS `ec_products_translations`;
/*!40101 SET @saved_cs_client     = @@character_set_client */;
/*!50503 SET character_set_client = utf8mb4 */;
CREATE TABLE `ec_products_translations` (
  `lang_code` varchar(191) COLLATE utf8mb4_unicode_ci NOT NULL,
  `ec_products_id` int NOT NULL,
  `name` varchar(191) COLLATE utf8mb4_unicode_ci DEFAULT NULL,
  `description` text COLLATE utf8mb4_unicode_ci,
  `content` text COLLATE utf8mb4_unicode_ci,
  PRIMARY KEY (`lang_code`,`ec_products_id`)
) ENGINE=InnoDB DEFAULT CHARSET=utf8mb4 COLLATE=utf8mb4_unicode_ci;
/*!40101 SET character_set_client = @saved_cs_client */;

--
-- Dumping data for table `ec_products_translations`
--

LOCK TABLES `ec_products_translations` WRITE;
/*!40000 ALTER TABLE `ec_products_translations` DISABLE KEYS */;
INSERT INTO `ec_products_translations` VALUES ('vi',1,'Dual Camera 20MP',NULL,NULL),('vi',2,'Smart Watches',NULL,NULL),('vi',3,'Beat Headphone',NULL,NULL),('vi',4,'Red & Black Headphone',NULL,NULL),('vi',5,'Smart Watch External',NULL,NULL),('vi',6,'Nikon HD camera',NULL,NULL),('vi',7,'Audio Equipment',NULL,NULL),('vi',8,'Smart Televisions',NULL,NULL),('vi',9,'Samsung Smart Phone',NULL,NULL),('vi',10,'Herschel Leather Duffle Bag In Brown Color',NULL,NULL),('vi',11,'Xbox One Wireless Controller Black Color',NULL,NULL),('vi',12,'EPSION Plaster Printer',NULL,NULL),('vi',13,'Sound Intone I65 Earphone White Version',NULL,NULL),('vi',14,'B&O Play Mini Bluetooth Speaker',NULL,NULL),('vi',15,'Apple MacBook Air Retina 13.3-Inch Laptop',NULL,NULL),('vi',16,'Apple MacBook Air Retina 12-Inch Laptop',NULL,NULL),('vi',17,'Samsung Gear VR Virtual Reality Headset',NULL,NULL),('vi',18,'Aveeno Moisturizing Body Shower 450ml',NULL,NULL),('vi',19,'NYX Beauty Couton Pallete Makeup 12',NULL,NULL),('vi',20,'NYX Beauty Couton Pallete Makeup 12',NULL,NULL),('vi',21,'MVMTH Classical Leather Watch In Black',NULL,NULL),('vi',22,'Baxter Care Hair Kit For Bearded Mens',NULL,NULL),('vi',23,'Ciate Palemore Lipstick Bold Red Color',NULL,NULL),('vi',24,'Dual Camera 20MP',NULL,NULL),('vi',25,'Dual Camera 20MP',NULL,NULL),('vi',26,'Smart Watches',NULL,NULL),('vi',27,'Smart Watches',NULL,NULL),('vi',28,'Beat Headphone',NULL,NULL),('vi',29,'Red & Black Headphone',NULL,NULL),('vi',30,'Red & Black Headphone',NULL,NULL),('vi',31,'Red & Black Headphone',NULL,NULL),('vi',32,'Smart Watch External',NULL,NULL),('vi',33,'Nikon HD camera',NULL,NULL),('vi',34,'Audio Equipment',NULL,NULL),('vi',35,'Smart Televisions',NULL,NULL),('vi',36,'Smart Televisions',NULL,NULL),('vi',37,'Samsung Smart Phone',NULL,NULL),('vi',38,'Herschel Leather Duffle Bag In Brown Color',NULL,NULL),('vi',39,'Herschel Leather Duffle Bag In Brown Color',NULL,NULL),('vi',40,'Herschel Leather Duffle Bag In Brown Color',NULL,NULL),('vi',41,'Herschel Leather Duffle Bag In Brown Color',NULL,NULL),('vi',42,'Xbox One Wireless Controller Black Color',NULL,NULL),('vi',43,'Xbox One Wireless Controller Black Color',NULL,NULL),('vi',44,'Xbox One Wireless Controller Black Color',NULL,NULL),('vi',45,'EPSION Plaster Printer',NULL,NULL),('vi',46,'EPSION Plaster Printer',NULL,NULL),('vi',47,'EPSION Plaster Printer',NULL,NULL),('vi',48,'Sound Intone I65 Earphone White Version',NULL,NULL),('vi',49,'Sound Intone I65 Earphone White Version',NULL,NULL),('vi',50,'Sound Intone I65 Earphone White Version',NULL,NULL),('vi',51,'B&O Play Mini Bluetooth Speaker',NULL,NULL),('vi',52,'B&O Play Mini Bluetooth Speaker',NULL,NULL),('vi',53,'Apple MacBook Air Retina 13.3-Inch Laptop',NULL,NULL),('vi',54,'Apple MacBook Air Retina 13.3-Inch Laptop',NULL,NULL),('vi',55,'Apple MacBook Air Retina 13.3-Inch Laptop',NULL,NULL),('vi',56,'Apple MacBook Air Retina 13.3-Inch Laptop',NULL,NULL),('vi',57,'Apple MacBook Air Retina 12-Inch Laptop',NULL,NULL),('vi',58,'Apple MacBook Air Retina 12-Inch Laptop',NULL,NULL),('vi',59,'Samsung Gear VR Virtual Reality Headset',NULL,NULL),('vi',60,'Samsung Gear VR Virtual Reality Headset',NULL,NULL),('vi',61,'Aveeno Moisturizing Body Shower 450ml',NULL,NULL),('vi',62,'Aveeno Moisturizing Body Shower 450ml',NULL,NULL),('vi',63,'Aveeno Moisturizing Body Shower 450ml',NULL,NULL),('vi',64,'NYX Beauty Couton Pallete Makeup 12',NULL,NULL),('vi',65,'NYX Beauty Couton Pallete Makeup 12',NULL,NULL),('vi',66,'NYX Beauty Couton Pallete Makeup 12',NULL,NULL),('vi',67,'NYX Beauty Couton Pallete Makeup 12',NULL,NULL),('vi',68,'NYX Beauty Couton Pallete Makeup 12',NULL,NULL),('vi',69,'NYX Beauty Couton Pallete Makeup 12',NULL,NULL),('vi',70,'MVMTH Classical Leather Watch In Black',NULL,NULL),('vi',71,'MVMTH Classical Leather Watch In Black',NULL,NULL),('vi',72,'MVMTH Classical Leather Watch In Black',NULL,NULL),('vi',73,'MVMTH Classical Leather Watch In Black',NULL,NULL),('vi',74,'MVMTH Classical Leather Watch In Black',NULL,NULL),('vi',75,'Baxter Care Hair Kit For Bearded Mens',NULL,NULL),('vi',76,'Baxter Care Hair Kit For Bearded Mens',NULL,NULL),('vi',77,'Ciate Palemore Lipstick Bold Red Color',NULL,NULL),('vi',78,'Ciate Palemore Lipstick Bold Red Color',NULL,NULL),('vi',79,'Ciate Palemore Lipstick Bold Red Color',NULL,NULL);
/*!40000 ALTER TABLE `ec_products_translations` ENABLE KEYS */;
UNLOCK TABLES;

--
-- Table structure for table `ec_reviews`
--

DROP TABLE IF EXISTS `ec_reviews`;
/*!40101 SET @saved_cs_client     = @@character_set_client */;
/*!50503 SET character_set_client = utf8mb4 */;
CREATE TABLE `ec_reviews` (
  `id` bigint unsigned NOT NULL AUTO_INCREMENT,
  `customer_id` int unsigned NOT NULL,
  `product_id` int unsigned NOT NULL,
  `star` double(8,2) NOT NULL,
  `comment` text CHARACTER SET utf8mb4 COLLATE utf8mb4_unicode_ci NOT NULL,
  `status` varchar(60) COLLATE utf8mb4_unicode_ci NOT NULL DEFAULT 'published',
  `created_at` timestamp NULL DEFAULT NULL,
  `updated_at` timestamp NULL DEFAULT NULL,
  `images` text COLLATE utf8mb4_unicode_ci,
  PRIMARY KEY (`id`),
  KEY `ec_reviews_product_id_customer_id_status_created_at_index` (`product_id`,`customer_id`,`status`,`created_at`),
  KEY `ec_reviews_product_id_customer_id_status_index` (`product_id`,`customer_id`,`status`)
) ENGINE=InnoDB AUTO_INCREMENT=101 DEFAULT CHARSET=utf8mb4 COLLATE=utf8mb4_unicode_ci;
/*!40101 SET character_set_client = @saved_cs_client */;

--
-- Dumping data for table `ec_reviews`
--

LOCK TABLES `ec_reviews` WRITE;
/*!40000 ALTER TABLE `ec_reviews` DISABLE KEYS */;
INSERT INTO `ec_reviews` VALUES (1,5,16,1.00,'Second or third time that I buy a Botble product, happy with the products and support. You guys do a good job :)','published','2023-01-04 01:10:55','2023-01-04 01:10:55','[\"products\\/3.jpg\",\"products\\/20.jpg\"]'),(2,10,6,2.00,'The best ecommerce CMS! Excellent coding! best support service! Thank you so much..... I really like your hard work.','published','2023-01-04 01:10:55','2023-01-04 01:10:55','[\"products\\/3.jpg\",\"products\\/5.jpg\"]'),(3,2,13,1.00,'These guys are amazing! Responses immediately, amazing support and help... I immediately feel at ease after Purchasing..','published','2023-01-04 01:10:55','2023-01-04 01:10:55','[\"products\\/3.jpg\",\"products\\/6.jpg\"]'),(4,7,6,4.00,'This script is well coded and is super fast. The support is pretty quick. Very patient and helpful team. I strongly recommend it and they deserve more than 5 stars.','published','2023-01-04 01:10:55','2023-01-04 01:10:55','[\"products\\/1.jpg\",\"products\\/7.jpg\"]'),(5,8,14,1.00,'The best store template! Excellent coding! Very good support! Thank you so much for all the help, I really appreciated.','published','2023-01-04 01:10:55','2023-01-04 01:10:55','[\"products\\/3.jpg\"]'),(6,4,18,5.00,'Second or third time that I buy a Botble product, happy with the products and support. You guys do a good job :)','published','2023-01-04 01:10:55','2023-01-04 01:10:55','[\"products\\/3.jpg\"]'),(7,3,21,5.00,'Good app, good backup service and support. Good documentation.','published','2023-01-04 01:10:55','2023-01-04 01:10:55','[\"products\\/4.jpg\",\"products\\/7.jpg\"]'),(8,6,3,3.00,'These guys are amazing! Responses immediately, amazing support and help... I immediately feel at ease after Purchasing..','published','2023-01-04 01:10:55','2023-01-04 01:10:55','[\"products\\/1.jpg\",\"products\\/5.jpg\"]'),(9,1,17,2.00,'Best ecommerce CMS online store!','published','2023-01-04 01:10:55','2023-01-04 01:10:55','[\"products\\/3.jpg\",\"products\\/5.jpg\",\"products\\/16.jpg\"]'),(10,5,11,4.00,'Good app, good backup service and support. Good documentation.','published','2023-01-04 01:10:55','2023-01-04 01:10:55','[\"products\\/3.jpg\",\"products\\/5.jpg\"]'),(11,2,12,1.00,'I Love this Script. I also found how to add other fees. Now I just wait the BIG update for the Marketplace with the Bulk Import. Just do not forget to make it to be Multi-language for us the Botble Fans.','published','2023-01-04 01:10:55','2023-01-04 01:10:55','[\"products\\/2.jpg\",\"products\\/6.jpg\"]'),(12,6,6,1.00,'This web app is really good in design, code quality & features. Besides, the customer support provided by the Botble team was really fast & helpful. You guys are awesome!','published','2023-01-04 01:10:55','2023-01-04 01:10:55','[\"products\\/4.jpg\",\"products\\/5.jpg\",\"products\\/16.jpg\"]'),(13,4,4,4.00,'Good app, good backup service and support. Good documentation.','published','2023-01-04 01:10:55','2023-01-04 01:10:55','[\"products\\/3.jpg\",\"products\\/5.jpg\",\"products\\/22.jpg\"]'),(14,2,2,4.00,'These guys are amazing! Responses immediately, amazing support and help... I immediately feel at ease after Purchasing..','published','2023-01-04 01:10:55','2023-01-04 01:10:55','[\"products\\/3.jpg\",\"products\\/6.jpg\"]'),(15,10,11,5.00,'These guys are amazing! Responses immediately, amazing support and help... I immediately feel at ease after Purchasing..','published','2023-01-04 01:10:55','2023-01-04 01:10:55','[\"products\\/2.jpg\"]'),(16,5,11,3.00,'Customer Support are grade (A*), however the code is a way too over engineered for it\'s purpose.','published','2023-01-04 01:10:55','2023-01-04 01:10:55','[\"products\\/4.jpg\",\"products\\/13.jpg\"]'),(17,2,12,3.00,'The code is good, in general, if you like it, can you give it 5 stars?','published','2023-01-04 01:10:55','2023-01-04 01:10:55','[\"products\\/3.jpg\",\"products\\/6.jpg\",\"products\\/23.jpg\"]'),(18,2,11,4.00,'Cool template. Excellent code quality. The support responds very quickly, which is very rare on themeforest and codecanyon.net, I buy a lot of templates, and everyone will have a response from technical support for two or three days. Thanks to tech support. I recommend to buy.','published','2023-01-04 01:10:55','2023-01-04 01:10:55','[\"products\\/1.jpg\",\"products\\/5.jpg\"]'),(19,2,12,2.00,'Good app, good backup service and support. Good documentation.','published','2023-01-04 01:10:55','2023-01-04 01:10:55','[\"products\\/3.jpg\"]'),(20,6,1,2.00,'The script is the best of its class, fast, easy to implement and work with , and the most important thing is the great support team , Recommend with no doubt.','published','2023-01-04 01:10:55','2023-01-04 01:10:55','[\"products\\/1.jpg\",\"products\\/7.jpg\"]'),(21,10,16,4.00,'Best ecommerce CMS online store!','published','2023-01-04 01:10:55','2023-01-04 01:10:55','[\"products\\/4.jpg\",\"products\\/6.jpg\",\"products\\/14.jpg\"]'),(22,7,2,3.00,'I Love this Script. I also found how to add other fees. Now I just wait the BIG update for the Marketplace with the Bulk Import. Just do not forget to make it to be Multi-language for us the Botble Fans.','published','2023-01-04 01:10:55','2023-01-04 01:10:55','[\"products\\/1.jpg\",\"products\\/5.jpg\"]'),(23,5,15,2.00,'This web app is really good in design, code quality & features. Besides, the customer support provided by the Botble team was really fast & helpful. You guys are awesome!','published','2023-01-04 01:10:55','2023-01-04 01:10:55','[\"products\\/1.jpg\",\"products\\/7.jpg\",\"products\\/9.jpg\"]'),(24,5,6,2.00,'We have received brilliant service support and will be expanding the features with the developer. Nice product!','published','2023-01-04 01:10:55','2023-01-04 01:10:55','[\"products\\/4.jpg\",\"products\\/7.jpg\",\"products\\/8.jpg\"]'),(25,1,11,5.00,'Great system, great support, good job Botble. I\'m looking forward to more great functional plugins.','published','2023-01-04 01:10:55','2023-01-04 01:10:55','[\"products\\/4.jpg\",\"products\\/7.jpg\"]'),(26,9,17,4.00,'Solution is too robust for our purpose so we didn\'t use it at the end. But I appreciate customer support during initial configuration.','published','2023-01-04 01:10:55','2023-01-04 01:10:55','[\"products\\/4.jpg\",\"products\\/6.jpg\"]'),(27,5,6,5.00,'Cool template. Excellent code quality. The support responds very quickly, which is very rare on themeforest and codecanyon.net, I buy a lot of templates, and everyone will have a response from technical support for two or three days. Thanks to tech support. I recommend to buy.','published','2023-01-04 01:10:55','2023-01-04 01:10:55','[\"products\\/1.jpg\",\"products\\/7.jpg\"]'),(28,10,9,5.00,'This web app is really good in design, code quality & features. Besides, the customer support provided by the Botble team was really fast & helpful. You guys are awesome!','published','2023-01-04 01:10:55','2023-01-04 01:10:55','[\"products\\/4.jpg\",\"products\\/18.jpg\"]'),(29,7,9,5.00,'Cool template. Excellent code quality. The support responds very quickly, which is very rare on themeforest and codecanyon.net, I buy a lot of templates, and everyone will have a response from technical support for two or three days. Thanks to tech support. I recommend to buy.','published','2023-01-04 01:10:55','2023-01-04 01:10:55','[\"products\\/2.jpg\",\"products\\/6.jpg\"]'),(30,6,2,4.00,'Very enthusiastic support! Excellent code is written. It\'s a true pleasure working with.','published','2023-01-04 01:10:55','2023-01-04 01:10:55','[\"products\\/1.jpg\",\"products\\/13.jpg\"]'),(31,3,18,1.00,'Cool template. Excellent code quality. The support responds very quickly, which is very rare on themeforest and codecanyon.net, I buy a lot of templates, and everyone will have a response from technical support for two or three days. Thanks to tech support. I recommend to buy.','published','2023-01-04 01:10:55','2023-01-04 01:10:55','[\"products\\/3.jpg\",\"products\\/6.jpg\"]'),(32,2,18,4.00,'Very enthusiastic support! Excellent code is written. It\'s a true pleasure working with.','published','2023-01-04 01:10:55','2023-01-04 01:10:55','[\"products\\/2.jpg\"]'),(33,2,14,2.00,'For me the best eCommerce script on Envato at this moment: modern, clean code, a lot of great features. The customer support is great too: I always get an answer within hours!','published','2023-01-04 01:10:55','2023-01-04 01:10:55','[\"products\\/4.jpg\",\"products\\/5.jpg\"]'),(34,7,5,4.00,'Perfect +++++++++ i love it really also i get to fast ticket answers... Thanks Lot BOTBLE Teams','published','2023-01-04 01:10:55','2023-01-04 01:10:55','[\"products\\/3.jpg\"]'),(35,6,7,5.00,'The script is the best of its class, fast, easy to implement and work with , and the most important thing is the great support team , Recommend with no doubt.','published','2023-01-04 01:10:55','2023-01-04 01:10:55','[\"products\\/2.jpg\",\"products\\/6.jpg\",\"products\\/15.jpg\"]'),(36,6,12,1.00,'The script is the best of its class, fast, easy to implement and work with , and the most important thing is the great support team , Recommend with no doubt.','published','2023-01-04 01:10:55','2023-01-04 01:10:55','[\"products\\/3.jpg\",\"products\\/5.jpg\",\"products\\/20.jpg\"]'),(37,1,17,3.00,'Good app, good backup service and support. Good documentation.','published','2023-01-04 01:10:55','2023-01-04 01:10:55','[\"products\\/4.jpg\",\"products\\/5.jpg\",\"products\\/12.jpg\"]'),(38,10,15,4.00,'The script is the best of its class, fast, easy to implement and work with , and the most important thing is the great support team , Recommend with no doubt.','published','2023-01-04 01:10:55','2023-01-04 01:10:55','[\"products\\/3.jpg\",\"products\\/11.jpg\"]'),(39,4,20,4.00,'Amazing code, amazing support. Overall, im really confident in Botble and im happy I made the right choice! Thank you so much guys for coding this masterpiece','published','2023-01-04 01:10:55','2023-01-04 01:10:55','[\"products\\/1.jpg\",\"products\\/5.jpg\"]'),(40,4,17,1.00,'This web app is really good in design, code quality & features. Besides, the customer support provided by the Botble team was really fast & helpful. You guys are awesome!','published','2023-01-04 01:10:55','2023-01-04 01:10:55','[\"products\\/3.jpg\",\"products\\/5.jpg\",\"products\\/22.jpg\"]'),(41,7,6,2.00,'Great system, great support, good job Botble. I\'m looking forward to more great functional plugins.','published','2023-01-04 01:10:55','2023-01-04 01:10:55','[\"products\\/3.jpg\"]'),(42,1,19,1.00,'Amazing code, amazing support. Overall, im really confident in Botble and im happy I made the right choice! Thank you so much guys for coding this masterpiece','published','2023-01-04 01:10:55','2023-01-04 01:10:55','[\"products\\/2.jpg\",\"products\\/5.jpg\"]'),(43,3,17,5.00,'The best ecommerce CMS! Excellent coding! best support service! Thank you so much..... I really like your hard work.','published','2023-01-04 01:10:55','2023-01-04 01:10:55','[\"products\\/3.jpg\",\"products\\/7.jpg\"]'),(44,4,9,2.00,'Great E-commerce system. And much more : Wonderful Customer Support.','published','2023-01-04 01:10:55','2023-01-04 01:10:55','[\"products\\/4.jpg\",\"products\\/19.jpg\"]'),(45,7,14,4.00,'Great system, great support, good job Botble. I\'m looking forward to more great functional plugins.','published','2023-01-04 01:10:55','2023-01-04 01:10:55','[\"products\\/1.jpg\",\"products\\/7.jpg\"]'),(46,8,13,2.00,'Great E-commerce system. And much more : Wonderful Customer Support.','published','2023-01-04 01:10:55','2023-01-04 01:10:55','[\"products\\/1.jpg\",\"products\\/6.jpg\"]'),(47,5,10,5.00,'Very enthusiastic support! Excellent code is written. It\'s a true pleasure working with.','published','2023-01-04 01:10:55','2023-01-04 01:10:55','[\"products\\/4.jpg\",\"products\\/6.jpg\"]'),(48,4,18,3.00,'Great system, great support, good job Botble. I\'m looking forward to more great functional plugins.','published','2023-01-04 01:10:55','2023-01-04 01:10:55','[\"products\\/4.jpg\",\"products\\/14.jpg\"]'),(49,7,15,2.00,'As a developer I reviewed this script. This is really awesome ecommerce script. I have convinced when I noticed that it\'s built on fully WordPress concept.','published','2023-01-04 01:10:55','2023-01-04 01:10:55','[\"products\\/3.jpg\"]'),(50,2,8,5.00,'Those guys now what they are doing, the release such a good product that it\'s a pleasure to work with ! Even when I was stuck on the project, I created a ticket and the next day it was replied by the team. GOOD JOB guys. I love working with them :)','published','2023-01-04 01:10:55','2023-01-04 01:10:55','[\"products\\/4.jpg\",\"products\\/6.jpg\"]'),(51,6,20,2.00,'Clean & perfect source code','published','2023-01-04 01:10:55','2023-01-04 01:10:55','[\"products\\/2.jpg\"]'),(52,5,6,3.00,'This script is well coded and is super fast. The support is pretty quick. Very patient and helpful team. I strongly recommend it and they deserve more than 5 stars.','published','2023-01-04 01:10:55','2023-01-04 01:10:55','[\"products\\/4.jpg\",\"products\\/5.jpg\"]'),(53,4,19,3.00,'Solution is too robust for our purpose so we didn\'t use it at the end. But I appreciate customer support during initial configuration.','published','2023-01-04 01:10:55','2023-01-04 01:10:55','[\"products\\/1.jpg\",\"products\\/5.jpg\"]'),(54,3,11,5.00,'Those guys now what they are doing, the release such a good product that it\'s a pleasure to work with ! Even when I was stuck on the project, I created a ticket and the next day it was replied by the team. GOOD JOB guys. I love working with them :)','published','2023-01-04 01:10:55','2023-01-04 01:10:55','[\"products\\/1.jpg\",\"products\\/5.jpg\",\"products\\/12.jpg\"]'),(55,3,5,4.00,'Best ecommerce CMS online store!','published','2023-01-04 01:10:55','2023-01-04 01:10:55','[\"products\\/1.jpg\",\"products\\/6.jpg\"]'),(56,7,1,2.00,'Those guys now what they are doing, the release such a good product that it\'s a pleasure to work with ! Even when I was stuck on the project, I created a ticket and the next day it was replied by the team. GOOD JOB guys. I love working with them :)','published','2023-01-04 01:10:55','2023-01-04 01:10:55','[\"products\\/3.jpg\",\"products\\/5.jpg\",\"products\\/9.jpg\"]'),(57,4,13,3.00,'These guys are amazing! Responses immediately, amazing support and help... I immediately feel at ease after Purchasing..','published','2023-01-04 01:10:55','2023-01-04 01:10:55','[\"products\\/4.jpg\"]'),(58,3,15,4.00,'This script is well coded and is super fast. The support is pretty quick. Very patient and helpful team. I strongly recommend it and they deserve more than 5 stars.','published','2023-01-04 01:10:55','2023-01-04 01:10:55','[\"products\\/2.jpg\",\"products\\/7.jpg\"]'),(59,10,17,2.00,'The best ecommerce CMS! Excellent coding! best support service! Thank you so much..... I really like your hard work.','published','2023-01-04 01:10:55','2023-01-04 01:10:55','[\"products\\/2.jpg\"]'),(60,10,3,1.00,'The best ecommerce CMS! Excellent coding! best support service! Thank you so much..... I really like your hard work.','published','2023-01-04 01:10:55','2023-01-04 01:10:55','[\"products\\/2.jpg\",\"products\\/6.jpg\"]'),(61,3,2,4.00,'This script is well coded and is super fast. The support is pretty quick. Very patient and helpful team. I strongly recommend it and they deserve more than 5 stars.','published','2023-01-04 01:10:55','2023-01-04 01:10:55','[\"products\\/3.jpg\",\"products\\/6.jpg\"]'),(62,7,21,2.00,'Cool template. Excellent code quality. The support responds very quickly, which is very rare on themeforest and codecanyon.net, I buy a lot of templates, and everyone will have a response from technical support for two or three days. Thanks to tech support. I recommend to buy.','published','2023-01-04 01:10:55','2023-01-04 01:10:55','[\"products\\/4.jpg\",\"products\\/7.jpg\"]'),(63,3,16,2.00,'Very enthusiastic support! Excellent code is written. It\'s a true pleasure working with.','published','2023-01-04 01:10:55','2023-01-04 01:10:55','[\"products\\/2.jpg\",\"products\\/14.jpg\"]'),(64,5,17,3.00,'Customer Support are grade (A*), however the code is a way too over engineered for it\'s purpose.','published','2023-01-04 01:10:55','2023-01-04 01:10:55','[\"products\\/2.jpg\",\"products\\/7.jpg\",\"products\\/11.jpg\"]'),(65,6,20,1.00,'I Love this Script. I also found how to add other fees. Now I just wait the BIG update for the Marketplace with the Bulk Import. Just do not forget to make it to be Multi-language for us the Botble Fans.','published','2023-01-04 01:10:55','2023-01-04 01:10:55','[\"products\\/4.jpg\",\"products\\/5.jpg\",\"products\\/17.jpg\"]'),(66,6,17,4.00,'As a developer I reviewed this script. This is really awesome ecommerce script. I have convinced when I noticed that it\'s built on fully WordPress concept.','published','2023-01-04 01:10:55','2023-01-04 01:10:55','[\"products\\/3.jpg\",\"products\\/5.jpg\"]'),(67,4,8,2.00,'This script is well coded and is super fast. The support is pretty quick. Very patient and helpful team. I strongly recommend it and they deserve more than 5 stars.','published','2023-01-04 01:10:55','2023-01-04 01:10:55','[\"products\\/1.jpg\",\"products\\/20.jpg\"]'),(68,4,17,2.00,'We have received brilliant service support and will be expanding the features with the developer. Nice product!','published','2023-01-04 01:10:55','2023-01-04 01:10:55','[\"products\\/2.jpg\",\"products\\/7.jpg\"]'),(69,3,6,3.00,'Best ecommerce CMS online store!','published','2023-01-04 01:10:55','2023-01-04 01:10:55','[\"products\\/1.jpg\"]'),(70,10,20,5.00,'It\'s not my first experience here on Codecanyon and I can honestly tell you all that Botble puts a LOT of effort into the support. They answer so fast, they helped me tons of times. REALLY by far THE BEST EXPERIENCE on Codecanyon. Those guys at Botble are so good that they deserve 5 stars. I recommend them, I trust them and I can\'t wait to see what they will sell in a near future. Thank you Botble :)','published','2023-01-04 01:10:55','2023-01-04 01:10:55','[\"products\\/2.jpg\",\"products\\/6.jpg\"]'),(71,9,17,5.00,'Ok good product. I have some issues in customizations. But its not correct to blame the developer. The product is good. Good luck for your business.','published','2023-01-04 01:10:55','2023-01-04 01:10:55','[\"products\\/4.jpg\"]'),(72,9,22,4.00,'The best ecommerce CMS! Excellent coding! best support service! Thank you so much..... I really like your hard work.','published','2023-01-04 01:10:55','2023-01-04 01:10:55','[\"products\\/4.jpg\",\"products\\/6.jpg\"]'),(73,3,22,5.00,'Solution is too robust for our purpose so we didn\'t use it at the end. But I appreciate customer support during initial configuration.','published','2023-01-04 01:10:55','2023-01-04 01:10:55','[\"products\\/1.jpg\",\"products\\/5.jpg\"]'),(74,9,13,2.00,'This script is well coded and is super fast. The support is pretty quick. Very patient and helpful team. I strongly recommend it and they deserve more than 5 stars.','published','2023-01-04 01:10:55','2023-01-04 01:10:55','[\"products\\/4.jpg\",\"products\\/5.jpg\",\"products\\/9.jpg\"]'),(75,7,17,4.00,'Good app, good backup service and support. Good documentation.','published','2023-01-04 01:10:55','2023-01-04 01:10:55','[\"products\\/4.jpg\",\"products\\/5.jpg\"]'),(76,9,8,4.00,'Perfect +++++++++ i love it really also i get to fast ticket answers... Thanks Lot BOTBLE Teams','published','2023-01-04 01:10:55','2023-01-04 01:10:55','[\"products\\/1.jpg\",\"products\\/6.jpg\"]'),(77,2,23,4.00,'Solution is too robust for our purpose so we didn\'t use it at the end. But I appreciate customer support during initial configuration.','published','2023-01-04 01:10:55','2023-01-04 01:10:55','[\"products\\/2.jpg\",\"products\\/6.jpg\",\"products\\/14.jpg\"]'),(78,9,12,3.00,'Best ecommerce CMS online store!','published','2023-01-04 01:10:55','2023-01-04 01:10:55','[\"products\\/2.jpg\",\"products\\/7.jpg\"]'),(79,2,1,4.00,'Solution is too robust for our purpose so we didn\'t use it at the end. But I appreciate customer support during initial configuration.','published','2023-01-04 01:10:55','2023-01-04 01:10:55','[\"products\\/4.jpg\"]'),(80,10,9,2.00,'Customer Support are grade (A*), however the code is a way too over engineered for it\'s purpose.','published','2023-01-04 01:10:55','2023-01-04 01:10:55','[\"products\\/2.jpg\",\"products\\/7.jpg\",\"products\\/17.jpg\"]'),(81,9,22,3.00,'Solution is too robust for our purpose so we didn\'t use it at the end. But I appreciate customer support during initial configuration.','published','2023-01-04 01:10:55','2023-01-04 01:10:55','[\"products\\/4.jpg\"]'),(82,10,15,2.00,'The code is good, in general, if you like it, can you give it 5 stars?','published','2023-01-04 01:10:55','2023-01-04 01:10:55','[\"products\\/4.jpg\",\"products\\/8.jpg\"]'),(83,4,4,4.00,'Best ecommerce CMS online store!','published','2023-01-04 01:10:55','2023-01-04 01:10:55','[\"products\\/1.jpg\",\"products\\/7.jpg\"]'),(84,3,12,5.00,'Perfect +++++++++ i love it really also i get to fast ticket answers... Thanks Lot BOTBLE Teams','published','2023-01-04 01:10:55','2023-01-04 01:10:55','[\"products\\/4.jpg\"]'),(85,5,2,2.00,'Amazing code, amazing support. Overall, im really confident in Botble and im happy I made the right choice! Thank you so much guys for coding this masterpiece','published','2023-01-04 01:10:55','2023-01-04 01:10:55','[\"products\\/1.jpg\",\"products\\/7.jpg\",\"products\\/9.jpg\"]'),(86,6,9,4.00,'Those guys now what they are doing, the release such a good product that it\'s a pleasure to work with ! Even when I was stuck on the project, I created a ticket and the next day it was replied by the team. GOOD JOB guys. I love working with them :)','published','2023-01-04 01:10:55','2023-01-04 01:10:55','[\"products\\/2.jpg\",\"products\\/20.jpg\"]'),(87,3,1,5.00,'Cool template. Excellent code quality. The support responds very quickly, which is very rare on themeforest and codecanyon.net, I buy a lot of templates, and everyone will have a response from technical support for two or three days. Thanks to tech support. I recommend to buy.','published','2023-01-04 01:10:55','2023-01-04 01:10:55','[\"products\\/2.jpg\",\"products\\/5.jpg\"]'),(88,6,14,1.00,'Great system, great support, good job Botble. I\'m looking forward to more great functional plugins.','published','2023-01-04 01:10:55','2023-01-04 01:10:55','[\"products\\/2.jpg\",\"products\\/6.jpg\"]'),(89,3,16,1.00,'As a developer I reviewed this script. This is really awesome ecommerce script. I have convinced when I noticed that it\'s built on fully WordPress concept.','published','2023-01-04 01:10:55','2023-01-04 01:10:55','[\"products\\/3.jpg\",\"products\\/7.jpg\"]'),(90,10,12,2.00,'The best store template! Excellent coding! Very good support! Thank you so much for all the help, I really appreciated.','published','2023-01-04 01:10:55','2023-01-04 01:10:55','[\"products\\/1.jpg\",\"products\\/7.jpg\"]'),(91,10,14,5.00,'For me the best eCommerce script on Envato at this moment: modern, clean code, a lot of great features. The customer support is great too: I always get an answer within hours!','published','2023-01-04 01:10:55','2023-01-04 01:10:55','[\"products\\/1.jpg\",\"products\\/7.jpg\"]'),(92,3,23,3.00,'Great system, great support, good job Botble. I\'m looking forward to more great functional plugins.','published','2023-01-04 01:10:55','2023-01-04 01:10:55','[\"products\\/2.jpg\",\"products\\/5.jpg\"]'),(93,5,16,3.00,'Great E-commerce system. And much more : Wonderful Customer Support.','published','2023-01-04 01:10:55','2023-01-04 01:10:55','[\"products\\/2.jpg\",\"products\\/6.jpg\"]'),(94,10,16,5.00,'This web app is really good in design, code quality & features. Besides, the customer support provided by the Botble team was really fast & helpful. You guys are awesome!','published','2023-01-04 01:10:55','2023-01-04 01:10:55','[\"products\\/2.jpg\",\"products\\/5.jpg\"]'),(95,8,2,4.00,'Best ecommerce CMS online store!','published','2023-01-04 01:10:55','2023-01-04 01:10:55','[\"products\\/3.jpg\",\"products\\/6.jpg\"]'),(96,10,14,3.00,'Ok good product. I have some issues in customizations. But its not correct to blame the developer. The product is good. Good luck for your business.','published','2023-01-04 01:10:55','2023-01-04 01:10:55','[\"products\\/3.jpg\",\"products\\/6.jpg\"]'),(97,2,2,2.00,'Clean & perfect source code','published','2023-01-04 01:10:55','2023-01-04 01:10:55','[\"products\\/3.jpg\",\"products\\/8.jpg\"]'),(98,8,21,2.00,'Customer Support are grade (A*), however the code is a way too over engineered for it\'s purpose.','published','2023-01-04 01:10:55','2023-01-04 01:10:55','[\"products\\/2.jpg\",\"products\\/6.jpg\"]'),(99,7,12,4.00,'Perfect +++++++++ i love it really also i get to fast ticket answers... Thanks Lot BOTBLE Teams','published','2023-01-04 01:10:55','2023-01-04 01:10:55','[\"products\\/4.jpg\",\"products\\/5.jpg\",\"products\\/10.jpg\"]'),(100,7,7,1.00,'Great system, great support, good job Botble. I\'m looking forward to more great functional plugins.','published','2023-01-04 01:10:55','2023-01-04 01:10:55','[\"products\\/4.jpg\",\"products\\/7.jpg\",\"products\\/18.jpg\"]');
/*!40000 ALTER TABLE `ec_reviews` ENABLE KEYS */;
UNLOCK TABLES;

--
-- Table structure for table `ec_shipment_histories`
--

DROP TABLE IF EXISTS `ec_shipment_histories`;
/*!40101 SET @saved_cs_client     = @@character_set_client */;
/*!50503 SET character_set_client = utf8mb4 */;
CREATE TABLE `ec_shipment_histories` (
  `id` bigint unsigned NOT NULL AUTO_INCREMENT,
  `action` varchar(120) COLLATE utf8mb4_unicode_ci NOT NULL,
  `description` varchar(255) COLLATE utf8mb4_unicode_ci NOT NULL,
  `user_id` int unsigned DEFAULT NULL,
  `shipment_id` int unsigned NOT NULL,
  `order_id` int unsigned NOT NULL,
  `created_at` timestamp NULL DEFAULT NULL,
  `updated_at` timestamp NULL DEFAULT NULL,
  PRIMARY KEY (`id`)
) ENGINE=InnoDB AUTO_INCREMENT=127 DEFAULT CHARSET=utf8mb4 COLLATE=utf8mb4_unicode_ci;
/*!40101 SET character_set_client = @saved_cs_client */;

--
-- Dumping data for table `ec_shipment_histories`
--

LOCK TABLES `ec_shipment_histories` WRITE;
/*!40000 ALTER TABLE `ec_shipment_histories` DISABLE KEYS */;
INSERT INTO `ec_shipment_histories` VALUES (1,'create_from_order','Shipping was created from order %order_id%',0,1,1,'2022-12-30 01:10:58','2022-12-30 01:10:58'),(2,'update_status','Changed status of shipping to: Approved. Updated by: %user_name%',0,1,1,'2023-01-02 09:10:58','2023-01-04 01:10:58'),(3,'update_status','Changed status of shipping to: Delivered. Updated by: %user_name%',0,1,1,'2023-01-04 01:10:58','2023-01-04 01:10:58'),(4,'create_from_order','Shipping was created from order %order_id%',0,2,2,'2022-12-20 19:10:58','2022-12-20 19:10:58'),(5,'update_status','Changed status of shipping to: Approved. Updated by: %user_name%',0,2,2,'2023-01-02 11:10:58','2023-01-04 01:10:58'),(6,'update_status','Changed status of shipping to: Delivered. Updated by: %user_name%',0,2,2,'2023-01-04 01:10:58','2023-01-04 01:10:58'),(7,'create_from_order','Shipping was created from order %order_id%',0,3,3,'2022-12-31 21:10:58','2022-12-31 21:10:58'),(8,'update_status','Changed status of shipping to: Approved. Updated by: %user_name%',0,3,3,'2023-01-02 11:10:58','2023-01-04 01:10:58'),(9,'create_from_order','Shipping was created from order %order_id%',0,4,4,'2023-01-01 01:10:58','2023-01-01 01:10:58'),(10,'update_status','Changed status of shipping to: Approved. Updated by: %user_name%',0,4,4,'2023-01-02 13:10:58','2023-01-04 01:10:58'),(11,'update_status','Changed status of shipping to: Delivered. Updated by: %user_name%',0,4,4,'2023-01-04 01:10:58','2023-01-04 01:10:58'),(12,'create_from_order','Shipping was created from order %order_id%',0,5,5,'2023-01-02 13:10:58','2023-01-02 13:10:58'),(13,'update_status','Changed status of shipping to: Approved. Updated by: %user_name%',0,5,5,'2023-01-02 13:10:58','2023-01-04 01:10:58'),(14,'update_cod_status','Updated COD status to Completed . Updated by: %user_name%',0,5,5,'2023-01-04 01:10:58','2023-01-04 01:10:58'),(15,'update_status','Changed status of shipping to: Delivered. Updated by: %user_name%',0,5,5,'2023-01-04 01:10:58','2023-01-04 01:10:58'),(16,'create_from_order','Shipping was created from order %order_id%',0,6,6,'2022-12-30 19:10:58','2022-12-30 19:10:58'),(17,'update_status','Changed status of shipping to: Approved. Updated by: %user_name%',0,6,6,'2023-01-02 15:10:58','2023-01-04 01:10:58'),(18,'create_from_order','Shipping was created from order %order_id%',0,7,7,'2022-12-27 23:10:58','2022-12-27 23:10:58'),(19,'update_status','Changed status of shipping to: Approved. Updated by: %user_name%',0,7,7,'2023-01-02 15:10:58','2023-01-04 01:10:58'),(20,'create_from_order','Shipping was created from order %order_id%',0,8,8,'2022-12-22 07:10:58','2022-12-22 07:10:58'),(21,'update_status','Changed status of shipping to: Approved. Updated by: %user_name%',0,8,8,'2023-01-02 15:10:58','2023-01-04 01:10:58'),(22,'update_status','Changed status of shipping to: Delivered. Updated by: %user_name%',0,8,8,'2023-01-04 01:10:58','2023-01-04 01:10:58'),(23,'create_from_order','Shipping was created from order %order_id%',0,9,9,'2023-01-01 05:10:58','2023-01-01 05:10:58'),(24,'update_status','Changed status of shipping to: Approved. Updated by: %user_name%',0,9,9,'2023-01-02 15:10:58','2023-01-04 01:10:58'),(25,'update_status','Changed status of shipping to: Delivered. Updated by: %user_name%',0,9,9,'2023-01-04 01:10:58','2023-01-04 01:10:58'),(26,'create_from_order','Shipping was created from order %order_id%',0,10,10,'2022-12-28 09:10:58','2022-12-28 09:10:58'),(27,'update_status','Changed status of shipping to: Approved. Updated by: %user_name%',0,10,10,'2023-01-02 17:10:58','2023-01-04 01:10:58'),(28,'create_from_order','Shipping was created from order %order_id%',0,11,11,'2022-12-31 01:10:58','2022-12-31 01:10:58'),(29,'update_status','Changed status of shipping to: Approved. Updated by: %user_name%',0,11,11,'2023-01-02 17:10:59','2023-01-04 01:10:59'),(30,'create_from_order','Shipping was created from order %order_id%',0,12,12,'2022-12-30 01:10:59','2022-12-30 01:10:59'),(31,'update_status','Changed status of shipping to: Approved. Updated by: %user_name%',0,12,12,'2023-01-02 19:10:59','2023-01-04 01:10:59'),(32,'create_from_order','Shipping was created from order %order_id%',0,13,13,'2022-12-31 07:10:59','2022-12-31 07:10:59'),(33,'update_status','Changed status of shipping to: Approved. Updated by: %user_name%',0,13,13,'2023-01-02 19:10:59','2023-01-04 01:10:59'),(34,'update_status','Changed status of shipping to: Delivered. Updated by: %user_name%',0,13,13,'2023-01-04 01:10:59','2023-01-04 01:10:59'),(35,'create_from_order','Shipping was created from order %order_id%',0,14,14,'2022-12-28 01:10:59','2022-12-28 01:10:59'),(36,'update_status','Changed status of shipping to: Approved. Updated by: %user_name%',0,14,14,'2023-01-02 21:10:59','2023-01-04 01:10:59'),(37,'create_from_order','Shipping was created from order %order_id%',0,15,15,'2023-01-02 21:10:59','2023-01-02 21:10:59'),(38,'update_status','Changed status of shipping to: Approved. Updated by: %user_name%',0,15,15,'2023-01-02 21:10:59','2023-01-04 01:10:59'),(39,'update_status','Changed status of shipping to: Delivered. Updated by: %user_name%',0,15,15,'2023-01-04 01:10:59','2023-01-04 01:10:59'),(40,'create_from_order','Shipping was created from order %order_id%',0,16,16,'2022-12-26 21:10:59','2022-12-26 21:10:59'),(41,'update_status','Changed status of shipping to: Approved. Updated by: %user_name%',0,16,16,'2023-01-02 21:10:59','2023-01-04 01:10:59'),(42,'create_from_order','Shipping was created from order %order_id%',0,17,17,'2022-12-28 13:10:59','2022-12-28 13:10:59'),(43,'update_status','Changed status of shipping to: Approved. Updated by: %user_name%',0,17,17,'2023-01-02 23:10:59','2023-01-04 01:10:59'),(44,'create_from_order','Shipping was created from order %order_id%',0,18,18,'2022-12-24 05:10:59','2022-12-24 05:10:59'),(45,'update_status','Changed status of shipping to: Approved. Updated by: %user_name%',0,18,18,'2023-01-02 23:10:59','2023-01-04 01:10:59'),(46,'create_from_order','Shipping was created from order %order_id%',0,19,19,'2022-12-27 01:10:59','2022-12-27 01:10:59'),(47,'update_status','Changed status of shipping to: Approved. Updated by: %user_name%',0,19,19,'2023-01-03 01:10:59','2023-01-04 01:10:59'),(48,'update_status','Changed status of shipping to: Delivered. Updated by: %user_name%',0,19,19,'2023-01-04 01:10:59','2023-01-04 01:10:59'),(49,'create_from_order','Shipping was created from order %order_id%',0,20,20,'2022-12-26 01:10:59','2022-12-26 01:10:59'),(50,'update_status','Changed status of shipping to: Approved. Updated by: %user_name%',0,20,20,'2023-01-03 01:10:59','2023-01-04 01:10:59'),(51,'update_status','Changed status of shipping to: Delivered. Updated by: %user_name%',0,20,20,'2023-01-04 01:10:59','2023-01-04 01:10:59'),(52,'create_from_order','Shipping was created from order %order_id%',0,21,21,'2023-01-01 07:10:59','2023-01-01 07:10:59'),(53,'update_status','Changed status of shipping to: Approved. Updated by: %user_name%',0,21,21,'2023-01-03 03:10:59','2023-01-04 01:10:59'),(54,'create_from_order','Shipping was created from order %order_id%',0,22,22,'2022-12-26 19:10:59','2022-12-26 19:10:59'),(55,'update_status','Changed status of shipping to: Approved. Updated by: %user_name%',0,22,22,'2023-01-03 03:10:59','2023-01-04 01:10:59'),(56,'update_status','Changed status of shipping to: Delivered. Updated by: %user_name%',0,22,22,'2023-01-04 01:10:59','2023-01-04 01:10:59'),(57,'create_from_order','Shipping was created from order %order_id%',0,23,23,'2023-01-02 09:10:59','2023-01-02 09:10:59'),(58,'update_status','Changed status of shipping to: Approved. Updated by: %user_name%',0,23,23,'2023-01-03 05:10:59','2023-01-04 01:10:59'),(59,'create_from_order','Shipping was created from order %order_id%',0,24,24,'2022-12-30 01:10:59','2022-12-30 01:10:59'),(60,'update_status','Changed status of shipping to: Approved. Updated by: %user_name%',0,24,24,'2023-01-03 05:10:59','2023-01-04 01:10:59'),(61,'update_status','Changed status of shipping to: Delivered. Updated by: %user_name%',0,24,24,'2023-01-04 01:10:59','2023-01-04 01:10:59'),(62,'create_from_order','Shipping was created from order %order_id%',0,25,25,'2022-12-30 21:10:59','2022-12-30 21:10:59'),(63,'update_status','Changed status of shipping to: Approved. Updated by: %user_name%',0,25,25,'2023-01-03 05:10:59','2023-01-04 01:10:59'),(64,'update_cod_status','Updated COD status to Completed . Updated by: %user_name%',0,25,25,'2023-01-04 01:10:59','2023-01-04 01:10:59'),(65,'update_status','Changed status of shipping to: Delivered. Updated by: %user_name%',0,25,25,'2023-01-04 01:10:59','2023-01-04 01:10:59'),(66,'create_from_order','Shipping was created from order %order_id%',0,26,26,'2023-01-01 19:10:59','2023-01-01 19:10:59'),(67,'update_status','Changed status of shipping to: Approved. Updated by: %user_name%',0,26,26,'2023-01-03 07:10:59','2023-01-04 01:10:59'),(68,'create_from_order','Shipping was created from order %order_id%',0,27,27,'2023-01-01 19:10:59','2023-01-01 19:10:59'),(69,'update_status','Changed status of shipping to: Approved. Updated by: %user_name%',0,27,27,'2023-01-03 07:10:59','2023-01-04 01:10:59'),(70,'create_from_order','Shipping was created from order %order_id%',0,28,28,'2022-12-31 17:10:59','2022-12-31 17:10:59'),(71,'update_status','Changed status of shipping to: Approved. Updated by: %user_name%',0,28,28,'2023-01-03 09:10:59','2023-01-04 01:10:59'),(72,'create_from_order','Shipping was created from order %order_id%',0,29,29,'2022-12-31 01:10:59','2022-12-31 01:10:59'),(73,'update_status','Changed status of shipping to: Approved. Updated by: %user_name%',0,29,29,'2023-01-03 09:10:59','2023-01-04 01:10:59'),(74,'update_status','Changed status of shipping to: Delivered. Updated by: %user_name%',0,29,29,'2023-01-04 01:10:59','2023-01-04 01:10:59'),(75,'create_from_order','Shipping was created from order %order_id%',0,30,30,'2023-01-03 09:10:59','2023-01-03 09:10:59'),(76,'update_status','Changed status of shipping to: Approved. Updated by: %user_name%',0,30,30,'2023-01-03 09:10:59','2023-01-04 01:10:59'),(77,'create_from_order','Shipping was created from order %order_id%',0,31,31,'2023-01-01 03:10:59','2023-01-01 03:10:59'),(78,'update_status','Changed status of shipping to: Approved. Updated by: %user_name%',0,31,31,'2023-01-03 11:10:59','2023-01-04 01:10:59'),(79,'create_from_order','Shipping was created from order %order_id%',0,32,32,'2023-01-01 03:10:59','2023-01-01 03:10:59'),(80,'update_status','Changed status of shipping to: Approved. Updated by: %user_name%',0,32,32,'2023-01-03 11:10:59','2023-01-04 01:10:59'),(81,'create_from_order','Shipping was created from order %order_id%',0,33,33,'2023-01-02 21:10:59','2023-01-02 21:10:59'),(82,'update_status','Changed status of shipping to: Approved. Updated by: %user_name%',0,33,33,'2023-01-03 11:10:59','2023-01-04 01:10:59'),(83,'create_from_order','Shipping was created from order %order_id%',0,34,34,'2023-01-03 13:10:59','2023-01-03 13:10:59'),(84,'update_status','Changed status of shipping to: Approved. Updated by: %user_name%',0,34,34,'2023-01-03 13:10:59','2023-01-04 01:10:59'),(85,'update_status','Changed status of shipping to: Delivered. Updated by: %user_name%',0,34,34,'2023-01-04 01:10:59','2023-01-04 01:10:59'),(86,'create_from_order','Shipping was created from order %order_id%',0,35,35,'2022-12-30 13:10:59','2022-12-30 13:10:59'),(87,'update_status','Changed status of shipping to: Approved. Updated by: %user_name%',0,35,35,'2023-01-03 13:10:59','2023-01-04 01:10:59'),(88,'update_status','Changed status of shipping to: Delivered. Updated by: %user_name%',0,35,35,'2023-01-04 01:10:59','2023-01-04 01:10:59'),(89,'create_from_order','Shipping was created from order %order_id%',0,36,36,'2023-01-02 01:10:59','2023-01-02 01:10:59'),(90,'update_status','Changed status of shipping to: Approved. Updated by: %user_name%',0,36,36,'2023-01-03 13:10:59','2023-01-04 01:10:59'),(91,'update_status','Changed status of shipping to: Delivered. Updated by: %user_name%',0,36,36,'2023-01-04 01:10:59','2023-01-04 01:10:59'),(92,'create_from_order','Shipping was created from order %order_id%',0,37,37,'2022-12-31 17:10:59','2022-12-31 17:10:59'),(93,'update_status','Changed status of shipping to: Approved. Updated by: %user_name%',0,37,37,'2023-01-03 15:10:59','2023-01-04 01:10:59'),(94,'update_cod_status','Updated COD status to Completed . Updated by: %user_name%',0,37,37,'2023-01-04 01:10:59','2023-01-04 01:10:59'),(95,'update_status','Changed status of shipping to: Delivered. Updated by: %user_name%',0,37,37,'2023-01-04 01:10:59','2023-01-04 01:10:59'),(96,'create_from_order','Shipping was created from order %order_id%',0,38,38,'2023-01-01 13:10:59','2023-01-01 13:10:59'),(97,'update_status','Changed status of shipping to: Approved. Updated by: %user_name%',0,38,38,'2023-01-03 15:10:59','2023-01-04 01:10:59'),(98,'create_from_order','Shipping was created from order %order_id%',0,39,39,'2023-01-02 17:10:59','2023-01-02 17:10:59'),(99,'update_status','Changed status of shipping to: Approved. Updated by: %user_name%',0,39,39,'2023-01-03 17:10:59','2023-01-04 01:10:59'),(100,'create_from_order','Shipping was created from order %order_id%',0,40,40,'2023-01-02 09:10:59','2023-01-02 09:10:59'),(101,'update_status','Changed status of shipping to: Approved. Updated by: %user_name%',0,40,40,'2023-01-03 17:10:59','2023-01-04 01:10:59'),(102,'update_status','Changed status of shipping to: Delivered. Updated by: %user_name%',0,40,40,'2023-01-04 01:10:59','2023-01-04 01:10:59'),(103,'create_from_order','Shipping was created from order %order_id%',0,41,41,'2023-01-02 17:10:59','2023-01-02 17:10:59'),(104,'update_status','Changed status of shipping to: Approved. Updated by: %user_name%',0,41,41,'2023-01-03 17:10:59','2023-01-04 01:10:59'),(105,'update_status','Changed status of shipping to: Delivered. Updated by: %user_name%',0,41,41,'2023-01-04 01:10:59','2023-01-04 01:10:59'),(106,'create_from_order','Shipping was created from order %order_id%',0,42,42,'2023-01-03 13:10:59','2023-01-03 13:10:59'),(107,'update_status','Changed status of shipping to: Approved. Updated by: %user_name%',0,42,42,'2023-01-03 19:10:59','2023-01-04 01:10:59'),(108,'update_status','Changed status of shipping to: Delivered. Updated by: %user_name%',0,42,42,'2023-01-04 01:10:59','2023-01-04 01:10:59'),(109,'create_from_order','Shipping was created from order %order_id%',0,43,43,'2023-01-02 13:10:59','2023-01-02 13:10:59'),(110,'update_status','Changed status of shipping to: Approved. Updated by: %user_name%',0,43,43,'2023-01-03 19:10:59','2023-01-04 01:10:59'),(111,'create_from_order','Shipping was created from order %order_id%',0,44,44,'2023-01-02 09:10:59','2023-01-02 09:10:59'),(112,'update_status','Changed status of shipping to: Approved. Updated by: %user_name%',0,44,44,'2023-01-03 21:10:59','2023-01-04 01:10:59'),(113,'update_cod_status','Updated COD status to Completed . Updated by: %user_name%',0,44,44,'2023-01-04 01:10:59','2023-01-04 01:10:59'),(114,'update_status','Changed status of shipping to: Delivered. Updated by: %user_name%',0,44,44,'2023-01-04 01:10:59','2023-01-04 01:10:59'),(115,'create_from_order','Shipping was created from order %order_id%',0,45,45,'2023-01-02 17:10:59','2023-01-02 17:10:59'),(116,'update_status','Changed status of shipping to: Approved. Updated by: %user_name%',0,45,45,'2023-01-03 21:10:59','2023-01-04 01:10:59'),(117,'update_cod_status','Updated COD status to Completed . Updated by: %user_name%',0,45,45,'2023-01-04 01:10:59','2023-01-04 01:10:59'),(118,'update_status','Changed status of shipping to: Delivered. Updated by: %user_name%',0,45,45,'2023-01-04 01:10:59','2023-01-04 01:10:59'),(119,'create_from_order','Shipping was created from order %order_id%',0,46,46,'2023-01-03 17:10:59','2023-01-03 17:10:59'),(120,'update_status','Changed status of shipping to: Approved. Updated by: %user_name%',0,46,46,'2023-01-03 21:10:59','2023-01-04 01:10:59'),(121,'update_status','Changed status of shipping to: Delivered. Updated by: %user_name%',0,46,46,'2023-01-04 01:10:59','2023-01-04 01:10:59'),(122,'create_from_order','Shipping was created from order %order_id%',0,47,47,'2023-01-03 05:10:59','2023-01-03 05:10:59'),(123,'update_status','Changed status of shipping to: Approved. Updated by: %user_name%',0,47,47,'2023-01-03 23:10:59','2023-01-04 01:10:59'),(124,'create_from_order','Shipping was created from order %order_id%',0,48,48,'2023-01-03 17:10:59','2023-01-03 17:10:59'),(125,'update_status','Changed status of shipping to: Approved. Updated by: %user_name%',0,48,48,'2023-01-03 23:10:59','2023-01-04 01:10:59'),(126,'update_status','Changed status of shipping to: Delivered. Updated by: %user_name%',0,48,48,'2023-01-04 01:10:59','2023-01-04 01:10:59');
/*!40000 ALTER TABLE `ec_shipment_histories` ENABLE KEYS */;
UNLOCK TABLES;

--
-- Table structure for table `ec_shipments`
--

DROP TABLE IF EXISTS `ec_shipments`;
/*!40101 SET @saved_cs_client     = @@character_set_client */;
/*!50503 SET character_set_client = utf8mb4 */;
CREATE TABLE `ec_shipments` (
  `id` bigint unsigned NOT NULL AUTO_INCREMENT,
  `order_id` int unsigned NOT NULL,
  `user_id` int unsigned DEFAULT NULL,
  `weight` double(8,2) DEFAULT '0.00',
  `shipment_id` varchar(120) COLLATE utf8mb4_unicode_ci DEFAULT NULL,
  `rate_id` varchar(120) COLLATE utf8mb4_unicode_ci DEFAULT NULL,
  `note` varchar(120) COLLATE utf8mb4_unicode_ci DEFAULT NULL,
  `status` varchar(120) COLLATE utf8mb4_unicode_ci NOT NULL DEFAULT 'pending',
  `cod_amount` decimal(15,2) DEFAULT '0.00',
  `cod_status` varchar(60) COLLATE utf8mb4_unicode_ci NOT NULL DEFAULT 'pending',
  `cross_checking_status` varchar(60) COLLATE utf8mb4_unicode_ci NOT NULL DEFAULT 'pending',
  `price` decimal(15,2) DEFAULT '0.00',
  `store_id` int unsigned DEFAULT NULL,
  `created_at` timestamp NULL DEFAULT NULL,
  `updated_at` timestamp NULL DEFAULT NULL,
  `tracking_id` varchar(191) COLLATE utf8mb4_unicode_ci DEFAULT NULL,
  `shipping_company_name` varchar(191) COLLATE utf8mb4_unicode_ci DEFAULT NULL,
  `tracking_link` varchar(191) COLLATE utf8mb4_unicode_ci DEFAULT NULL,
  `estimate_date_shipped` datetime DEFAULT NULL,
  `date_shipped` datetime DEFAULT NULL,
  `label_url` text COLLATE utf8mb4_unicode_ci,
  `metadata` mediumtext COLLATE utf8mb4_unicode_ci,
  PRIMARY KEY (`id`)
) ENGINE=InnoDB AUTO_INCREMENT=49 DEFAULT CHARSET=utf8mb4 COLLATE=utf8mb4_unicode_ci;
/*!40101 SET character_set_client = @saved_cs_client */;

--
-- Dumping data for table `ec_shipments`
--

LOCK TABLES `ec_shipments` WRITE;
/*!40000 ALTER TABLE `ec_shipments` DISABLE KEYS */;
INSERT INTO `ec_shipments` VALUES (1,1,NULL,4439.00,NULL,NULL,'','delivered',0.00,'completed','pending',0.00,0,'2023-01-04 01:10:58','2023-01-04 01:10:58','JJD0042190503','DHL','https://mydhl.express.dhl/us/en/tracking.html#/track-by-reference','2023-01-09 08:10:58','2023-01-04 08:10:58',NULL,NULL),(2,2,NULL,1548.00,NULL,NULL,'','delivered',0.00,'completed','pending',0.00,0,'2023-01-04 01:10:58','2023-01-04 01:10:58','JJD0074426026','DHL','https://mydhl.express.dhl/us/en/tracking.html#/track-by-reference','2023-01-05 08:10:58','2023-01-04 08:10:58',NULL,NULL),(3,3,NULL,1869.00,NULL,NULL,'','approved',0.00,'completed','pending',0.00,0,'2023-01-04 01:10:58','2023-01-04 01:10:58','JJD0036197055','DHL','https://mydhl.express.dhl/us/en/tracking.html#/track-by-reference','2023-01-14 08:10:58',NULL,NULL,NULL),(4,4,NULL,5244.00,NULL,NULL,'','delivered',0.00,'completed','pending',0.00,0,'2023-01-04 01:10:58','2023-01-04 01:10:58','JJD0043962359','DHL','https://mydhl.express.dhl/us/en/tracking.html#/track-by-reference','2023-01-07 08:10:58','2023-01-04 08:10:58',NULL,NULL),(5,5,NULL,1308.00,NULL,NULL,'','delivered',2282.00,'completed','pending',0.00,0,'2023-01-04 01:10:58','2023-01-04 01:10:58','JJD0034528943','AliExpress','https://mydhl.express.dhl/us/en/tracking.html#/track-by-reference','2023-01-07 08:10:58','2023-01-04 08:10:58',NULL,NULL),(6,6,NULL,1624.00,NULL,NULL,'','approved',0.00,'completed','pending',0.00,0,'2023-01-04 01:10:58','2023-01-04 01:10:58','JJD0055150058','FastShipping','https://mydhl.express.dhl/us/en/tracking.html#/track-by-reference','2023-01-10 08:10:58',NULL,NULL,NULL),(7,7,NULL,1464.00,NULL,NULL,'','approved',0.00,'completed','pending',0.00,0,'2023-01-04 01:10:58','2023-01-04 01:10:58','JJD0087579703','FastShipping','https://mydhl.express.dhl/us/en/tracking.html#/track-by-reference','2023-01-05 08:10:58',NULL,NULL,NULL),(8,8,NULL,2241.00,NULL,NULL,'','delivered',0.00,'completed','pending',0.00,0,'2023-01-04 01:10:58','2023-01-04 01:10:58','JJD0076137368','DHL','https://mydhl.express.dhl/us/en/tracking.html#/track-by-reference','2023-01-07 08:10:58','2023-01-04 08:10:58',NULL,NULL),(9,9,NULL,688.00,NULL,NULL,'','delivered',0.00,'completed','pending',0.00,0,'2023-01-04 01:10:58','2023-01-04 01:10:58','JJD0090552226','DHL','https://mydhl.express.dhl/us/en/tracking.html#/track-by-reference','2023-01-11 08:10:58','2023-01-04 08:10:58',NULL,NULL),(10,10,NULL,3558.00,NULL,NULL,'','approved',0.00,'completed','pending',0.00,0,'2023-01-04 01:10:58','2023-01-04 01:10:58','JJD0091299996','AliExpress','https://mydhl.express.dhl/us/en/tracking.html#/track-by-reference','2023-01-06 08:10:58',NULL,NULL,NULL),(11,11,NULL,1624.00,NULL,NULL,'','approved',0.00,'completed','pending',0.00,0,'2023-01-04 01:10:59','2023-01-04 01:10:59','JJD0016879047','AliExpress','https://mydhl.express.dhl/us/en/tracking.html#/track-by-reference','2023-01-10 08:10:59',NULL,NULL,NULL),(12,12,NULL,530.00,NULL,NULL,'','approved',0.00,'completed','pending',0.00,0,'2023-01-04 01:10:59','2023-01-04 01:10:59','JJD0017132130','GHN','https://mydhl.express.dhl/us/en/tracking.html#/track-by-reference','2023-01-06 08:10:59',NULL,NULL,NULL),(13,13,NULL,1126.00,NULL,NULL,'','delivered',0.00,'completed','pending',0.00,0,'2023-01-04 01:10:59','2023-01-04 01:10:59','JJD0080652026','GHN','https://mydhl.express.dhl/us/en/tracking.html#/track-by-reference','2023-01-14 08:10:59','2023-01-04 08:10:59',NULL,NULL),(14,14,NULL,1839.00,NULL,NULL,'','approved',0.00,'completed','pending',0.00,0,'2023-01-04 01:10:59','2023-01-04 01:10:59','JJD0088123686','FastShipping','https://mydhl.express.dhl/us/en/tracking.html#/track-by-reference','2023-01-08 08:10:59',NULL,NULL,NULL),(15,15,NULL,1246.00,NULL,NULL,'','delivered',0.00,'completed','pending',0.00,0,'2023-01-04 01:10:59','2023-01-04 01:10:59','JJD0039468356','FastShipping','https://mydhl.express.dhl/us/en/tracking.html#/track-by-reference','2023-01-05 08:10:59','2023-01-04 08:10:59',NULL,NULL),(16,16,NULL,1962.00,NULL,NULL,'','approved',3423.00,'pending','pending',0.00,0,'2023-01-04 01:10:59','2023-01-04 01:10:59','JJD0012652958','DHL','https://mydhl.express.dhl/us/en/tracking.html#/track-by-reference','2023-01-08 08:10:59',NULL,NULL,NULL),(17,17,NULL,2310.00,NULL,NULL,'','approved',0.00,'completed','pending',0.00,0,'2023-01-04 01:10:59','2023-01-04 01:10:59','JJD0024909708','GHN','https://mydhl.express.dhl/us/en/tracking.html#/track-by-reference','2023-01-11 08:10:59',NULL,NULL,NULL),(18,18,NULL,1570.00,NULL,NULL,'','approved',0.00,'completed','pending',0.00,0,'2023-01-04 01:10:59','2023-01-04 01:10:59','JJD0077232385','GHN','https://mydhl.express.dhl/us/en/tracking.html#/track-by-reference','2023-01-10 08:10:59',NULL,NULL,NULL),(19,19,NULL,5899.00,NULL,NULL,'','delivered',0.00,'completed','pending',0.00,0,'2023-01-04 01:10:59','2023-01-04 01:10:59','JJD0063560882','AliExpress','https://mydhl.express.dhl/us/en/tracking.html#/track-by-reference','2023-01-11 08:10:59','2023-01-04 08:10:59',NULL,NULL),(20,20,NULL,1689.00,NULL,NULL,'','delivered',0.00,'completed','pending',0.00,0,'2023-01-04 01:10:59','2023-01-04 01:10:59','JJD0030216651','GHN','https://mydhl.express.dhl/us/en/tracking.html#/track-by-reference','2023-01-06 08:10:59','2023-01-04 08:10:59',NULL,NULL),(21,21,NULL,516.00,NULL,NULL,'','approved',0.00,'completed','pending',0.00,0,'2023-01-04 01:10:59','2023-01-04 01:10:59','JJD0027697928','AliExpress','https://mydhl.express.dhl/us/en/tracking.html#/track-by-reference','2023-01-09 08:10:59',NULL,NULL,NULL),(22,22,NULL,1290.00,NULL,NULL,'','delivered',0.00,'completed','pending',0.00,0,'2023-01-04 01:10:59','2023-01-04 01:10:59','JJD0028330574','AliExpress','https://mydhl.express.dhl/us/en/tracking.html#/track-by-reference','2023-01-05 08:10:59','2023-01-04 08:10:59',NULL,NULL),(23,23,NULL,1060.00,NULL,NULL,'','approved',0.00,'completed','pending',0.00,0,'2023-01-04 01:10:59','2023-01-04 01:10:59','JJD0097032053','FastShipping','https://mydhl.express.dhl/us/en/tracking.html#/track-by-reference','2023-01-11 08:10:59',NULL,NULL,NULL),(24,24,NULL,605.00,NULL,NULL,'','delivered',0.00,'completed','pending',0.00,0,'2023-01-04 01:10:59','2023-01-04 01:10:59','JJD0011459856','AliExpress','https://mydhl.express.dhl/us/en/tracking.html#/track-by-reference','2023-01-08 08:10:59','2023-01-04 08:10:59',NULL,NULL),(25,25,NULL,2815.00,NULL,NULL,'','delivered',3865.00,'completed','pending',0.00,0,'2023-01-04 01:10:59','2023-01-04 01:10:59','JJD0085209716','DHL','https://mydhl.express.dhl/us/en/tracking.html#/track-by-reference','2023-01-09 08:10:59','2023-01-04 08:10:59',NULL,NULL),(26,26,NULL,2432.00,NULL,NULL,'','approved',0.00,'completed','pending',0.00,0,'2023-01-04 01:10:59','2023-01-04 01:10:59','JJD0089770604','DHL','https://mydhl.express.dhl/us/en/tracking.html#/track-by-reference','2023-01-05 08:10:59',NULL,NULL,NULL),(27,27,NULL,1308.00,NULL,NULL,'','approved',0.00,'completed','pending',0.00,0,'2023-01-04 01:10:59','2023-01-04 01:10:59','JJD0019685567','GHN','https://mydhl.express.dhl/us/en/tracking.html#/track-by-reference','2023-01-07 08:10:59',NULL,NULL,NULL),(28,28,NULL,1590.00,NULL,NULL,'','approved',0.00,'completed','pending',0.00,0,'2023-01-04 01:10:59','2023-01-04 01:10:59','JJD0019891845','DHL','https://mydhl.express.dhl/us/en/tracking.html#/track-by-reference','2023-01-05 08:10:59',NULL,NULL,NULL),(29,29,NULL,3115.00,NULL,NULL,'','delivered',0.00,'completed','pending',0.00,0,'2023-01-04 01:10:59','2023-01-04 01:10:59','JJD0076552643','FastShipping','https://mydhl.express.dhl/us/en/tracking.html#/track-by-reference','2023-01-13 08:10:59','2023-01-04 08:10:59',NULL,NULL),(30,30,NULL,2205.00,NULL,NULL,'','approved',0.00,'completed','pending',0.00,0,'2023-01-04 01:10:59','2023-01-04 01:10:59','JJD0075890514','GHN','https://mydhl.express.dhl/us/en/tracking.html#/track-by-reference','2023-01-07 08:10:59',NULL,NULL,NULL),(31,31,NULL,1226.00,NULL,NULL,'','approved',0.00,'completed','pending',0.00,0,'2023-01-04 01:10:59','2023-01-04 01:10:59','JJD0061083760','GHN','https://mydhl.express.dhl/us/en/tracking.html#/track-by-reference','2023-01-05 08:10:59',NULL,NULL,NULL),(32,32,NULL,563.00,NULL,NULL,'','approved',0.00,'completed','pending',0.00,0,'2023-01-04 01:10:59','2023-01-04 01:10:59','JJD003109852','AliExpress','https://mydhl.express.dhl/us/en/tracking.html#/track-by-reference','2023-01-10 08:10:59',NULL,NULL,NULL),(33,33,NULL,1762.00,NULL,NULL,'','approved',1572.00,'pending','pending',0.00,0,'2023-01-04 01:10:59','2023-01-04 01:10:59','JJD0056564121','DHL','https://mydhl.express.dhl/us/en/tracking.html#/track-by-reference','2023-01-11 08:10:59',NULL,NULL,NULL),(34,34,NULL,516.00,NULL,NULL,'','delivered',0.00,'completed','pending',0.00,0,'2023-01-04 01:10:59','2023-01-04 01:10:59','JJD0086747782','FastShipping','https://mydhl.express.dhl/us/en/tracking.html#/track-by-reference','2023-01-14 08:10:59','2023-01-04 08:10:59',NULL,NULL),(35,35,NULL,1944.00,NULL,NULL,'','delivered',0.00,'completed','pending',0.00,0,'2023-01-04 01:10:59','2023-01-04 01:10:59','JJD0093895481','GHN','https://mydhl.express.dhl/us/en/tracking.html#/track-by-reference','2023-01-06 08:10:59','2023-01-04 08:10:59',NULL,NULL),(36,36,NULL,1590.00,NULL,NULL,'','delivered',0.00,'completed','pending',0.00,0,'2023-01-04 01:10:59','2023-01-04 01:10:59','JJD0021145941','FastShipping','https://mydhl.express.dhl/us/en/tracking.html#/track-by-reference','2023-01-08 08:10:59','2023-01-04 08:10:59',NULL,NULL),(37,37,NULL,1470.00,NULL,NULL,'','delivered',1836.00,'completed','pending',0.00,0,'2023-01-04 01:10:59','2023-01-04 01:10:59','JJD0051097886','FastShipping','https://mydhl.express.dhl/us/en/tracking.html#/track-by-reference','2023-01-07 08:10:59','2023-01-04 08:10:59',NULL,NULL),(38,38,NULL,563.00,NULL,NULL,'','approved',0.00,'completed','pending',0.00,0,'2023-01-04 01:10:59','2023-01-04 01:10:59','JJD0053834706','DHL','https://mydhl.express.dhl/us/en/tracking.html#/track-by-reference','2023-01-14 08:10:59',NULL,NULL,NULL),(39,39,NULL,502.00,NULL,NULL,'','approved',0.00,'completed','pending',0.00,0,'2023-01-04 01:10:59','2023-01-04 01:10:59','JJD0095048496','DHL','https://mydhl.express.dhl/us/en/tracking.html#/track-by-reference','2023-01-11 08:10:59',NULL,NULL,NULL),(40,40,NULL,1470.00,NULL,NULL,'','delivered',0.00,'completed','pending',0.00,0,'2023-01-04 01:10:59','2023-01-04 01:10:59','JJD006953558','AliExpress','https://mydhl.express.dhl/us/en/tracking.html#/track-by-reference','2023-01-05 08:10:59','2023-01-04 08:10:59',NULL,NULL),(41,41,NULL,688.00,NULL,NULL,'','delivered',0.00,'completed','pending',0.00,0,'2023-01-04 01:10:59','2023-01-04 01:10:59','JJD0027903709','DHL','https://mydhl.express.dhl/us/en/tracking.html#/track-by-reference','2023-01-13 08:10:59','2023-01-04 08:10:59',NULL,NULL),(42,42,NULL,2249.00,NULL,NULL,'','delivered',0.00,'completed','pending',0.00,0,'2023-01-04 01:10:59','2023-01-04 01:10:59','JJD0069251198','GHN','https://mydhl.express.dhl/us/en/tracking.html#/track-by-reference','2023-01-13 08:10:59','2023-01-04 08:10:59',NULL,NULL),(43,43,NULL,881.00,NULL,NULL,'','approved',0.00,'completed','pending',0.00,0,'2023-01-04 01:10:59','2023-01-04 01:10:59','JJD0023559075','AliExpress','https://mydhl.express.dhl/us/en/tracking.html#/track-by-reference','2023-01-06 08:10:59',NULL,NULL,NULL),(44,44,NULL,1638.00,NULL,NULL,'','delivered',60.00,'completed','pending',0.00,0,'2023-01-04 01:10:59','2023-01-04 01:10:59','JJD0039951046','FastShipping','https://mydhl.express.dhl/us/en/tracking.html#/track-by-reference','2023-01-07 08:10:59','2023-01-04 08:10:59',NULL,NULL),(45,45,NULL,605.00,NULL,NULL,'','delivered',566.00,'completed','pending',0.00,0,'2023-01-04 01:10:59','2023-01-04 01:10:59','JJD0024781107','DHL','https://mydhl.express.dhl/us/en/tracking.html#/track-by-reference','2023-01-05 08:10:59','2023-01-04 08:10:59',NULL,NULL),(46,46,NULL,563.00,NULL,NULL,'','delivered',0.00,'completed','pending',0.00,0,'2023-01-04 01:10:59','2023-01-04 01:10:59','JJD0066597552','GHN','https://mydhl.express.dhl/us/en/tracking.html#/track-by-reference','2023-01-05 08:10:59','2023-01-04 08:10:59',NULL,NULL),(47,47,NULL,1060.00,NULL,NULL,'','approved',0.00,'completed','pending',0.00,0,'2023-01-04 01:10:59','2023-01-04 01:10:59','JJD0087575919','DHL','https://mydhl.express.dhl/us/en/tracking.html#/track-by-reference','2023-01-09 08:10:59',NULL,NULL,NULL),(48,48,NULL,1470.00,NULL,NULL,'','delivered',0.00,'completed','pending',0.00,0,'2023-01-04 01:10:59','2023-01-04 01:10:59','JJD0018719888','AliExpress','https://mydhl.express.dhl/us/en/tracking.html#/track-by-reference','2023-01-08 08:10:59','2023-01-04 08:10:59',NULL,NULL);
/*!40000 ALTER TABLE `ec_shipments` ENABLE KEYS */;
UNLOCK TABLES;

--
-- Table structure for table `ec_shipping`
--

DROP TABLE IF EXISTS `ec_shipping`;
/*!40101 SET @saved_cs_client     = @@character_set_client */;
/*!50503 SET character_set_client = utf8mb4 */;
CREATE TABLE `ec_shipping` (
  `id` bigint unsigned NOT NULL AUTO_INCREMENT,
  `title` varchar(191) COLLATE utf8mb4_unicode_ci DEFAULT NULL,
  `country` varchar(120) COLLATE utf8mb4_unicode_ci DEFAULT NULL,
  `created_at` timestamp NULL DEFAULT NULL,
  `updated_at` timestamp NULL DEFAULT NULL,
  PRIMARY KEY (`id`)
) ENGINE=InnoDB AUTO_INCREMENT=2 DEFAULT CHARSET=utf8mb4 COLLATE=utf8mb4_unicode_ci;
/*!40101 SET character_set_client = @saved_cs_client */;

--
-- Dumping data for table `ec_shipping`
--

LOCK TABLES `ec_shipping` WRITE;
/*!40000 ALTER TABLE `ec_shipping` DISABLE KEYS */;
INSERT INTO `ec_shipping` VALUES (1,'All',NULL,'2023-01-04 01:10:55','2023-01-04 01:10:55');
/*!40000 ALTER TABLE `ec_shipping` ENABLE KEYS */;
UNLOCK TABLES;

--
-- Table structure for table `ec_shipping_rule_items`
--

DROP TABLE IF EXISTS `ec_shipping_rule_items`;
/*!40101 SET @saved_cs_client     = @@character_set_client */;
/*!50503 SET character_set_client = utf8mb4 */;
CREATE TABLE `ec_shipping_rule_items` (
  `id` bigint unsigned NOT NULL AUTO_INCREMENT,
  `shipping_rule_id` int unsigned NOT NULL,
  `country` varchar(120) COLLATE utf8mb4_unicode_ci DEFAULT NULL,
  `state` varchar(120) COLLATE utf8mb4_unicode_ci DEFAULT NULL,
  `city` varchar(120) COLLATE utf8mb4_unicode_ci DEFAULT NULL,
  `zip_code` varchar(20) COLLATE utf8mb4_unicode_ci DEFAULT NULL,
  `adjustment_price` decimal(15,2) DEFAULT '0.00',
  `is_enabled` tinyint(1) NOT NULL DEFAULT '1',
  `created_at` timestamp NULL DEFAULT NULL,
  `updated_at` timestamp NULL DEFAULT NULL,
  PRIMARY KEY (`id`)
) ENGINE=InnoDB DEFAULT CHARSET=utf8mb4 COLLATE=utf8mb4_unicode_ci;
/*!40101 SET character_set_client = @saved_cs_client */;

--
-- Dumping data for table `ec_shipping_rule_items`
--

LOCK TABLES `ec_shipping_rule_items` WRITE;
/*!40000 ALTER TABLE `ec_shipping_rule_items` DISABLE KEYS */;
/*!40000 ALTER TABLE `ec_shipping_rule_items` ENABLE KEYS */;
UNLOCK TABLES;

--
-- Table structure for table `ec_shipping_rules`
--

DROP TABLE IF EXISTS `ec_shipping_rules`;
/*!40101 SET @saved_cs_client     = @@character_set_client */;
/*!50503 SET character_set_client = utf8mb4 */;
CREATE TABLE `ec_shipping_rules` (
  `id` bigint unsigned NOT NULL AUTO_INCREMENT,
  `name` varchar(120) COLLATE utf8mb4_unicode_ci NOT NULL,
  `shipping_id` int unsigned NOT NULL,
  `type` varchar(24) CHARACTER SET utf8mb4 COLLATE utf8mb4_unicode_ci DEFAULT 'based_on_price',
  `from` decimal(15,2) DEFAULT '0.00',
  `to` decimal(15,2) DEFAULT '0.00',
  `price` decimal(15,2) DEFAULT '0.00',
  `created_at` timestamp NULL DEFAULT NULL,
  `updated_at` timestamp NULL DEFAULT NULL,
  PRIMARY KEY (`id`)
) ENGINE=InnoDB AUTO_INCREMENT=2 DEFAULT CHARSET=utf8mb4 COLLATE=utf8mb4_unicode_ci;
/*!40101 SET character_set_client = @saved_cs_client */;

--
-- Dumping data for table `ec_shipping_rules`
--

LOCK TABLES `ec_shipping_rules` WRITE;
/*!40000 ALTER TABLE `ec_shipping_rules` DISABLE KEYS */;
INSERT INTO `ec_shipping_rules` VALUES (1,'Free delivery',1,'based_on_price',0.00,NULL,0.00,'2023-01-04 01:10:55','2023-01-04 01:10:55');
/*!40000 ALTER TABLE `ec_shipping_rules` ENABLE KEYS */;
UNLOCK TABLES;

--
-- Table structure for table `ec_store_locators`
--

DROP TABLE IF EXISTS `ec_store_locators`;
/*!40101 SET @saved_cs_client     = @@character_set_client */;
/*!50503 SET character_set_client = utf8mb4 */;
CREATE TABLE `ec_store_locators` (
  `id` bigint unsigned NOT NULL AUTO_INCREMENT,
  `name` varchar(60) COLLATE utf8mb4_unicode_ci NOT NULL,
  `email` varchar(60) COLLATE utf8mb4_unicode_ci DEFAULT NULL,
  `phone` varchar(20) COLLATE utf8mb4_unicode_ci NOT NULL,
  `address` varchar(255) COLLATE utf8mb4_unicode_ci NOT NULL,
  `country` varchar(120) COLLATE utf8mb4_unicode_ci DEFAULT NULL,
  `state` varchar(120) COLLATE utf8mb4_unicode_ci DEFAULT NULL,
  `city` varchar(120) COLLATE utf8mb4_unicode_ci DEFAULT NULL,
  `is_primary` tinyint(1) DEFAULT '0',
  `is_shipping_location` tinyint(1) DEFAULT '1',
  `created_at` timestamp NULL DEFAULT NULL,
  `updated_at` timestamp NULL DEFAULT NULL,
  PRIMARY KEY (`id`)
) ENGINE=InnoDB AUTO_INCREMENT=2 DEFAULT CHARSET=utf8mb4 COLLATE=utf8mb4_unicode_ci;
/*!40101 SET character_set_client = @saved_cs_client */;

--
-- Dumping data for table `ec_store_locators`
--

LOCK TABLES `ec_store_locators` WRITE;
/*!40000 ALTER TABLE `ec_store_locators` DISABLE KEYS */;
INSERT INTO `ec_store_locators` VALUES (1,'Martfury','sales@botble.com','1800979769','502 New Street','AU','Brighton VIC','Brighton VIC',1,1,'2023-01-04 01:10:57','2023-01-04 01:10:57');
/*!40000 ALTER TABLE `ec_store_locators` ENABLE KEYS */;
UNLOCK TABLES;

--
-- Table structure for table `ec_tax_products`
--

DROP TABLE IF EXISTS `ec_tax_products`;
/*!40101 SET @saved_cs_client     = @@character_set_client */;
/*!50503 SET character_set_client = utf8mb4 */;
CREATE TABLE `ec_tax_products` (
  `id` bigint unsigned NOT NULL AUTO_INCREMENT,
  `tax_id` int unsigned NOT NULL,
  `product_id` int unsigned NOT NULL,
  PRIMARY KEY (`id`),
  KEY `ec_tax_products_tax_id_index` (`tax_id`),
  KEY `ec_tax_products_product_id_index` (`product_id`)
) ENGINE=InnoDB AUTO_INCREMENT=24 DEFAULT CHARSET=utf8mb4 COLLATE=utf8mb4_unicode_ci;
/*!40101 SET character_set_client = @saved_cs_client */;

--
-- Dumping data for table `ec_tax_products`
--

LOCK TABLES `ec_tax_products` WRITE;
/*!40000 ALTER TABLE `ec_tax_products` DISABLE KEYS */;
INSERT INTO `ec_tax_products` VALUES (1,1,1),(2,1,2),(3,1,3),(4,1,4),(5,1,5),(6,1,6),(7,1,7),(8,1,8),(9,1,9),(10,1,10),(11,1,11),(12,1,12),(13,1,13),(14,1,14),(15,1,15),(16,1,16),(17,1,17),(18,1,18),(19,1,19),(20,1,20),(21,1,21),(22,1,22),(23,1,23);
/*!40000 ALTER TABLE `ec_tax_products` ENABLE KEYS */;
UNLOCK TABLES;

--
-- Table structure for table `ec_taxes`
--

DROP TABLE IF EXISTS `ec_taxes`;
/*!40101 SET @saved_cs_client     = @@character_set_client */;
/*!50503 SET character_set_client = utf8mb4 */;
CREATE TABLE `ec_taxes` (
  `id` bigint unsigned NOT NULL AUTO_INCREMENT,
  `title` varchar(191) COLLATE utf8mb4_unicode_ci DEFAULT NULL,
  `percentage` double(8,6) DEFAULT NULL,
  `priority` int DEFAULT NULL,
  `status` varchar(60) COLLATE utf8mb4_unicode_ci NOT NULL DEFAULT 'published',
  `created_at` timestamp NULL DEFAULT NULL,
  `updated_at` timestamp NULL DEFAULT NULL,
  PRIMARY KEY (`id`)
) ENGINE=InnoDB AUTO_INCREMENT=4 DEFAULT CHARSET=utf8mb4 COLLATE=utf8mb4_unicode_ci;
/*!40101 SET character_set_client = @saved_cs_client */;

--
-- Dumping data for table `ec_taxes`
--

LOCK TABLES `ec_taxes` WRITE;
/*!40000 ALTER TABLE `ec_taxes` DISABLE KEYS */;
INSERT INTO `ec_taxes` VALUES (1,'VAT',10.000000,1,'published','2023-01-04 01:10:55','2023-01-04 01:10:55'),(2,'None',0.000000,2,'published','2023-01-04 01:10:55','2023-01-04 01:10:55'),(3,'Import Tax',15.000000,3,'published','2023-01-04 01:10:55','2023-01-04 01:10:55');
/*!40000 ALTER TABLE `ec_taxes` ENABLE KEYS */;
UNLOCK TABLES;

--
-- Table structure for table `ec_wish_lists`
--

DROP TABLE IF EXISTS `ec_wish_lists`;
/*!40101 SET @saved_cs_client     = @@character_set_client */;
/*!50503 SET character_set_client = utf8mb4 */;
CREATE TABLE `ec_wish_lists` (
  `id` bigint unsigned NOT NULL AUTO_INCREMENT,
  `customer_id` int unsigned NOT NULL,
  `product_id` int unsigned NOT NULL,
  `created_at` timestamp NULL DEFAULT NULL,
  `updated_at` timestamp NULL DEFAULT NULL,
  PRIMARY KEY (`id`),
  KEY `ec_wish_lists_product_id_customer_id_index` (`product_id`,`customer_id`)
) ENGINE=InnoDB DEFAULT CHARSET=utf8mb4 COLLATE=utf8mb4_unicode_ci;
/*!40101 SET character_set_client = @saved_cs_client */;

--
-- Dumping data for table `ec_wish_lists`
--

LOCK TABLES `ec_wish_lists` WRITE;
/*!40000 ALTER TABLE `ec_wish_lists` DISABLE KEYS */;
/*!40000 ALTER TABLE `ec_wish_lists` ENABLE KEYS */;
UNLOCK TABLES;

--
-- Table structure for table `failed_jobs`
--

DROP TABLE IF EXISTS `failed_jobs`;
/*!40101 SET @saved_cs_client     = @@character_set_client */;
/*!50503 SET character_set_client = utf8mb4 */;
CREATE TABLE `failed_jobs` (
  `id` bigint unsigned NOT NULL AUTO_INCREMENT,
  `uuid` varchar(191) COLLATE utf8mb4_unicode_ci NOT NULL,
  `connection` text COLLATE utf8mb4_unicode_ci NOT NULL,
  `queue` text COLLATE utf8mb4_unicode_ci NOT NULL,
  `payload` longtext COLLATE utf8mb4_unicode_ci NOT NULL,
  `exception` longtext COLLATE utf8mb4_unicode_ci NOT NULL,
  `failed_at` timestamp NOT NULL DEFAULT CURRENT_TIMESTAMP,
  PRIMARY KEY (`id`),
  UNIQUE KEY `failed_jobs_uuid_unique` (`uuid`)
) ENGINE=InnoDB DEFAULT CHARSET=utf8mb4 COLLATE=utf8mb4_unicode_ci;
/*!40101 SET character_set_client = @saved_cs_client */;

--
-- Dumping data for table `failed_jobs`
--

LOCK TABLES `failed_jobs` WRITE;
/*!40000 ALTER TABLE `failed_jobs` DISABLE KEYS */;
/*!40000 ALTER TABLE `failed_jobs` ENABLE KEYS */;
UNLOCK TABLES;

--
-- Table structure for table `faq_categories`
--

DROP TABLE IF EXISTS `faq_categories`;
/*!40101 SET @saved_cs_client     = @@character_set_client */;
/*!50503 SET character_set_client = utf8mb4 */;
CREATE TABLE `faq_categories` (
  `id` bigint unsigned NOT NULL AUTO_INCREMENT,
  `name` varchar(120) COLLATE utf8mb4_unicode_ci NOT NULL,
  `order` tinyint NOT NULL DEFAULT '0',
  `status` varchar(60) COLLATE utf8mb4_unicode_ci NOT NULL DEFAULT 'published',
  `created_at` timestamp NULL DEFAULT NULL,
  `updated_at` timestamp NULL DEFAULT NULL,
  PRIMARY KEY (`id`)
) ENGINE=InnoDB AUTO_INCREMENT=4 DEFAULT CHARSET=utf8mb4 COLLATE=utf8mb4_unicode_ci;
/*!40101 SET character_set_client = @saved_cs_client */;

--
-- Dumping data for table `faq_categories`
--

LOCK TABLES `faq_categories` WRITE;
/*!40000 ALTER TABLE `faq_categories` DISABLE KEYS */;
INSERT INTO `faq_categories` VALUES (1,'SHIPPING',0,'published','2023-01-04 01:10:57','2023-01-04 01:10:57'),(2,'PAYMENT',1,'published','2023-01-04 01:10:57','2023-01-04 01:10:57'),(3,'ORDER &amp; RETURNS',2,'published','2023-01-04 01:10:57','2023-01-04 01:10:57');
/*!40000 ALTER TABLE `faq_categories` ENABLE KEYS */;
UNLOCK TABLES;

--
-- Table structure for table `faq_categories_translations`
--

DROP TABLE IF EXISTS `faq_categories_translations`;
/*!40101 SET @saved_cs_client     = @@character_set_client */;
/*!50503 SET character_set_client = utf8mb4 */;
CREATE TABLE `faq_categories_translations` (
  `lang_code` varchar(191) COLLATE utf8mb4_unicode_ci NOT NULL,
  `faq_categories_id` int NOT NULL,
  `name` varchar(120) COLLATE utf8mb4_unicode_ci DEFAULT NULL,
  PRIMARY KEY (`lang_code`,`faq_categories_id`)
) ENGINE=InnoDB DEFAULT CHARSET=utf8mb4 COLLATE=utf8mb4_unicode_ci;
/*!40101 SET character_set_client = @saved_cs_client */;

--
-- Dumping data for table `faq_categories_translations`
--

LOCK TABLES `faq_categories_translations` WRITE;
/*!40000 ALTER TABLE `faq_categories_translations` DISABLE KEYS */;
INSERT INTO `faq_categories_translations` VALUES ('vi',1,'V?N CHUY?N'),('vi',2,'THANH TO?N'),('vi',3,'??N H?NG & HO?N TR?');
/*!40000 ALTER TABLE `faq_categories_translations` ENABLE KEYS */;
UNLOCK TABLES;

--
-- Table structure for table `faqs`
--

DROP TABLE IF EXISTS `faqs`;
/*!40101 SET @saved_cs_client     = @@character_set_client */;
/*!50503 SET character_set_client = utf8mb4 */;
CREATE TABLE `faqs` (
  `id` bigint unsigned NOT NULL AUTO_INCREMENT,
  `question` text COLLATE utf8mb4_unicode_ci NOT NULL,
  `answer` text COLLATE utf8mb4_unicode_ci NOT NULL,
  `category_id` int unsigned NOT NULL,
  `status` varchar(60) COLLATE utf8mb4_unicode_ci NOT NULL DEFAULT 'published',
  `created_at` timestamp NULL DEFAULT NULL,
  `updated_at` timestamp NULL DEFAULT NULL,
  PRIMARY KEY (`id`)
) ENGINE=InnoDB AUTO_INCREMENT=11 DEFAULT CHARSET=utf8mb4 COLLATE=utf8mb4_unicode_ci;
/*!40101 SET character_set_client = @saved_cs_client */;

--
-- Dumping data for table `faqs`
--

LOCK TABLES `faqs` WRITE;
/*!40000 ALTER TABLE `faqs` DISABLE KEYS */;
INSERT INTO `faqs` VALUES (1,'What Shipping Methods Are Available?','Ex Portland Pitchfork irure mustache. Eutra fap before they sold out literally. Aliquip ugh bicycle rights actually mlkshk, seitan squid craft beer tempor.',1,'published','2023-01-04 01:10:57','2023-01-04 01:10:57'),(2,'Do You Ship Internationally?','Hoodie tote bag mixtape tofu. Typewriter jean shorts wolf quinoa, messenger bag organic freegan cray.',1,'published','2023-01-04 01:10:57','2023-01-04 01:10:57'),(3,'How Long Will It Take To Get My Package?','Swag slow-carb quinoa VHS typewriter pork belly brunch, paleo single-origin coffee Wes Anderson. Flexitarian Pitchfork forage, literally paleo fap pour-over. Wes Anderson Pinterest YOLO fanny pack meggings, deep v XOXO chambray sustainable slow-carb raw denim church-key fap chillwave Etsy. +1 typewriter kitsch, American Apparel tofu Banksy Vice.',1,'published','2023-01-04 01:10:57','2023-01-04 01:10:57'),(4,'What Payment Methods Are Accepted?','Fashion axe DIY jean shorts, swag kale chips meh polaroid kogi butcher Wes Anderson chambray next level semiotics gentrify yr. Voluptate photo booth fugiat Vice. Austin sed Williamsburg, ea labore raw denim voluptate cred proident mixtape excepteur mustache. Twee chia photo booth readymade food truck, hoodie roof party swag keytar PBR DIY.',2,'published','2023-01-04 01:10:57','2023-01-04 01:10:57'),(5,'Is Buying On-Line Safe?','Art party authentic freegan semiotics jean shorts chia cred. Neutra Austin roof party Brooklyn, synth Thundercats swag 8-bit photo booth. Plaid letterpress leggings craft beer meh ethical Pinterest.',2,'published','2023-01-04 01:10:57','2023-01-04 01:10:57'),(6,'How do I place an Order?','Keytar cray slow-carb, Godard banh mi salvia pour-over. Slow-carb Odd Future seitan normcore. Master cleanse American Apparel gentrify flexitarian beard slow-carb next level. Raw denim polaroid paleo farm-to-table, put a bird on it lo-fi tattooed Wes Anderson Pinterest letterpress. Fingerstache McSweeney’s pour-over, letterpress Schlitz photo booth master cleanse bespoke hashtag chillwave gentrify.',3,'published','2023-01-04 01:10:57','2023-01-04 01:10:57'),(7,'How Can I Cancel Or Change My Order?','Plaid letterpress leggings craft beer meh ethical Pinterest. Art party authentic freegan semiotics jean shorts chia cred. Neutra Austin roof party Brooklyn, synth Thundercats swag 8-bit photo booth.',3,'published','2023-01-04 01:10:57','2023-01-04 01:10:57'),(8,'Do I need an account to place an order?','Thundercats swag 8-bit photo booth. Plaid letterpress leggings craft beer meh ethical Pinterest. Twee chia photo booth readymade food truck, hoodie roof party swag keytar PBR DIY. Cray ugh 3 wolf moon fap, fashion axe irony butcher cornhole typewriter chambray VHS banjo street art.',3,'published','2023-01-04 01:10:57','2023-01-04 01:10:57'),(9,'How Do I Track My Order?','Keytar cray slow-carb, Godard banh mi salvia pour-over. Slow-carb @Odd Future seitan normcore. Master cleanse American Apparel gentrify flexitarian beard slow-carb next level.',3,'published','2023-01-04 01:10:57','2023-01-04 01:10:57'),(10,'How Can I Return a Product?','Kale chips Truffaut Williamsburg, hashtag fixie Pinterest raw denim c hambray drinking vinegar Carles street art Bushwick gastropub. Wolf Tumblr paleo church-key. Plaid food truck Echo Park YOLO bitters hella, direct trade Thundercats leggings quinoa before they sold out. You probably haven’t heard of them wayfarers authentic umami drinking vinegar Pinterest Cosby sweater, fingerstache fap High Life.',3,'published','2023-01-04 01:10:57','2023-01-04 01:10:57');
/*!40000 ALTER TABLE `faqs` ENABLE KEYS */;
UNLOCK TABLES;

--
-- Table structure for table `faqs_translations`
--

DROP TABLE IF EXISTS `faqs_translations`;
/*!40101 SET @saved_cs_client     = @@character_set_client */;
/*!50503 SET character_set_client = utf8mb4 */;
CREATE TABLE `faqs_translations` (
  `lang_code` varchar(191) COLLATE utf8mb4_unicode_ci NOT NULL,
  `faqs_id` int NOT NULL,
  `question` text COLLATE utf8mb4_unicode_ci,
  `answer` text COLLATE utf8mb4_unicode_ci,
  PRIMARY KEY (`lang_code`,`faqs_id`)
) ENGINE=InnoDB DEFAULT CHARSET=utf8mb4 COLLATE=utf8mb4_unicode_ci;
/*!40101 SET character_set_client = @saved_cs_client */;

--
-- Dumping data for table `faqs_translations`
--

LOCK TABLES `faqs_translations` WRITE;
/*!40000 ALTER TABLE `faqs_translations` DISABLE KEYS */;
INSERT INTO `faqs_translations` VALUES ('vi',1,'C? nh?ng ph??ng th?c v?n chuy?n nào?','Ex Portland Pitchfork irure ria mép. Eutra fap tr??c khi h? b?n h?t theo ??ng ngh?a ?en. Aliquip ugh quy?n xe ??p th?c s? mlkshk, r??u bia th? công m?c seitan. '),('vi',2,'B?n c? giao hàng qu?c t? không?','?o hoodie t?i tote Tofu mixtape. Qu?n ?ùi jean ??nh ch? Wolf quinoa, t?i messenger h?u c? freegan cray. '),('vi',3,'M?t bao lâu ?? nh?n ???c g?i hàng c?a tôi?','B?a n?a bu?i ?n s?ng b?ng b?ng heo quay t? m?y ??nh ch? VHS, cà phê c? ngu?n g?c ??n Paleo, Wes Anderson. Khoan Pitchfork linh ho?t, theo ngh?a ?en là ?? qua fap theo ngh?a ?en. Wes Anderson Pinterest YOLO fanny pack meggings, deep v XOXO chambray b?n v?ng slow-carb raw denim Church-key fap chillwave Etsy. +1 b? d?ng c? ??nh m?y, ??u ph? Banksy Vice c?a American Apparel. '),('vi',4,'Ph??ng th?c thanh to?n nào ???c ch?p nh?n?','Fashion Axe DIY jean shorts, swag kale chips meh polaroid kogi butcher Wes Anderson chambray next level semiotics gentrify yr. Qu?y ?nh Voluptate fugiat Vice. Austin sed Williamsburg, ea labore raw denim voluptate cred proident mixtape excepteur ria mép. Twee chia gian hàng ch?p ?nh xe b?n ?? ?n s?n, b?a ti?c trên m?i ?o hoodie swag keytar PBR DIY. '),('vi',5,'Mua tr?c tuy?n c? an toàn không?','B?a ti?c ngh? thu?t ??ch th?c freegan semiotics jean shorts chia credit. Ti?c trên m?i nhà Neutra Austin Brooklyn, Thundercats swag synth gian hàng ?nh 8-bit. Xà c?p letterpress k? s?c th? công bia meh ??o ??c Pinterest. '),('vi',6,'Làm c?ch nào ?? ??t hàng?','Keytar cray slow-carb, Godard banh mi salvia pour-over. Slow-carb Odd ??nh m?c seitan trong t??ng lai. Master làm s?ch American Apparel nh? nhàng làm s?ch râu linh ho?t ch?m carb c?p ?? ti?p theo. V?i thô denim polaroid nh?t t? trang tr?i ??n bàn, ??t m?t con chim trên ?? h?nh x?m lo-fi Wes Anderson Pinterest letterpress. B?c th?y gian hàng ?nh Schlitz c?a Fingerstache McSweeney ?ang làm s?ch th? b?t ??u b?ng hashtag theo yêu c?u riêng, chillwave gentrify. '),('vi',7,'Làm c?ch nào ?? tôi c? th? h?y ho?c thay ??i ??n hàng c?a m?nh?','Xà c?p letterpress k? s?c th? công bia meh ??o ??c Pinterest. B?a ti?c ngh? thu?t ??ch th?c freegan semiotics jean shorts chia t?n. Ti?c trên m?i nhà Neutra Austin ? Brooklyn, synth Thundercats c? gian hàng ?nh 8-bit. '),('vi',8,'Tôi c? c?n tài kho?n ?? ??t hàng không?','Thundercats làm lung lay gian hàng ?nh 8-bit. Xà c?p letterpress k? s?c th? công bia meh ??o ??c Pinterest. Twee chia ?nh gian hàng xe b?n th?c ?n làm s?n, b?a ti?c trên m?i ?o hoodie swag keytar PBR DIY. Cray ugh 3 wolf moon fap, r?u th?i trang m?a mai ng??i b?n th?t m?y ??nh ch? chambray VHS banjo ngh? thu?t ???ng ph?. '),('vi',9,'Làm c?ch nào ?? theo d?i ??n hàng c?a tôi?','Keytar cray slow-carb, Godard banh mi salvia pour-over. Slow-carb @Odd ??nh m?c seitan trong t??ng lai. B?c th?y làm s?ch American Apparel nh? nhàng làm s?ch râu linh ho?t theo ki?u ch?m carb c?p ?? ti?p theo. '),('vi',10,'Làm c?ch nào ?? tr? l?i s?n ph?m?','Kale chips Truffaut Williamsburg, fixie hashtag Pinterest raw denim c hambray u?ng gi?m Carles street art Bushwick gastropub. Ch?a kh?a nhà th? Wolf Tumblr. Xe t?i th?c ph?m k? s?c Echo Park YOLO c?n hella, giao d?ch tr?c ti?p Thundercats legging quinoa tr??c khi b?n h?t. C? th? b?n ch?a t?ng nghe n?i v? h? nh?ng ng??i truy?n b? v? umami ??ch th?c u?ng gi?m Pinterest ?o len Cosby, fingerstache fap High Life. ');
/*!40000 ALTER TABLE `faqs_translations` ENABLE KEYS */;
UNLOCK TABLES;

--
-- Table structure for table `jobs`
--

DROP TABLE IF EXISTS `jobs`;
/*!40101 SET @saved_cs_client     = @@character_set_client */;
/*!50503 SET character_set_client = utf8mb4 */;
CREATE TABLE `jobs` (
  `id` bigint unsigned NOT NULL AUTO_INCREMENT,
  `queue` varchar(191) COLLATE utf8mb4_unicode_ci NOT NULL,
  `payload` longtext COLLATE utf8mb4_unicode_ci NOT NULL,
  `attempts` tinyint unsigned NOT NULL,
  `reserved_at` int unsigned DEFAULT NULL,
  `available_at` int unsigned NOT NULL,
  `created_at` int unsigned NOT NULL,
  PRIMARY KEY (`id`),
  KEY `jobs_queue_index` (`queue`)
) ENGINE=InnoDB DEFAULT CHARSET=utf8mb4 COLLATE=utf8mb4_unicode_ci;
/*!40101 SET character_set_client = @saved_cs_client */;

--
-- Dumping data for table `jobs`
--

LOCK TABLES `jobs` WRITE;
/*!40000 ALTER TABLE `jobs` DISABLE KEYS */;
/*!40000 ALTER TABLE `jobs` ENABLE KEYS */;
UNLOCK TABLES;

--
-- Table structure for table `language_meta`
--

DROP TABLE IF EXISTS `language_meta`;
/*!40101 SET @saved_cs_client     = @@character_set_client */;
/*!50503 SET character_set_client = utf8mb4 */;
CREATE TABLE `language_meta` (
  `lang_meta_id` int unsigned NOT NULL AUTO_INCREMENT,
  `lang_meta_code` text COLLATE utf8mb4_unicode_ci,
  `lang_meta_origin` varchar(255) COLLATE utf8mb4_unicode_ci NOT NULL,
  `reference_id` int unsigned NOT NULL,
  `reference_type` varchar(120) COLLATE utf8mb4_unicode_ci NOT NULL,
  PRIMARY KEY (`lang_meta_id`),
  KEY `language_meta_reference_id_index` (`reference_id`)
) ENGINE=InnoDB AUTO_INCREMENT=13 DEFAULT CHARSET=utf8mb4 COLLATE=utf8mb4_unicode_ci;
/*!40101 SET character_set_client = @saved_cs_client */;

--
-- Dumping data for table `language_meta`
--

LOCK TABLES `language_meta` WRITE;
/*!40000 ALTER TABLE `language_meta` DISABLE KEYS */;
INSERT INTO `language_meta` VALUES (1,'en_US','352f2d002ea8d5ccd25309a35bf528d4',1,'Botble\\SimpleSlider\\Models\\SimpleSlider'),(2,'vi','352f2d002ea8d5ccd25309a35bf528d4',2,'Botble\\SimpleSlider\\Models\\SimpleSlider'),(3,'en_US','a017d3e3a37d7f5e1605ab45c6e664a5',1,'Botble\\Menu\\Models\\MenuLocation'),(4,'en_US','9418dbf01587bcedacc83ef3876630e2',1,'Botble\\Menu\\Models\\Menu'),(5,'en_US','a553ff75f98111421065a4ac6ff10e93',2,'Botble\\Menu\\Models\\Menu'),(6,'en_US','f3de96fb7678b24fa648e698466f1366',3,'Botble\\Menu\\Models\\Menu'),(7,'en_US','79050c7aaf0575364d09e278f15ed9d3',4,'Botble\\Menu\\Models\\Menu'),(8,'vi','2702b88ee849324974986d17d0da5e01',2,'Botble\\Menu\\Models\\MenuLocation'),(9,'vi','9418dbf01587bcedacc83ef3876630e2',5,'Botble\\Menu\\Models\\Menu'),(10,'vi','a553ff75f98111421065a4ac6ff10e93',6,'Botble\\Menu\\Models\\Menu'),(11,'vi','f3de96fb7678b24fa648e698466f1366',7,'Botble\\Menu\\Models\\Menu'),(12,'vi','79050c7aaf0575364d09e278f15ed9d3',8,'Botble\\Menu\\Models\\Menu');
/*!40000 ALTER TABLE `language_meta` ENABLE KEYS */;
UNLOCK TABLES;

--
-- Table structure for table `languages`
--

DROP TABLE IF EXISTS `languages`;
/*!40101 SET @saved_cs_client     = @@character_set_client */;
/*!50503 SET character_set_client = utf8mb4 */;
CREATE TABLE `languages` (
  `lang_id` int unsigned NOT NULL AUTO_INCREMENT,
  `lang_name` varchar(120) COLLATE utf8mb4_unicode_ci NOT NULL,
  `lang_locale` varchar(20) COLLATE utf8mb4_unicode_ci NOT NULL,
  `lang_code` varchar(20) COLLATE utf8mb4_unicode_ci NOT NULL,
  `lang_flag` varchar(20) COLLATE utf8mb4_unicode_ci DEFAULT NULL,
  `lang_is_default` tinyint unsigned NOT NULL DEFAULT '0',
  `lang_order` int NOT NULL DEFAULT '0',
  `lang_is_rtl` tinyint unsigned NOT NULL DEFAULT '0',
  PRIMARY KEY (`lang_id`)
) ENGINE=InnoDB AUTO_INCREMENT=3 DEFAULT CHARSET=utf8mb4 COLLATE=utf8mb4_unicode_ci;
/*!40101 SET character_set_client = @saved_cs_client */;

--
-- Dumping data for table `languages`
--

LOCK TABLES `languages` WRITE;
/*!40000 ALTER TABLE `languages` DISABLE KEYS */;
INSERT INTO `languages` VALUES (1,'English','en','en_US','us',1,0,0),(2,'Ti?ng Vi?t','vi','vi','vn',0,0,0);
/*!40000 ALTER TABLE `languages` ENABLE KEYS */;
UNLOCK TABLES;

--
-- Table structure for table `media_files`
--

DROP TABLE IF EXISTS `media_files`;
/*!40101 SET @saved_cs_client     = @@character_set_client */;
/*!50503 SET character_set_client = utf8mb4 */;
CREATE TABLE `media_files` (
  `id` bigint unsigned NOT NULL AUTO_INCREMENT,
  `user_id` int unsigned NOT NULL,
  `name` varchar(255) COLLATE utf8mb4_unicode_ci NOT NULL,
  `folder_id` int unsigned NOT NULL DEFAULT '0',
  `mime_type` varchar(120) COLLATE utf8mb4_unicode_ci NOT NULL,
  `size` int NOT NULL,
  `url` varchar(255) COLLATE utf8mb4_unicode_ci NOT NULL,
  `options` text COLLATE utf8mb4_unicode_ci,
  `created_at` timestamp NULL DEFAULT NULL,
  `updated_at` timestamp NULL DEFAULT NULL,
  `deleted_at` timestamp NULL DEFAULT NULL,
  PRIMARY KEY (`id`),
  KEY `media_files_user_id_index` (`user_id`),
  KEY `media_files_index` (`folder_id`,`user_id`,`created_at`)
) ENGINE=InnoDB AUTO_INCREMENT=151 DEFAULT CHARSET=utf8mb4 COLLATE=utf8mb4_unicode_ci;
/*!40101 SET character_set_client = @saved_cs_client */;

--
-- Dumping data for table `media_files`
--

LOCK TABLES `media_files` WRITE;
/*!40000 ALTER TABLE `media_files` DISABLE KEYS */;
INSERT INTO `media_files` VALUES (1,0,'1',1,'image/jpeg',916,'brands/1.jpg','[]','2023-01-04 01:10:48','2023-01-04 01:10:48',NULL),(2,0,'2',1,'image/jpeg',916,'brands/2.jpg','[]','2023-01-04 01:10:48','2023-01-04 01:10:48',NULL),(3,0,'3',1,'image/jpeg',916,'brands/3.jpg','[]','2023-01-04 01:10:48','2023-01-04 01:10:48',NULL),(4,0,'4',1,'image/jpeg',916,'brands/4.jpg','[]','2023-01-04 01:10:48','2023-01-04 01:10:48',NULL),(5,0,'5',1,'image/jpeg',916,'brands/5.jpg','[]','2023-01-04 01:10:49','2023-01-04 01:10:49',NULL),(6,0,'6',1,'image/jpeg',916,'brands/6.jpg','[]','2023-01-04 01:10:49','2023-01-04 01:10:49',NULL),(7,0,'7',1,'image/jpeg',916,'brands/7.jpg','[]','2023-01-04 01:10:49','2023-01-04 01:10:49',NULL),(8,0,'1',2,'image/jpeg',2165,'product-categories/1.jpg','[]','2023-01-04 01:10:49','2023-01-04 01:10:49',NULL),(9,0,'2',2,'image/jpeg',2165,'product-categories/2.jpg','[]','2023-01-04 01:10:49','2023-01-04 01:10:49',NULL),(10,0,'3',2,'image/jpeg',2165,'product-categories/3.jpg','[]','2023-01-04 01:10:49','2023-01-04 01:10:49',NULL),(11,0,'4',2,'image/jpeg',2165,'product-categories/4.jpg','[]','2023-01-04 01:10:49','2023-01-04 01:10:49',NULL),(12,0,'5',2,'image/jpeg',2165,'product-categories/5.jpg','[]','2023-01-04 01:10:49','2023-01-04 01:10:49',NULL),(13,0,'6',2,'image/jpeg',2165,'product-categories/6.jpg','[]','2023-01-04 01:10:49','2023-01-04 01:10:49',NULL),(14,0,'7',2,'image/jpeg',2165,'product-categories/7.jpg','[]','2023-01-04 01:10:49','2023-01-04 01:10:49',NULL),(15,0,'8',2,'image/jpeg',2165,'product-categories/8.jpg','[]','2023-01-04 01:10:49','2023-01-04 01:10:49',NULL),(16,0,'1',3,'image/jpeg',2165,'products/1.jpg','[]','2023-01-04 01:10:49','2023-01-04 01:10:49',NULL),(17,0,'10-1',3,'image/jpeg',2165,'products/10-1.jpg','[]','2023-01-04 01:10:49','2023-01-04 01:10:49',NULL),(18,0,'10-2',3,'image/jpeg',2165,'products/10-2.jpg','[]','2023-01-04 01:10:49','2023-01-04 01:10:49',NULL),(19,0,'10',3,'image/jpeg',2165,'products/10.jpg','[]','2023-01-04 01:10:49','2023-01-04 01:10:49',NULL),(20,0,'11-1',3,'image/jpeg',2165,'products/11-1.jpg','[]','2023-01-04 01:10:49','2023-01-04 01:10:49',NULL),(21,0,'11-2',3,'image/jpeg',2165,'products/11-2.jpg','[]','2023-01-04 01:10:50','2023-01-04 01:10:50',NULL),(22,0,'11-3',3,'image/jpeg',2165,'products/11-3.jpg','[]','2023-01-04 01:10:50','2023-01-04 01:10:50',NULL),(23,0,'11',3,'image/jpeg',2165,'products/11.jpg','[]','2023-01-04 01:10:50','2023-01-04 01:10:50',NULL),(24,0,'12-1',3,'image/jpeg',2165,'products/12-1.jpg','[]','2023-01-04 01:10:50','2023-01-04 01:10:50',NULL),(25,0,'12-2',3,'image/jpeg',2165,'products/12-2.jpg','[]','2023-01-04 01:10:50','2023-01-04 01:10:50',NULL),(26,0,'12-3',3,'image/jpeg',2165,'products/12-3.jpg','[]','2023-01-04 01:10:50','2023-01-04 01:10:50',NULL),(27,0,'12',3,'image/jpeg',2165,'products/12.jpg','[]','2023-01-04 01:10:50','2023-01-04 01:10:50',NULL),(28,0,'13-1',3,'image/jpeg',2165,'products/13-1.jpg','[]','2023-01-04 01:10:50','2023-01-04 01:10:50',NULL),(29,0,'13',3,'image/jpeg',2165,'products/13.jpg','[]','2023-01-04 01:10:50','2023-01-04 01:10:50',NULL),(30,0,'14',3,'image/jpeg',2165,'products/14.jpg','[]','2023-01-04 01:10:50','2023-01-04 01:10:50',NULL),(31,0,'15-1',3,'image/jpeg',2165,'products/15-1.jpg','[]','2023-01-04 01:10:50','2023-01-04 01:10:50',NULL),(32,0,'15',3,'image/jpeg',2165,'products/15.jpg','[]','2023-01-04 01:10:50','2023-01-04 01:10:50',NULL),(33,0,'16',3,'image/jpeg',2165,'products/16.jpg','[]','2023-01-04 01:10:50','2023-01-04 01:10:50',NULL),(34,0,'17-1',3,'image/jpeg',2165,'products/17-1.jpg','[]','2023-01-04 01:10:50','2023-01-04 01:10:50',NULL),(35,0,'17-2',3,'image/jpeg',2165,'products/17-2.jpg','[]','2023-01-04 01:10:50','2023-01-04 01:10:50',NULL),(36,0,'17-3',3,'image/jpeg',2165,'products/17-3.jpg','[]','2023-01-04 01:10:50','2023-01-04 01:10:50',NULL),(37,0,'17',3,'image/jpeg',2165,'products/17.jpg','[]','2023-01-04 01:10:51','2023-01-04 01:10:51',NULL),(38,0,'18-1',3,'image/jpeg',2165,'products/18-1.jpg','[]','2023-01-04 01:10:51','2023-01-04 01:10:51',NULL),(39,0,'18-2',3,'image/jpeg',2165,'products/18-2.jpg','[]','2023-01-04 01:10:51','2023-01-04 01:10:51',NULL),(40,0,'18-3',3,'image/jpeg',2165,'products/18-3.jpg','[]','2023-01-04 01:10:51','2023-01-04 01:10:51',NULL),(41,0,'18',3,'image/jpeg',2165,'products/18.jpg','[]','2023-01-04 01:10:51','2023-01-04 01:10:51',NULL),(42,0,'19-1',3,'image/jpeg',2165,'products/19-1.jpg','[]','2023-01-04 01:10:51','2023-01-04 01:10:51',NULL),(43,0,'19-2',3,'image/jpeg',2165,'products/19-2.jpg','[]','2023-01-04 01:10:51','2023-01-04 01:10:51',NULL),(44,0,'19-3',3,'image/jpeg',2165,'products/19-3.jpg','[]','2023-01-04 01:10:51','2023-01-04 01:10:51',NULL),(45,0,'19',3,'image/jpeg',2165,'products/19.jpg','[]','2023-01-04 01:10:51','2023-01-04 01:10:51',NULL),(46,0,'2-1',3,'image/jpeg',2165,'products/2-1.jpg','[]','2023-01-04 01:10:51','2023-01-04 01:10:51',NULL),(47,0,'2-2',3,'image/jpeg',2165,'products/2-2.jpg','[]','2023-01-04 01:10:51','2023-01-04 01:10:51',NULL),(48,0,'2-3',3,'image/jpeg',2165,'products/2-3.jpg','[]','2023-01-04 01:10:51','2023-01-04 01:10:51',NULL),(49,0,'2',3,'image/jpeg',2165,'products/2.jpg','[]','2023-01-04 01:10:51','2023-01-04 01:10:51',NULL),(50,0,'20-1',3,'image/jpeg',2165,'products/20-1.jpg','[]','2023-01-04 01:10:51','2023-01-04 01:10:51',NULL),(51,0,'20-2',3,'image/jpeg',2165,'products/20-2.jpg','[]','2023-01-04 01:10:51','2023-01-04 01:10:51',NULL),(52,0,'20-3',3,'image/jpeg',2165,'products/20-3.jpg','[]','2023-01-04 01:10:51','2023-01-04 01:10:51',NULL),(53,0,'20',3,'image/jpeg',2165,'products/20.jpg','[]','2023-01-04 01:10:51','2023-01-04 01:10:51',NULL),(54,0,'21-1',3,'image/jpeg',2165,'products/21-1.jpg','[]','2023-01-04 01:10:51','2023-01-04 01:10:51',NULL),(55,0,'21-2',3,'image/jpeg',2165,'products/21-2.jpg','[]','2023-01-04 01:10:51','2023-01-04 01:10:51',NULL),(56,0,'21',3,'image/jpeg',2165,'products/21.jpg','[]','2023-01-04 01:10:51','2023-01-04 01:10:51',NULL),(57,0,'22-1',3,'image/jpeg',2165,'products/22-1.jpg','[]','2023-01-04 01:10:52','2023-01-04 01:10:52',NULL),(58,0,'22-2',3,'image/jpeg',2165,'products/22-2.jpg','[]','2023-01-04 01:10:52','2023-01-04 01:10:52',NULL),(59,0,'22-3',3,'image/jpeg',2165,'products/22-3.jpg','[]','2023-01-04 01:10:52','2023-01-04 01:10:52',NULL),(60,0,'22',3,'image/jpeg',2165,'products/22.jpg','[]','2023-01-04 01:10:52','2023-01-04 01:10:52',NULL),(61,0,'23-1',3,'image/jpeg',2165,'products/23-1.jpg','[]','2023-01-04 01:10:52','2023-01-04 01:10:52',NULL),(62,0,'23-2',3,'image/jpeg',2165,'products/23-2.jpg','[]','2023-01-04 01:10:52','2023-01-04 01:10:52',NULL),(63,0,'23-3',3,'image/jpeg',2165,'products/23-3.jpg','[]','2023-01-04 01:10:52','2023-01-04 01:10:52',NULL),(64,0,'23',3,'image/jpeg',2165,'products/23.jpg','[]','2023-01-04 01:10:52','2023-01-04 01:10:52',NULL),(65,0,'3',3,'image/jpeg',2165,'products/3.jpg','[]','2023-01-04 01:10:52','2023-01-04 01:10:52',NULL),(66,0,'4-1',3,'image/jpeg',2165,'products/4-1.jpg','[]','2023-01-04 01:10:52','2023-01-04 01:10:52',NULL),(67,0,'4-2',3,'image/jpeg',2165,'products/4-2.jpg','[]','2023-01-04 01:10:52','2023-01-04 01:10:52',NULL),(68,0,'4-3',3,'image/jpeg',2165,'products/4-3.jpg','[]','2023-01-04 01:10:52','2023-01-04 01:10:52',NULL),(69,0,'4',3,'image/jpeg',2165,'products/4.jpg','[]','2023-01-04 01:10:52','2023-01-04 01:10:52',NULL),(70,0,'5-1',3,'image/jpeg',2165,'products/5-1.jpg','[]','2023-01-04 01:10:52','2023-01-04 01:10:52',NULL),(71,0,'5-2',3,'image/jpeg',2165,'products/5-2.jpg','[]','2023-01-04 01:10:52','2023-01-04 01:10:52',NULL),(72,0,'5-3',3,'image/jpeg',2165,'products/5-3.jpg','[]','2023-01-04 01:10:52','2023-01-04 01:10:52',NULL),(73,0,'5',3,'image/jpeg',2165,'products/5.jpg','[]','2023-01-04 01:10:52','2023-01-04 01:10:52',NULL),(74,0,'6',3,'image/jpeg',2165,'products/6.jpg','[]','2023-01-04 01:10:52','2023-01-04 01:10:52',NULL),(75,0,'7',3,'image/jpeg',2165,'products/7.jpg','[]','2023-01-04 01:10:53','2023-01-04 01:10:53',NULL),(76,0,'8-1',3,'image/jpeg',2165,'products/8-1.jpg','[]','2023-01-04 01:10:53','2023-01-04 01:10:53',NULL),(77,0,'8-2',3,'image/jpeg',2165,'products/8-2.jpg','[]','2023-01-04 01:10:53','2023-01-04 01:10:53',NULL),(78,0,'8-3',3,'image/jpeg',2165,'products/8-3.jpg','[]','2023-01-04 01:10:53','2023-01-04 01:10:53',NULL),(79,0,'8',3,'image/jpeg',2165,'products/8.jpg','[]','2023-01-04 01:10:53','2023-01-04 01:10:53',NULL),(80,0,'9-1',3,'image/jpeg',2165,'products/9-1.jpg','[]','2023-01-04 01:10:53','2023-01-04 01:10:53',NULL),(81,0,'9-2',3,'image/jpeg',2165,'products/9-2.jpg','[]','2023-01-04 01:10:53','2023-01-04 01:10:53',NULL),(82,0,'9',3,'image/jpeg',2165,'products/9.jpg','[]','2023-01-04 01:10:53','2023-01-04 01:10:53',NULL),(83,0,'1',4,'image/jpeg',2165,'customers/1.jpg','[]','2023-01-04 01:10:54','2023-01-04 01:10:54',NULL),(84,0,'10',4,'image/jpeg',2165,'customers/10.jpg','[]','2023-01-04 01:10:54','2023-01-04 01:10:54',NULL),(85,0,'2',4,'image/jpeg',2165,'customers/2.jpg','[]','2023-01-04 01:10:54','2023-01-04 01:10:54',NULL),(86,0,'3',4,'image/jpeg',2165,'customers/3.jpg','[]','2023-01-04 01:10:54','2023-01-04 01:10:54',NULL),(87,0,'4',4,'image/jpeg',2165,'customers/4.jpg','[]','2023-01-04 01:10:54','2023-01-04 01:10:54',NULL),(88,0,'5',4,'image/jpeg',2165,'customers/5.jpg','[]','2023-01-04 01:10:54','2023-01-04 01:10:54',NULL),(89,0,'6',4,'image/jpeg',2165,'customers/6.jpg','[]','2023-01-04 01:10:54','2023-01-04 01:10:54',NULL),(90,0,'7',4,'image/jpeg',2165,'customers/7.jpg','[]','2023-01-04 01:10:54','2023-01-04 01:10:54',NULL),(91,0,'8',4,'image/jpeg',2165,'customers/8.jpg','[]','2023-01-04 01:10:54','2023-01-04 01:10:54',NULL),(92,0,'9',4,'image/jpeg',2165,'customers/9.jpg','[]','2023-01-04 01:10:54','2023-01-04 01:10:54',NULL),(93,0,'1',5,'image/jpeg',2165,'news/1.jpg','[]','2023-01-04 01:10:55','2023-01-04 01:10:55',NULL),(94,0,'10',5,'image/jpeg',2165,'news/10.jpg','[]','2023-01-04 01:10:55','2023-01-04 01:10:55',NULL),(95,0,'11',5,'image/jpeg',2165,'news/11.jpg','[]','2023-01-04 01:10:55','2023-01-04 01:10:55',NULL),(96,0,'2',5,'image/jpeg',2165,'news/2.jpg','[]','2023-01-04 01:10:55','2023-01-04 01:10:55',NULL),(97,0,'3',5,'image/jpeg',2165,'news/3.jpg','[]','2023-01-04 01:10:55','2023-01-04 01:10:55',NULL),(98,0,'4',5,'image/jpeg',2165,'news/4.jpg','[]','2023-01-04 01:10:55','2023-01-04 01:10:55',NULL),(99,0,'5',5,'image/jpeg',2165,'news/5.jpg','[]','2023-01-04 01:10:55','2023-01-04 01:10:55',NULL),(100,0,'6',5,'image/jpeg',2165,'news/6.jpg','[]','2023-01-04 01:10:55','2023-01-04 01:10:55',NULL),(101,0,'7',5,'image/jpeg',2165,'news/7.jpg','[]','2023-01-04 01:10:55','2023-01-04 01:10:55',NULL),(102,0,'8',5,'image/jpeg',2165,'news/8.jpg','[]','2023-01-04 01:10:55','2023-01-04 01:10:55',NULL),(103,0,'9',5,'image/jpeg',2165,'news/9.jpg','[]','2023-01-04 01:10:55','2023-01-04 01:10:55',NULL),(104,0,'1-lg',6,'image/jpeg',3852,'sliders/1-lg.jpg','[]','2023-01-04 01:10:56','2023-01-04 01:10:56',NULL),(105,0,'1-md',6,'image/jpeg',3852,'sliders/1-md.jpg','[]','2023-01-04 01:10:56','2023-01-04 01:10:56',NULL),(106,0,'1-sm',6,'image/jpeg',3852,'sliders/1-sm.jpg','[]','2023-01-04 01:10:56','2023-01-04 01:10:56',NULL),(107,0,'2-lg',6,'image/jpeg',3852,'sliders/2-lg.jpg','[]','2023-01-04 01:10:56','2023-01-04 01:10:56',NULL),(108,0,'2-md',6,'image/jpeg',3852,'sliders/2-md.jpg','[]','2023-01-04 01:10:56','2023-01-04 01:10:56',NULL),(109,0,'2-sm',6,'image/jpeg',3852,'sliders/2-sm.jpg','[]','2023-01-04 01:10:56','2023-01-04 01:10:56',NULL),(110,0,'3-lg',6,'image/jpeg',3852,'sliders/3-lg.jpg','[]','2023-01-04 01:10:56','2023-01-04 01:10:56',NULL),(111,0,'3-md',6,'image/jpeg',3852,'sliders/3-md.jpg','[]','2023-01-04 01:10:56','2023-01-04 01:10:56',NULL),(112,0,'3-sm',6,'image/jpeg',3852,'sliders/3-sm.jpg','[]','2023-01-04 01:10:56','2023-01-04 01:10:56',NULL),(113,0,'1',7,'image/jpeg',1463,'promotion/1.jpg','[]','2023-01-04 01:10:56','2023-01-04 01:10:56',NULL),(114,0,'2',7,'image/jpeg',1463,'promotion/2.jpg','[]','2023-01-04 01:10:56','2023-01-04 01:10:56',NULL),(115,0,'3',7,'image/jpeg',2049,'promotion/3.jpg','[]','2023-01-04 01:10:56','2023-01-04 01:10:56',NULL),(116,0,'4',7,'image/jpeg',2049,'promotion/4.jpg','[]','2023-01-04 01:10:56','2023-01-04 01:10:56',NULL),(117,0,'5',7,'image/jpeg',2049,'promotion/5.jpg','[]','2023-01-04 01:10:56','2023-01-04 01:10:56',NULL),(118,0,'6',7,'image/jpeg',2049,'promotion/6.jpg','[]','2023-01-04 01:10:57','2023-01-04 01:10:57',NULL),(119,0,'7',7,'image/jpeg',2049,'promotion/7.jpg','[]','2023-01-04 01:10:57','2023-01-04 01:10:57',NULL),(120,0,'8',7,'image/jpeg',2049,'promotion/8.jpg','[]','2023-01-04 01:10:57','2023-01-04 01:10:57',NULL),(121,0,'9',7,'image/jpeg',2049,'promotion/9.jpg','[]','2023-01-04 01:10:57','2023-01-04 01:10:57',NULL),(122,0,'app',8,'image/png',1849,'general/app.png','[]','2023-01-04 01:10:57','2023-01-04 01:10:57',NULL),(123,0,'coming-soon',8,'image/jpeg',19900,'general/coming-soon.jpg','[]','2023-01-04 01:10:57','2023-01-04 01:10:57',NULL),(124,0,'favicon',8,'image/png',1925,'general/favicon.png','[]','2023-01-04 01:10:57','2023-01-04 01:10:57',NULL),(125,0,'logo-dark',8,'image/png',784,'general/logo-dark.png','[]','2023-01-04 01:10:57','2023-01-04 01:10:57',NULL),(126,0,'logo-light',8,'image/png',783,'general/logo-light.png','[]','2023-01-04 01:10:57','2023-01-04 01:10:57',NULL),(127,0,'logo',8,'image/png',793,'general/logo.png','[]','2023-01-04 01:10:57','2023-01-04 01:10:57',NULL),(128,0,'newsletter',8,'image/jpeg',3316,'general/newsletter.jpg','[]','2023-01-04 01:10:57','2023-01-04 01:10:57',NULL),(129,0,'payment-method-1',8,'image/jpeg',813,'general/payment-method-1.jpg','[]','2023-01-04 01:10:57','2023-01-04 01:10:57',NULL),(130,0,'payment-method-2',8,'image/jpeg',878,'general/payment-method-2.jpg','[]','2023-01-04 01:10:57','2023-01-04 01:10:57',NULL),(131,0,'payment-method-3',8,'image/jpeg',816,'general/payment-method-3.jpg','[]','2023-01-04 01:10:57','2023-01-04 01:10:57',NULL),(132,0,'payment-method-4',8,'image/jpeg',638,'general/payment-method-4.jpg','[]','2023-01-04 01:10:57','2023-01-04 01:10:57',NULL),(133,0,'payment-method-5',8,'image/jpeg',659,'general/payment-method-5.jpg','[]','2023-01-04 01:10:57','2023-01-04 01:10:57',NULL),(134,0,'1',9,'image/png',3482,'stores/1.png','[]','2023-01-04 01:10:57','2023-01-04 01:10:57',NULL),(135,0,'10',9,'image/png',1675,'stores/10.png','[]','2023-01-04 01:10:57','2023-01-04 01:10:57',NULL),(136,0,'11',9,'image/png',1857,'stores/11.png','[]','2023-01-04 01:10:57','2023-01-04 01:10:57',NULL),(137,0,'12',9,'image/png',2046,'stores/12.png','[]','2023-01-04 01:10:57','2023-01-04 01:10:57',NULL),(138,0,'13',9,'image/png',1597,'stores/13.png','[]','2023-01-04 01:10:57','2023-01-04 01:10:57',NULL),(139,0,'14',9,'image/png',1649,'stores/14.png','[]','2023-01-04 01:10:58','2023-01-04 01:10:58',NULL),(140,0,'15',9,'image/png',2120,'stores/15.png','[]','2023-01-04 01:10:58','2023-01-04 01:10:58',NULL),(141,0,'16',9,'image/png',2556,'stores/16.png','[]','2023-01-04 01:10:58','2023-01-04 01:10:58',NULL),(142,0,'17',9,'image/png',2631,'stores/17.png','[]','2023-01-04 01:10:58','2023-01-04 01:10:58',NULL),(143,0,'2',9,'image/png',3369,'stores/2.png','[]','2023-01-04 01:10:58','2023-01-04 01:10:58',NULL),(144,0,'3',9,'image/png',3044,'stores/3.png','[]','2023-01-04 01:10:58','2023-01-04 01:10:58',NULL),(145,0,'4',9,'image/png',3096,'stores/4.png','[]','2023-01-04 01:10:58','2023-01-04 01:10:58',NULL),(146,0,'5',9,'image/png',3607,'stores/5.png','[]','2023-01-04 01:10:58','2023-01-04 01:10:58',NULL),(147,0,'6',9,'image/png',3778,'stores/6.png','[]','2023-01-04 01:10:58','2023-01-04 01:10:58',NULL),(148,0,'7',9,'image/png',1566,'stores/7.png','[]','2023-01-04 01:10:58','2023-01-04 01:10:58',NULL),(149,0,'8',9,'image/png',1773,'stores/8.png','[]','2023-01-04 01:10:58','2023-01-04 01:10:58',NULL),(150,0,'9',9,'image/png',1671,'stores/9.png','[]','2023-01-04 01:10:58','2023-01-04 01:10:58',NULL);
/*!40000 ALTER TABLE `media_files` ENABLE KEYS */;
UNLOCK TABLES;

--
-- Table structure for table `media_folders`
--

DROP TABLE IF EXISTS `media_folders`;
/*!40101 SET @saved_cs_client     = @@character_set_client */;
/*!50503 SET character_set_client = utf8mb4 */;
CREATE TABLE `media_folders` (
  `id` bigint unsigned NOT NULL AUTO_INCREMENT,
  `user_id` int unsigned NOT NULL,
  `name` varchar(191) COLLATE utf8mb4_unicode_ci DEFAULT NULL,
  `slug` varchar(191) COLLATE utf8mb4_unicode_ci DEFAULT NULL,
  `parent_id` int NOT NULL DEFAULT '0',
  `created_at` timestamp NULL DEFAULT NULL,
  `updated_at` timestamp NULL DEFAULT NULL,
  `deleted_at` timestamp NULL DEFAULT NULL,
  PRIMARY KEY (`id`),
  KEY `media_folders_user_id_index` (`user_id`),
  KEY `media_folders_index` (`parent_id`,`user_id`,`created_at`)
) ENGINE=InnoDB AUTO_INCREMENT=10 DEFAULT CHARSET=utf8mb4 COLLATE=utf8mb4_unicode_ci;
/*!40101 SET character_set_client = @saved_cs_client */;

--
-- Dumping data for table `media_folders`
--

LOCK TABLES `media_folders` WRITE;
/*!40000 ALTER TABLE `media_folders` DISABLE KEYS */;
INSERT INTO `media_folders` VALUES (1,0,'brands','brands',0,'2023-01-04 01:10:48','2023-01-04 01:10:48',NULL),(2,0,'product-categories','product-categories',0,'2023-01-04 01:10:49','2023-01-04 01:10:49',NULL),(3,0,'products','products',0,'2023-01-04 01:10:49','2023-01-04 01:10:49',NULL),(4,0,'customers','customers',0,'2023-01-04 01:10:54','2023-01-04 01:10:54',NULL),(5,0,'news','news',0,'2023-01-04 01:10:55','2023-01-04 01:10:55',NULL),(6,0,'sliders','sliders',0,'2023-01-04 01:10:56','2023-01-04 01:10:56',NULL),(7,0,'promotion','promotion',0,'2023-01-04 01:10:56','2023-01-04 01:10:56',NULL),(8,0,'general','general',0,'2023-01-04 01:10:57','2023-01-04 01:10:57',NULL),(9,0,'stores','stores',0,'2023-01-04 01:10:57','2023-01-04 01:10:57',NULL);
/*!40000 ALTER TABLE `media_folders` ENABLE KEYS */;
UNLOCK TABLES;

--
-- Table structure for table `media_settings`
--

DROP TABLE IF EXISTS `media_settings`;
/*!40101 SET @saved_cs_client     = @@character_set_client */;
/*!50503 SET character_set_client = utf8mb4 */;
CREATE TABLE `media_settings` (
  `id` bigint unsigned NOT NULL AUTO_INCREMENT,
  `key` varchar(120) COLLATE utf8mb4_unicode_ci NOT NULL,
  `value` text COLLATE utf8mb4_unicode_ci,
  `media_id` int DEFAULT NULL,
  `user_id` int DEFAULT NULL,
  `created_at` timestamp NULL DEFAULT NULL,
  `updated_at` timestamp NULL DEFAULT NULL,
  PRIMARY KEY (`id`)
) ENGINE=InnoDB DEFAULT CHARSET=utf8mb4 COLLATE=utf8mb4_unicode_ci;
/*!40101 SET character_set_client = @saved_cs_client */;

--
-- Dumping data for table `media_settings`
--

LOCK TABLES `media_settings` WRITE;
/*!40000 ALTER TABLE `media_settings` DISABLE KEYS */;
/*!40000 ALTER TABLE `media_settings` ENABLE KEYS */;
UNLOCK TABLES;

--
-- Table structure for table `menu_locations`
--

DROP TABLE IF EXISTS `menu_locations`;
/*!40101 SET @saved_cs_client     = @@character_set_client */;
/*!50503 SET character_set_client = utf8mb4 */;
CREATE TABLE `menu_locations` (
  `id` bigint unsigned NOT NULL AUTO_INCREMENT,
  `menu_id` int unsigned NOT NULL,
  `location` varchar(120) COLLATE utf8mb4_unicode_ci NOT NULL,
  `created_at` timestamp NULL DEFAULT NULL,
  `updated_at` timestamp NULL DEFAULT NULL,
  PRIMARY KEY (`id`),
  KEY `menu_locations_menu_id_created_at_index` (`menu_id`,`created_at`)
) ENGINE=InnoDB AUTO_INCREMENT=3 DEFAULT CHARSET=utf8mb4 COLLATE=utf8mb4_unicode_ci;
/*!40101 SET character_set_client = @saved_cs_client */;

--
-- Dumping data for table `menu_locations`
--

LOCK TABLES `menu_locations` WRITE;
/*!40000 ALTER TABLE `menu_locations` DISABLE KEYS */;
INSERT INTO `menu_locations` VALUES (1,1,'main-menu','2023-01-04 01:10:57','2023-01-04 01:10:57'),(2,5,'main-menu','2023-01-04 01:10:57','2023-01-04 01:10:57');
/*!40000 ALTER TABLE `menu_locations` ENABLE KEYS */;
UNLOCK TABLES;

--
-- Table structure for table `menu_nodes`
--

DROP TABLE IF EXISTS `menu_nodes`;
/*!40101 SET @saved_cs_client     = @@character_set_client */;
/*!50503 SET character_set_client = utf8mb4 */;
CREATE TABLE `menu_nodes` (
  `id` bigint unsigned NOT NULL AUTO_INCREMENT,
  `menu_id` int unsigned NOT NULL,
  `parent_id` int unsigned NOT NULL DEFAULT '0',
  `reference_id` int unsigned DEFAULT NULL,
  `reference_type` varchar(255) COLLATE utf8mb4_unicode_ci DEFAULT NULL,
  `url` varchar(120) COLLATE utf8mb4_unicode_ci DEFAULT NULL,
  `icon_font` varchar(50) COLLATE utf8mb4_unicode_ci DEFAULT NULL,
  `position` tinyint unsigned NOT NULL DEFAULT '0',
  `title` varchar(120) COLLATE utf8mb4_unicode_ci DEFAULT NULL,
  `css_class` varchar(120) COLLATE utf8mb4_unicode_ci DEFAULT NULL,
  `target` varchar(20) COLLATE utf8mb4_unicode_ci NOT NULL DEFAULT '_self',
  `has_child` tinyint unsigned NOT NULL DEFAULT '0',
  `created_at` timestamp NULL DEFAULT NULL,
  `updated_at` timestamp NULL DEFAULT NULL,
  PRIMARY KEY (`id`),
  KEY `menu_nodes_menu_id_index` (`menu_id`),
  KEY `menu_nodes_parent_id_index` (`parent_id`),
  KEY `reference_id` (`reference_id`),
  KEY `reference_type` (`reference_type`)
) ENGINE=InnoDB AUTO_INCREMENT=57 DEFAULT CHARSET=utf8mb4 COLLATE=utf8mb4_unicode_ci;
/*!40101 SET character_set_client = @saved_cs_client */;

--
-- Dumping data for table `menu_nodes`
--

LOCK TABLES `menu_nodes` WRITE;
/*!40000 ALTER TABLE `menu_nodes` DISABLE KEYS */;
INSERT INTO `menu_nodes` VALUES (1,1,0,NULL,NULL,'/',NULL,0,'Home',NULL,'_self',0,'2023-01-04 01:10:57','2023-01-04 01:10:57'),(2,1,0,NULL,NULL,'#',NULL,0,'Pages',NULL,'_self',1,'2023-01-04 01:10:57','2023-01-04 01:10:57'),(3,1,2,2,'Botble\\Page\\Models\\Page','/about-us',NULL,0,'About us',NULL,'_self',0,'2023-01-04 01:10:57','2023-01-04 01:10:57'),(4,1,2,3,'Botble\\Page\\Models\\Page','/terms-of-use',NULL,0,'Terms Of Use',NULL,'_self',0,'2023-01-04 01:10:57','2023-01-04 01:10:57'),(5,1,2,4,'Botble\\Page\\Models\\Page','/terms-amp-conditions',NULL,0,'Terms & Conditions',NULL,'_self',0,'2023-01-04 01:10:57','2023-01-04 01:10:57'),(6,1,2,5,'Botble\\Page\\Models\\Page','/refund-policy',NULL,0,'Refund Policy',NULL,'_self',0,'2023-01-04 01:10:57','2023-01-04 01:10:57'),(7,1,2,12,'Botble\\Page\\Models\\Page','/coming-soon',NULL,0,'Coming soon',NULL,'_self',0,'2023-01-04 01:10:57','2023-01-04 01:10:57'),(8,1,0,NULL,NULL,'/products',NULL,0,'Shop',NULL,'_self',1,'2023-01-04 01:10:57','2023-01-04 01:10:57'),(9,1,8,NULL,NULL,'/products',NULL,0,'All products',NULL,'_self',0,'2023-01-04 01:10:57','2023-01-04 01:10:57'),(10,1,8,15,'Botble\\Ecommerce\\Models\\ProductCategory','/product-categories/batteries',NULL,0,'Products Of Category',NULL,'_self',0,'2023-01-04 01:10:57','2023-01-04 01:10:57'),(11,1,8,NULL,NULL,'/products/beat-headphone',NULL,0,'Product Single',NULL,'_self',0,'2023-01-04 01:10:57','2023-01-04 01:10:57'),(12,1,0,NULL,NULL,'/stores',NULL,0,'Stores',NULL,'_self',0,'2023-01-04 01:10:57','2023-01-04 01:10:57'),(13,1,0,6,'Botble\\Page\\Models\\Page','/blog',NULL,0,'Blog',NULL,'_self',0,'2023-01-04 01:10:57','2023-01-04 01:10:57'),(14,1,0,7,'Botble\\Page\\Models\\Page','/faqs',NULL,0,'FAQs',NULL,'_self',0,'2023-01-04 01:10:57','2023-01-04 01:10:57'),(15,1,0,8,'Botble\\Page\\Models\\Page','/contact',NULL,0,'Contact',NULL,'_self',0,'2023-01-04 01:10:57','2023-01-04 01:10:57'),(16,2,0,3,'Botble\\Page\\Models\\Page','/terms-of-use',NULL,0,'Terms Of Use',NULL,'_self',0,'2023-01-04 01:10:57','2023-01-04 01:10:57'),(17,2,0,4,'Botble\\Page\\Models\\Page','/terms-amp-conditions',NULL,0,'Terms & Conditions',NULL,'_self',0,'2023-01-04 01:10:57','2023-01-04 01:10:57'),(18,2,0,5,'Botble\\Page\\Models\\Page','/refund-policy',NULL,0,'Refund Policy',NULL,'_self',0,'2023-01-04 01:10:57','2023-01-04 01:10:57'),(19,2,0,7,'Botble\\Page\\Models\\Page','/faqs',NULL,0,'FAQs',NULL,'_self',0,'2023-01-04 01:10:57','2023-01-04 01:10:57'),(20,2,0,NULL,NULL,'/nothing',NULL,0,'404 Page',NULL,'_self',0,'2023-01-04 01:10:57','2023-01-04 01:10:57'),(21,3,0,2,'Botble\\Page\\Models\\Page','/about-us',NULL,0,'About us',NULL,'_self',0,'2023-01-04 01:10:57','2023-01-04 01:10:57'),(22,3,0,10,'Botble\\Page\\Models\\Page','/affiliate',NULL,0,'Affiliate',NULL,'_self',0,'2023-01-04 01:10:57','2023-01-04 01:10:57'),(23,3,0,11,'Botble\\Page\\Models\\Page','/career',NULL,0,'Career',NULL,'_self',0,'2023-01-04 01:10:57','2023-01-04 01:10:57'),(24,3,0,8,'Botble\\Page\\Models\\Page','/contact',NULL,0,'Contact us',NULL,'_self',0,'2023-01-04 01:10:57','2023-01-04 01:10:57'),(25,4,0,6,'Botble\\Page\\Models\\Page','/blog',NULL,0,'Our blog',NULL,'_self',0,'2023-01-04 01:10:57','2023-01-04 01:10:57'),(26,4,0,NULL,NULL,'/cart',NULL,0,'Cart',NULL,'_self',0,'2023-01-04 01:10:57','2023-01-04 01:10:57'),(27,4,0,NULL,NULL,'/customer/overview',NULL,0,'My account',NULL,'_self',0,'2023-01-04 01:10:57','2023-01-04 01:10:57'),(28,4,0,NULL,NULL,'/products',NULL,0,'Shop',NULL,'_self',0,'2023-01-04 01:10:57','2023-01-04 01:10:57'),(29,5,0,NULL,NULL,'/',NULL,0,'Trang ch?',NULL,'_self',0,'2023-01-04 01:10:57','2023-01-04 01:10:57'),(30,5,0,NULL,NULL,'#',NULL,0,'Trang',NULL,'_self',1,'2023-01-04 01:10:57','2023-01-04 01:10:57'),(31,5,30,2,'Botble\\Page\\Models\\Page','/about-us',NULL,0,'V? ch?ng tôi',NULL,'_self',0,'2023-01-04 01:10:57','2023-01-04 01:10:57'),(32,5,30,3,'Botble\\Page\\Models\\Page','/terms-of-use',NULL,0,'?i?u kho?n s? d?ng',NULL,'_self',0,'2023-01-04 01:10:57','2023-01-04 01:10:57'),(33,5,30,4,'Botble\\Page\\Models\\Page','/terms-amp-conditions',NULL,0,'?i?u kho?n và quy ??nh',NULL,'_self',0,'2023-01-04 01:10:57','2023-01-04 01:10:57'),(34,5,30,5,'Botble\\Page\\Models\\Page','/refund-policy',NULL,0,'Ch?nh s?ch hoàn hàng',NULL,'_self',0,'2023-01-04 01:10:57','2023-01-04 01:10:57'),(35,5,30,12,'Botble\\Page\\Models\\Page','/coming-soon',NULL,0,'S?p ra m?t',NULL,'_self',0,'2023-01-04 01:10:57','2023-01-04 01:10:57'),(36,5,0,NULL,NULL,'/products',NULL,0,'S?n ph?m',NULL,'_self',1,'2023-01-04 01:10:57','2023-01-04 01:10:57'),(37,5,36,NULL,NULL,'/products',NULL,0,'T?t c? s?n ph?m',NULL,'_self',0,'2023-01-04 01:10:57','2023-01-04 01:10:57'),(38,5,36,15,'Botble\\Ecommerce\\Models\\ProductCategory','/product-categories/batteries',NULL,0,'Danh m?c s?n ph?m',NULL,'_self',0,'2023-01-04 01:10:57','2023-01-04 01:10:57'),(39,5,36,NULL,NULL,'/products/beat-headphone',NULL,0,'S?n ph?m chi ti?t',NULL,'_self',0,'2023-01-04 01:10:57','2023-01-04 01:10:57'),(40,5,0,NULL,NULL,'/stores',NULL,0,'C?a hàng',NULL,'_self',0,'2023-01-04 01:10:57','2023-01-04 01:10:57'),(41,5,0,6,'Botble\\Page\\Models\\Page','/blog',NULL,0,'Tin t?c',NULL,'_self',0,'2023-01-04 01:10:57','2023-01-04 01:10:57'),(42,5,0,7,'Botble\\Page\\Models\\Page','/faqs',NULL,0,'FAQs',NULL,'_self',0,'2023-01-04 01:10:57','2023-01-04 01:10:57'),(43,5,0,8,'Botble\\Page\\Models\\Page','/contact',NULL,0,'Liên h?',NULL,'_self',0,'2023-01-04 01:10:57','2023-01-04 01:10:57'),(44,6,0,3,'Botble\\Page\\Models\\Page','/terms-of-use',NULL,0,'?i?u kho?n s? d?ng',NULL,'_self',0,'2023-01-04 01:10:57','2023-01-04 01:10:57'),(45,6,0,4,'Botble\\Page\\Models\\Page','/terms-amp-conditions',NULL,0,'?i?u kho?n và quy ??nh',NULL,'_self',0,'2023-01-04 01:10:57','2023-01-04 01:10:57'),(46,6,0,5,'Botble\\Page\\Models\\Page','/refund-policy',NULL,0,'Ch?nh s?ch hoàn hàng',NULL,'_self',0,'2023-01-04 01:10:57','2023-01-04 01:10:57'),(47,6,0,6,'Botble\\Page\\Models\\Page','/blog',NULL,0,'FAQs',NULL,'_self',0,'2023-01-04 01:10:57','2023-01-04 01:10:57'),(48,6,0,NULL,NULL,'/nothing',NULL,0,'404 Page',NULL,'_self',0,'2023-01-04 01:10:57','2023-01-04 01:10:57'),(49,7,0,2,'Botble\\Page\\Models\\Page','/about-us',NULL,0,'V? ch?ng tôi',NULL,'_self',0,'2023-01-04 01:10:57','2023-01-04 01:10:57'),(50,7,0,10,'Botble\\Page\\Models\\Page','/affiliate',NULL,0,'Ti?p th? liên k?t',NULL,'_self',0,'2023-01-04 01:10:57','2023-01-04 01:10:57'),(51,7,0,11,'Botble\\Page\\Models\\Page','/career',NULL,0,'Tuy?n d?ng',NULL,'_self',0,'2023-01-04 01:10:57','2023-01-04 01:10:57'),(52,7,0,8,'Botble\\Page\\Models\\Page','/contact',NULL,0,'Liên h?',NULL,'_self',0,'2023-01-04 01:10:57','2023-01-04 01:10:57'),(53,8,0,6,'Botble\\Page\\Models\\Page','/blog',NULL,0,'Tin t?c',NULL,'_self',0,'2023-01-04 01:10:57','2023-01-04 01:10:57'),(54,8,0,NULL,NULL,'/cart',NULL,0,'Gi? hàng',NULL,'_self',0,'2023-01-04 01:10:57','2023-01-04 01:10:57'),(55,8,0,NULL,NULL,'/customer/overview',NULL,0,'Tài kho?n',NULL,'_self',0,'2023-01-04 01:10:57','2023-01-04 01:10:57'),(56,8,0,NULL,NULL,'/products',NULL,0,'S?n ph?m',NULL,'_self',0,'2023-01-04 01:10:57','2023-01-04 01:10:57');
/*!40000 ALTER TABLE `menu_nodes` ENABLE KEYS */;
UNLOCK TABLES;

--
-- Table structure for table `menus`
--

DROP TABLE IF EXISTS `menus`;
/*!40101 SET @saved_cs_client     = @@character_set_client */;
/*!50503 SET character_set_client = utf8mb4 */;
CREATE TABLE `menus` (
  `id` bigint unsigned NOT NULL AUTO_INCREMENT,
  `name` varchar(120) COLLATE utf8mb4_unicode_ci NOT NULL,
  `slug` varchar(120) COLLATE utf8mb4_unicode_ci DEFAULT NULL,
  `status` varchar(60) COLLATE utf8mb4_unicode_ci NOT NULL DEFAULT 'published',
  `created_at` timestamp NULL DEFAULT NULL,
  `updated_at` timestamp NULL DEFAULT NULL,
  PRIMARY KEY (`id`),
  UNIQUE KEY `menus_slug_unique` (`slug`)
) ENGINE=InnoDB AUTO_INCREMENT=9 DEFAULT CHARSET=utf8mb4 COLLATE=utf8mb4_unicode_ci;
/*!40101 SET character_set_client = @saved_cs_client */;

--
-- Dumping data for table `menus`
--

LOCK TABLES `menus` WRITE;
/*!40000 ALTER TABLE `menus` DISABLE KEYS */;
INSERT INTO `menus` VALUES (1,'Main menu','main-menu','published','2023-01-04 01:10:57','2023-01-04 01:10:57'),(2,'Quick links','quick-links','published','2023-01-04 01:10:57','2023-01-04 01:10:57'),(3,'Company','company','published','2023-01-04 01:10:57','2023-01-04 01:10:57'),(4,'Business','business','published','2023-01-04 01:10:57','2023-01-04 01:10:57'),(5,'Menu ch?nh','menu-chinh','published','2023-01-04 01:10:57','2023-01-04 01:10:57'),(6,'Liên k?t nhanh','lien-ket-nhanh','published','2023-01-04 01:10:57','2023-01-04 01:10:57'),(7,'Công ty','cong-ty','published','2023-01-04 01:10:57','2023-01-04 01:10:57'),(8,'Doanh nghi?p','doanh-nghiep','published','2023-01-04 01:10:57','2023-01-04 01:10:57');
/*!40000 ALTER TABLE `menus` ENABLE KEYS */;
UNLOCK TABLES;

--
-- Table structure for table `meta_boxes`
--

DROP TABLE IF EXISTS `meta_boxes`;
/*!40101 SET @saved_cs_client     = @@character_set_client */;
/*!50503 SET character_set_client = utf8mb4 */;
CREATE TABLE `meta_boxes` (
  `id` bigint unsigned NOT NULL AUTO_INCREMENT,
  `meta_key` varchar(255) COLLATE utf8mb4_unicode_ci NOT NULL,
  `meta_value` text COLLATE utf8mb4_unicode_ci,
  `reference_id` int unsigned NOT NULL,
  `reference_type` varchar(120) COLLATE utf8mb4_unicode_ci NOT NULL,
  `created_at` timestamp NULL DEFAULT NULL,
  `updated_at` timestamp NULL DEFAULT NULL,
  PRIMARY KEY (`id`),
  KEY `meta_boxes_reference_id_index` (`reference_id`)
) ENGINE=InnoDB AUTO_INCREMENT=50 DEFAULT CHARSET=utf8mb4 COLLATE=utf8mb4_unicode_ci;
/*!40101 SET character_set_client = @saved_cs_client */;

--
-- Dumping data for table `meta_boxes`
--

LOCK TABLES `meta_boxes` WRITE;
/*!40000 ALTER TABLE `meta_boxes` DISABLE KEYS */;
INSERT INTO `meta_boxes` VALUES (1,'icon','[\"icon-star\"]',1,'Botble\\Ecommerce\\Models\\ProductCategory','2023-01-04 01:10:49','2023-01-04 01:10:49'),(2,'icon','[\"icon-laundry\"]',2,'Botble\\Ecommerce\\Models\\ProductCategory','2023-01-04 01:10:49','2023-01-04 01:10:49'),(3,'icon','[\"icon-shirt\"]',16,'Botble\\Ecommerce\\Models\\ProductCategory','2023-01-04 01:10:49','2023-01-04 01:10:49'),(4,'icon','[\"icon-desktop\"]',17,'Botble\\Ecommerce\\Models\\ProductCategory','2023-01-04 01:10:49','2023-01-04 01:10:49'),(5,'icon','[\"icon-lampshade\"]',28,'Botble\\Ecommerce\\Models\\ProductCategory','2023-01-04 01:10:49','2023-01-04 01:10:49'),(6,'icon','[\"icon-heart-pulse\"]',29,'Botble\\Ecommerce\\Models\\ProductCategory','2023-01-04 01:10:49','2023-01-04 01:10:49'),(7,'icon','[\"icon-diamond2\"]',30,'Botble\\Ecommerce\\Models\\ProductCategory','2023-01-04 01:10:49','2023-01-04 01:10:49'),(8,'icon','[\"icon-desktop\"]',31,'Botble\\Ecommerce\\Models\\ProductCategory','2023-01-04 01:10:49','2023-01-04 01:10:49'),(9,'icon','[\"icon-smartphone\"]',32,'Botble\\Ecommerce\\Models\\ProductCategory','2023-01-04 01:10:49','2023-01-04 01:10:49'),(10,'icon','[\"icon-baby-bottle\"]',33,'Botble\\Ecommerce\\Models\\ProductCategory','2023-01-04 01:10:49','2023-01-04 01:10:49'),(11,'icon','[\"icon-baseball\"]',34,'Botble\\Ecommerce\\Models\\ProductCategory','2023-01-04 01:10:49','2023-01-04 01:10:49'),(12,'icon','[\"icon-book2\"]',35,'Botble\\Ecommerce\\Models\\ProductCategory','2023-01-04 01:10:49','2023-01-04 01:10:49'),(13,'icon','[\"icon-car-siren\"]',36,'Botble\\Ecommerce\\Models\\ProductCategory','2023-01-04 01:10:49','2023-01-04 01:10:49'),(14,'icon','[\"icon-wrench\"]',37,'Botble\\Ecommerce\\Models\\ProductCategory','2023-01-04 01:10:49','2023-01-04 01:10:49'),(15,'faq_schema_config','[[[{\"key\":\"question\",\"value\":\"What Shipping Methods Are Available?\"},{\"key\":\"answer\",\"value\":\"Ex Portland Pitchfork irure mustache. Eutra fap before they sold out literally. Aliquip ugh bicycle rights actually mlkshk, seitan squid craft beer tempor.\"}],[{\"key\":\"question\",\"value\":\"Do You Ship Internationally?\"},{\"key\":\"answer\",\"value\":\"Hoodie tote bag mixtape tofu. Typewriter jean shorts wolf quinoa, messenger bag organic freegan cray.\"}],[{\"key\":\"question\",\"value\":\"How Long Will It Take To Get My Package?\"},{\"key\":\"answer\",\"value\":\"Swag slow-carb quinoa VHS typewriter pork belly brunch, paleo single-origin coffee Wes Anderson. Flexitarian Pitchfork forage, literally paleo fap pour-over. Wes Anderson Pinterest YOLO fanny pack meggings, deep v XOXO chambray sustainable slow-carb raw denim church-key fap chillwave Etsy. +1 typewriter kitsch, American Apparel tofu Banksy Vice.\"}],[{\"key\":\"question\",\"value\":\"What Payment Methods Are Accepted?\"},{\"key\":\"answer\",\"value\":\"Fashion axe DIY jean shorts, swag kale chips meh polaroid kogi butcher Wes Anderson chambray next level semiotics gentrify yr. Voluptate photo booth fugiat Vice. Austin sed Williamsburg, ea labore raw denim voluptate cred proident mixtape excepteur mustache. Twee chia photo booth readymade food truck, hoodie roof party swag keytar PBR DIY.\"}],[{\"key\":\"question\",\"value\":\"Is Buying On-Line Safe?\"},{\"key\":\"answer\",\"value\":\"Art party authentic freegan semiotics jean shorts chia cred. Neutra Austin roof party Brooklyn, synth Thundercats swag 8-bit photo booth. Plaid letterpress leggings craft beer meh ethical Pinterest.\"}]]]',1,'Botble\\Ecommerce\\Models\\Product','2023-01-04 01:10:53','2023-01-04 01:10:53'),(16,'faq_schema_config','[[[{\"key\":\"question\",\"value\":\"What Shipping Methods Are Available?\"},{\"key\":\"answer\",\"value\":\"Ex Portland Pitchfork irure mustache. Eutra fap before they sold out literally. Aliquip ugh bicycle rights actually mlkshk, seitan squid craft beer tempor.\"}],[{\"key\":\"question\",\"value\":\"Do You Ship Internationally?\"},{\"key\":\"answer\",\"value\":\"Hoodie tote bag mixtape tofu. Typewriter jean shorts wolf quinoa, messenger bag organic freegan cray.\"}],[{\"key\":\"question\",\"value\":\"How Long Will It Take To Get My Package?\"},{\"key\":\"answer\",\"value\":\"Swag slow-carb quinoa VHS typewriter pork belly brunch, paleo single-origin coffee Wes Anderson. Flexitarian Pitchfork forage, literally paleo fap pour-over. Wes Anderson Pinterest YOLO fanny pack meggings, deep v XOXO chambray sustainable slow-carb raw denim church-key fap chillwave Etsy. +1 typewriter kitsch, American Apparel tofu Banksy Vice.\"}],[{\"key\":\"question\",\"value\":\"What Payment Methods Are Accepted?\"},{\"key\":\"answer\",\"value\":\"Fashion axe DIY jean shorts, swag kale chips meh polaroid kogi butcher Wes Anderson chambray next level semiotics gentrify yr. Voluptate photo booth fugiat Vice. Austin sed Williamsburg, ea labore raw denim voluptate cred proident mixtape excepteur mustache. Twee chia photo booth readymade food truck, hoodie roof party swag keytar PBR DIY.\"}],[{\"key\":\"question\",\"value\":\"Is Buying On-Line Safe?\"},{\"key\":\"answer\",\"value\":\"Art party authentic freegan semiotics jean shorts chia cred. Neutra Austin roof party Brooklyn, synth Thundercats swag 8-bit photo booth. Plaid letterpress leggings craft beer meh ethical Pinterest.\"}]]]',2,'Botble\\Ecommerce\\Models\\Product','2023-01-04 01:10:53','2023-01-04 01:10:53'),(17,'faq_schema_config','[[[{\"key\":\"question\",\"value\":\"What Shipping Methods Are Available?\"},{\"key\":\"answer\",\"value\":\"Ex Portland Pitchfork irure mustache. Eutra fap before they sold out literally. Aliquip ugh bicycle rights actually mlkshk, seitan squid craft beer tempor.\"}],[{\"key\":\"question\",\"value\":\"Do You Ship Internationally?\"},{\"key\":\"answer\",\"value\":\"Hoodie tote bag mixtape tofu. Typewriter jean shorts wolf quinoa, messenger bag organic freegan cray.\"}],[{\"key\":\"question\",\"value\":\"How Long Will It Take To Get My Package?\"},{\"key\":\"answer\",\"value\":\"Swag slow-carb quinoa VHS typewriter pork belly brunch, paleo single-origin coffee Wes Anderson. Flexitarian Pitchfork forage, literally paleo fap pour-over. Wes Anderson Pinterest YOLO fanny pack meggings, deep v XOXO chambray sustainable slow-carb raw denim church-key fap chillwave Etsy. +1 typewriter kitsch, American Apparel tofu Banksy Vice.\"}],[{\"key\":\"question\",\"value\":\"What Payment Methods Are Accepted?\"},{\"key\":\"answer\",\"value\":\"Fashion axe DIY jean shorts, swag kale chips meh polaroid kogi butcher Wes Anderson chambray next level semiotics gentrify yr. Voluptate photo booth fugiat Vice. Austin sed Williamsburg, ea labore raw denim voluptate cred proident mixtape excepteur mustache. Twee chia photo booth readymade food truck, hoodie roof party swag keytar PBR DIY.\"}],[{\"key\":\"question\",\"value\":\"Is Buying On-Line Safe?\"},{\"key\":\"answer\",\"value\":\"Art party authentic freegan semiotics jean shorts chia cred. Neutra Austin roof party Brooklyn, synth Thundercats swag 8-bit photo booth. Plaid letterpress leggings craft beer meh ethical Pinterest.\"}]]]',3,'Botble\\Ecommerce\\Models\\Product','2023-01-04 01:10:53','2023-01-04 01:10:53'),(18,'faq_schema_config','[[[{\"key\":\"question\",\"value\":\"What Shipping Methods Are Available?\"},{\"key\":\"answer\",\"value\":\"Ex Portland Pitchfork irure mustache. Eutra fap before they sold out literally. Aliquip ugh bicycle rights actually mlkshk, seitan squid craft beer tempor.\"}],[{\"key\":\"question\",\"value\":\"Do You Ship Internationally?\"},{\"key\":\"answer\",\"value\":\"Hoodie tote bag mixtape tofu. Typewriter jean shorts wolf quinoa, messenger bag organic freegan cray.\"}],[{\"key\":\"question\",\"value\":\"How Long Will It Take To Get My Package?\"},{\"key\":\"answer\",\"value\":\"Swag slow-carb quinoa VHS typewriter pork belly brunch, paleo single-origin coffee Wes Anderson. Flexitarian Pitchfork forage, literally paleo fap pour-over. Wes Anderson Pinterest YOLO fanny pack meggings, deep v XOXO chambray sustainable slow-carb raw denim church-key fap chillwave Etsy. +1 typewriter kitsch, American Apparel tofu Banksy Vice.\"}],[{\"key\":\"question\",\"value\":\"What Payment Methods Are Accepted?\"},{\"key\":\"answer\",\"value\":\"Fashion axe DIY jean shorts, swag kale chips meh polaroid kogi butcher Wes Anderson chambray next level semiotics gentrify yr. Voluptate photo booth fugiat Vice. Austin sed Williamsburg, ea labore raw denim voluptate cred proident mixtape excepteur mustache. Twee chia photo booth readymade food truck, hoodie roof party swag keytar PBR DIY.\"}],[{\"key\":\"question\",\"value\":\"Is Buying On-Line Safe?\"},{\"key\":\"answer\",\"value\":\"Art party authentic freegan semiotics jean shorts chia cred. Neutra Austin roof party Brooklyn, synth Thundercats swag 8-bit photo booth. Plaid letterpress leggings craft beer meh ethical Pinterest.\"}]]]',4,'Botble\\Ecommerce\\Models\\Product','2023-01-04 01:10:53','2023-01-04 01:10:53'),(19,'faq_schema_config','[[[{\"key\":\"question\",\"value\":\"What Shipping Methods Are Available?\"},{\"key\":\"answer\",\"value\":\"Ex Portland Pitchfork irure mustache. Eutra fap before they sold out literally. Aliquip ugh bicycle rights actually mlkshk, seitan squid craft beer tempor.\"}],[{\"key\":\"question\",\"value\":\"Do You Ship Internationally?\"},{\"key\":\"answer\",\"value\":\"Hoodie tote bag mixtape tofu. Typewriter jean shorts wolf quinoa, messenger bag organic freegan cray.\"}],[{\"key\":\"question\",\"value\":\"How Long Will It Take To Get My Package?\"},{\"key\":\"answer\",\"value\":\"Swag slow-carb quinoa VHS typewriter pork belly brunch, paleo single-origin coffee Wes Anderson. Flexitarian Pitchfork forage, literally paleo fap pour-over. Wes Anderson Pinterest YOLO fanny pack meggings, deep v XOXO chambray sustainable slow-carb raw denim church-key fap chillwave Etsy. +1 typewriter kitsch, American Apparel tofu Banksy Vice.\"}],[{\"key\":\"question\",\"value\":\"What Payment Methods Are Accepted?\"},{\"key\":\"answer\",\"value\":\"Fashion axe DIY jean shorts, swag kale chips meh polaroid kogi butcher Wes Anderson chambray next level semiotics gentrify yr. Voluptate photo booth fugiat Vice. Austin sed Williamsburg, ea labore raw denim voluptate cred proident mixtape excepteur mustache. Twee chia photo booth readymade food truck, hoodie roof party swag keytar PBR DIY.\"}],[{\"key\":\"question\",\"value\":\"Is Buying On-Line Safe?\"},{\"key\":\"answer\",\"value\":\"Art party authentic freegan semiotics jean shorts chia cred. Neutra Austin roof party Brooklyn, synth Thundercats swag 8-bit photo booth. Plaid letterpress leggings craft beer meh ethical Pinterest.\"}]]]',5,'Botble\\Ecommerce\\Models\\Product','2023-01-04 01:10:53','2023-01-04 01:10:53'),(20,'faq_schema_config','[[[{\"key\":\"question\",\"value\":\"What Shipping Methods Are Available?\"},{\"key\":\"answer\",\"value\":\"Ex Portland Pitchfork irure mustache. Eutra fap before they sold out literally. Aliquip ugh bicycle rights actually mlkshk, seitan squid craft beer tempor.\"}],[{\"key\":\"question\",\"value\":\"Do You Ship Internationally?\"},{\"key\":\"answer\",\"value\":\"Hoodie tote bag mixtape tofu. Typewriter jean shorts wolf quinoa, messenger bag organic freegan cray.\"}],[{\"key\":\"question\",\"value\":\"How Long Will It Take To Get My Package?\"},{\"key\":\"answer\",\"value\":\"Swag slow-carb quinoa VHS typewriter pork belly brunch, paleo single-origin coffee Wes Anderson. Flexitarian Pitchfork forage, literally paleo fap pour-over. Wes Anderson Pinterest YOLO fanny pack meggings, deep v XOXO chambray sustainable slow-carb raw denim church-key fap chillwave Etsy. +1 typewriter kitsch, American Apparel tofu Banksy Vice.\"}],[{\"key\":\"question\",\"value\":\"What Payment Methods Are Accepted?\"},{\"key\":\"answer\",\"value\":\"Fashion axe DIY jean shorts, swag kale chips meh polaroid kogi butcher Wes Anderson chambray next level semiotics gentrify yr. Voluptate photo booth fugiat Vice. Austin sed Williamsburg, ea labore raw denim voluptate cred proident mixtape excepteur mustache. Twee chia photo booth readymade food truck, hoodie roof party swag keytar PBR DIY.\"}],[{\"key\":\"question\",\"value\":\"Is Buying On-Line Safe?\"},{\"key\":\"answer\",\"value\":\"Art party authentic freegan semiotics jean shorts chia cred. Neutra Austin roof party Brooklyn, synth Thundercats swag 8-bit photo booth. Plaid letterpress leggings craft beer meh ethical Pinterest.\"}]]]',6,'Botble\\Ecommerce\\Models\\Product','2023-01-04 01:10:53','2023-01-04 01:10:53'),(21,'faq_schema_config','[[[{\"key\":\"question\",\"value\":\"What Shipping Methods Are Available?\"},{\"key\":\"answer\",\"value\":\"Ex Portland Pitchfork irure mustache. Eutra fap before they sold out literally. Aliquip ugh bicycle rights actually mlkshk, seitan squid craft beer tempor.\"}],[{\"key\":\"question\",\"value\":\"Do You Ship Internationally?\"},{\"key\":\"answer\",\"value\":\"Hoodie tote bag mixtape tofu. Typewriter jean shorts wolf quinoa, messenger bag organic freegan cray.\"}],[{\"key\":\"question\",\"value\":\"How Long Will It Take To Get My Package?\"},{\"key\":\"answer\",\"value\":\"Swag slow-carb quinoa VHS typewriter pork belly brunch, paleo single-origin coffee Wes Anderson. Flexitarian Pitchfork forage, literally paleo fap pour-over. Wes Anderson Pinterest YOLO fanny pack meggings, deep v XOXO chambray sustainable slow-carb raw denim church-key fap chillwave Etsy. +1 typewriter kitsch, American Apparel tofu Banksy Vice.\"}],[{\"key\":\"question\",\"value\":\"What Payment Methods Are Accepted?\"},{\"key\":\"answer\",\"value\":\"Fashion axe DIY jean shorts, swag kale chips meh polaroid kogi butcher Wes Anderson chambray next level semiotics gentrify yr. Voluptate photo booth fugiat Vice. Austin sed Williamsburg, ea labore raw denim voluptate cred proident mixtape excepteur mustache. Twee chia photo booth readymade food truck, hoodie roof party swag keytar PBR DIY.\"}],[{\"key\":\"question\",\"value\":\"Is Buying On-Line Safe?\"},{\"key\":\"answer\",\"value\":\"Art party authentic freegan semiotics jean shorts chia cred. Neutra Austin roof party Brooklyn, synth Thundercats swag 8-bit photo booth. Plaid letterpress leggings craft beer meh ethical Pinterest.\"}]]]',7,'Botble\\Ecommerce\\Models\\Product','2023-01-04 01:10:53','2023-01-04 01:10:53'),(22,'faq_schema_config','[[[{\"key\":\"question\",\"value\":\"What Shipping Methods Are Available?\"},{\"key\":\"answer\",\"value\":\"Ex Portland Pitchfork irure mustache. Eutra fap before they sold out literally. Aliquip ugh bicycle rights actually mlkshk, seitan squid craft beer tempor.\"}],[{\"key\":\"question\",\"value\":\"Do You Ship Internationally?\"},{\"key\":\"answer\",\"value\":\"Hoodie tote bag mixtape tofu. Typewriter jean shorts wolf quinoa, messenger bag organic freegan cray.\"}],[{\"key\":\"question\",\"value\":\"How Long Will It Take To Get My Package?\"},{\"key\":\"answer\",\"value\":\"Swag slow-carb quinoa VHS typewriter pork belly brunch, paleo single-origin coffee Wes Anderson. Flexitarian Pitchfork forage, literally paleo fap pour-over. Wes Anderson Pinterest YOLO fanny pack meggings, deep v XOXO chambray sustainable slow-carb raw denim church-key fap chillwave Etsy. +1 typewriter kitsch, American Apparel tofu Banksy Vice.\"}],[{\"key\":\"question\",\"value\":\"What Payment Methods Are Accepted?\"},{\"key\":\"answer\",\"value\":\"Fashion axe DIY jean shorts, swag kale chips meh polaroid kogi butcher Wes Anderson chambray next level semiotics gentrify yr. Voluptate photo booth fugiat Vice. Austin sed Williamsburg, ea labore raw denim voluptate cred proident mixtape excepteur mustache. Twee chia photo booth readymade food truck, hoodie roof party swag keytar PBR DIY.\"}],[{\"key\":\"question\",\"value\":\"Is Buying On-Line Safe?\"},{\"key\":\"answer\",\"value\":\"Art party authentic freegan semiotics jean shorts chia cred. Neutra Austin roof party Brooklyn, synth Thundercats swag 8-bit photo booth. Plaid letterpress leggings craft beer meh ethical Pinterest.\"}]]]',8,'Botble\\Ecommerce\\Models\\Product','2023-01-04 01:10:53','2023-01-04 01:10:53'),(23,'faq_schema_config','[[[{\"key\":\"question\",\"value\":\"What Shipping Methods Are Available?\"},{\"key\":\"answer\",\"value\":\"Ex Portland Pitchfork irure mustache. Eutra fap before they sold out literally. Aliquip ugh bicycle rights actually mlkshk, seitan squid craft beer tempor.\"}],[{\"key\":\"question\",\"value\":\"Do You Ship Internationally?\"},{\"key\":\"answer\",\"value\":\"Hoodie tote bag mixtape tofu. Typewriter jean shorts wolf quinoa, messenger bag organic freegan cray.\"}],[{\"key\":\"question\",\"value\":\"How Long Will It Take To Get My Package?\"},{\"key\":\"answer\",\"value\":\"Swag slow-carb quinoa VHS typewriter pork belly brunch, paleo single-origin coffee Wes Anderson. Flexitarian Pitchfork forage, literally paleo fap pour-over. Wes Anderson Pinterest YOLO fanny pack meggings, deep v XOXO chambray sustainable slow-carb raw denim church-key fap chillwave Etsy. +1 typewriter kitsch, American Apparel tofu Banksy Vice.\"}],[{\"key\":\"question\",\"value\":\"What Payment Methods Are Accepted?\"},{\"key\":\"answer\",\"value\":\"Fashion axe DIY jean shorts, swag kale chips meh polaroid kogi butcher Wes Anderson chambray next level semiotics gentrify yr. Voluptate photo booth fugiat Vice. Austin sed Williamsburg, ea labore raw denim voluptate cred proident mixtape excepteur mustache. Twee chia photo booth readymade food truck, hoodie roof party swag keytar PBR DIY.\"}],[{\"key\":\"question\",\"value\":\"Is Buying On-Line Safe?\"},{\"key\":\"answer\",\"value\":\"Art party authentic freegan semiotics jean shorts chia cred. Neutra Austin roof party Brooklyn, synth Thundercats swag 8-bit photo booth. Plaid letterpress leggings craft beer meh ethical Pinterest.\"}]]]',9,'Botble\\Ecommerce\\Models\\Product','2023-01-04 01:10:53','2023-01-04 01:10:53'),(24,'faq_schema_config','[[[{\"key\":\"question\",\"value\":\"What Shipping Methods Are Available?\"},{\"key\":\"answer\",\"value\":\"Ex Portland Pitchfork irure mustache. Eutra fap before they sold out literally. Aliquip ugh bicycle rights actually mlkshk, seitan squid craft beer tempor.\"}],[{\"key\":\"question\",\"value\":\"Do You Ship Internationally?\"},{\"key\":\"answer\",\"value\":\"Hoodie tote bag mixtape tofu. Typewriter jean shorts wolf quinoa, messenger bag organic freegan cray.\"}],[{\"key\":\"question\",\"value\":\"How Long Will It Take To Get My Package?\"},{\"key\":\"answer\",\"value\":\"Swag slow-carb quinoa VHS typewriter pork belly brunch, paleo single-origin coffee Wes Anderson. Flexitarian Pitchfork forage, literally paleo fap pour-over. Wes Anderson Pinterest YOLO fanny pack meggings, deep v XOXO chambray sustainable slow-carb raw denim church-key fap chillwave Etsy. +1 typewriter kitsch, American Apparel tofu Banksy Vice.\"}],[{\"key\":\"question\",\"value\":\"What Payment Methods Are Accepted?\"},{\"key\":\"answer\",\"value\":\"Fashion axe DIY jean shorts, swag kale chips meh polaroid kogi butcher Wes Anderson chambray next level semiotics gentrify yr. Voluptate photo booth fugiat Vice. Austin sed Williamsburg, ea labore raw denim voluptate cred proident mixtape excepteur mustache. Twee chia photo booth readymade food truck, hoodie roof party swag keytar PBR DIY.\"}],[{\"key\":\"question\",\"value\":\"Is Buying On-Line Safe?\"},{\"key\":\"answer\",\"value\":\"Art party authentic freegan semiotics jean shorts chia cred. Neutra Austin roof party Brooklyn, synth Thundercats swag 8-bit photo booth. Plaid letterpress leggings craft beer meh ethical Pinterest.\"}]]]',10,'Botble\\Ecommerce\\Models\\Product','2023-01-04 01:10:53','2023-01-04 01:10:53'),(25,'faq_schema_config','[[[{\"key\":\"question\",\"value\":\"What Shipping Methods Are Available?\"},{\"key\":\"answer\",\"value\":\"Ex Portland Pitchfork irure mustache. Eutra fap before they sold out literally. Aliquip ugh bicycle rights actually mlkshk, seitan squid craft beer tempor.\"}],[{\"key\":\"question\",\"value\":\"Do You Ship Internationally?\"},{\"key\":\"answer\",\"value\":\"Hoodie tote bag mixtape tofu. Typewriter jean shorts wolf quinoa, messenger bag organic freegan cray.\"}],[{\"key\":\"question\",\"value\":\"How Long Will It Take To Get My Package?\"},{\"key\":\"answer\",\"value\":\"Swag slow-carb quinoa VHS typewriter pork belly brunch, paleo single-origin coffee Wes Anderson. Flexitarian Pitchfork forage, literally paleo fap pour-over. Wes Anderson Pinterest YOLO fanny pack meggings, deep v XOXO chambray sustainable slow-carb raw denim church-key fap chillwave Etsy. +1 typewriter kitsch, American Apparel tofu Banksy Vice.\"}],[{\"key\":\"question\",\"value\":\"What Payment Methods Are Accepted?\"},{\"key\":\"answer\",\"value\":\"Fashion axe DIY jean shorts, swag kale chips meh polaroid kogi butcher Wes Anderson chambray next level semiotics gentrify yr. Voluptate photo booth fugiat Vice. Austin sed Williamsburg, ea labore raw denim voluptate cred proident mixtape excepteur mustache. Twee chia photo booth readymade food truck, hoodie roof party swag keytar PBR DIY.\"}],[{\"key\":\"question\",\"value\":\"Is Buying On-Line Safe?\"},{\"key\":\"answer\",\"value\":\"Art party authentic freegan semiotics jean shorts chia cred. Neutra Austin roof party Brooklyn, synth Thundercats swag 8-bit photo booth. Plaid letterpress leggings craft beer meh ethical Pinterest.\"}]]]',11,'Botble\\Ecommerce\\Models\\Product','2023-01-04 01:10:53','2023-01-04 01:10:53'),(26,'faq_schema_config','[[[{\"key\":\"question\",\"value\":\"What Shipping Methods Are Available?\"},{\"key\":\"answer\",\"value\":\"Ex Portland Pitchfork irure mustache. Eutra fap before they sold out literally. Aliquip ugh bicycle rights actually mlkshk, seitan squid craft beer tempor.\"}],[{\"key\":\"question\",\"value\":\"Do You Ship Internationally?\"},{\"key\":\"answer\",\"value\":\"Hoodie tote bag mixtape tofu. Typewriter jean shorts wolf quinoa, messenger bag organic freegan cray.\"}],[{\"key\":\"question\",\"value\":\"How Long Will It Take To Get My Package?\"},{\"key\":\"answer\",\"value\":\"Swag slow-carb quinoa VHS typewriter pork belly brunch, paleo single-origin coffee Wes Anderson. Flexitarian Pitchfork forage, literally paleo fap pour-over. Wes Anderson Pinterest YOLO fanny pack meggings, deep v XOXO chambray sustainable slow-carb raw denim church-key fap chillwave Etsy. +1 typewriter kitsch, American Apparel tofu Banksy Vice.\"}],[{\"key\":\"question\",\"value\":\"What Payment Methods Are Accepted?\"},{\"key\":\"answer\",\"value\":\"Fashion axe DIY jean shorts, swag kale chips meh polaroid kogi butcher Wes Anderson chambray next level semiotics gentrify yr. Voluptate photo booth fugiat Vice. Austin sed Williamsburg, ea labore raw denim voluptate cred proident mixtape excepteur mustache. Twee chia photo booth readymade food truck, hoodie roof party swag keytar PBR DIY.\"}],[{\"key\":\"question\",\"value\":\"Is Buying On-Line Safe?\"},{\"key\":\"answer\",\"value\":\"Art party authentic freegan semiotics jean shorts chia cred. Neutra Austin roof party Brooklyn, synth Thundercats swag 8-bit photo booth. Plaid letterpress leggings craft beer meh ethical Pinterest.\"}]]]',12,'Botble\\Ecommerce\\Models\\Product','2023-01-04 01:10:53','2023-01-04 01:10:53'),(27,'faq_schema_config','[[[{\"key\":\"question\",\"value\":\"What Shipping Methods Are Available?\"},{\"key\":\"answer\",\"value\":\"Ex Portland Pitchfork irure mustache. Eutra fap before they sold out literally. Aliquip ugh bicycle rights actually mlkshk, seitan squid craft beer tempor.\"}],[{\"key\":\"question\",\"value\":\"Do You Ship Internationally?\"},{\"key\":\"answer\",\"value\":\"Hoodie tote bag mixtape tofu. Typewriter jean shorts wolf quinoa, messenger bag organic freegan cray.\"}],[{\"key\":\"question\",\"value\":\"How Long Will It Take To Get My Package?\"},{\"key\":\"answer\",\"value\":\"Swag slow-carb quinoa VHS typewriter pork belly brunch, paleo single-origin coffee Wes Anderson. Flexitarian Pitchfork forage, literally paleo fap pour-over. Wes Anderson Pinterest YOLO fanny pack meggings, deep v XOXO chambray sustainable slow-carb raw denim church-key fap chillwave Etsy. +1 typewriter kitsch, American Apparel tofu Banksy Vice.\"}],[{\"key\":\"question\",\"value\":\"What Payment Methods Are Accepted?\"},{\"key\":\"answer\",\"value\":\"Fashion axe DIY jean shorts, swag kale chips meh polaroid kogi butcher Wes Anderson chambray next level semiotics gentrify yr. Voluptate photo booth fugiat Vice. Austin sed Williamsburg, ea labore raw denim voluptate cred proident mixtape excepteur mustache. Twee chia photo booth readymade food truck, hoodie roof party swag keytar PBR DIY.\"}],[{\"key\":\"question\",\"value\":\"Is Buying On-Line Safe?\"},{\"key\":\"answer\",\"value\":\"Art party authentic freegan semiotics jean shorts chia cred. Neutra Austin roof party Brooklyn, synth Thundercats swag 8-bit photo booth. Plaid letterpress leggings craft beer meh ethical Pinterest.\"}]]]',13,'Botble\\Ecommerce\\Models\\Product','2023-01-04 01:10:53','2023-01-04 01:10:53'),(28,'faq_schema_config','[[[{\"key\":\"question\",\"value\":\"What Shipping Methods Are Available?\"},{\"key\":\"answer\",\"value\":\"Ex Portland Pitchfork irure mustache. Eutra fap before they sold out literally. Aliquip ugh bicycle rights actually mlkshk, seitan squid craft beer tempor.\"}],[{\"key\":\"question\",\"value\":\"Do You Ship Internationally?\"},{\"key\":\"answer\",\"value\":\"Hoodie tote bag mixtape tofu. Typewriter jean shorts wolf quinoa, messenger bag organic freegan cray.\"}],[{\"key\":\"question\",\"value\":\"How Long Will It Take To Get My Package?\"},{\"key\":\"answer\",\"value\":\"Swag slow-carb quinoa VHS typewriter pork belly brunch, paleo single-origin coffee Wes Anderson. Flexitarian Pitchfork forage, literally paleo fap pour-over. Wes Anderson Pinterest YOLO fanny pack meggings, deep v XOXO chambray sustainable slow-carb raw denim church-key fap chillwave Etsy. +1 typewriter kitsch, American Apparel tofu Banksy Vice.\"}],[{\"key\":\"question\",\"value\":\"What Payment Methods Are Accepted?\"},{\"key\":\"answer\",\"value\":\"Fashion axe DIY jean shorts, swag kale chips meh polaroid kogi butcher Wes Anderson chambray next level semiotics gentrify yr. Voluptate photo booth fugiat Vice. Austin sed Williamsburg, ea labore raw denim voluptate cred proident mixtape excepteur mustache. Twee chia photo booth readymade food truck, hoodie roof party swag keytar PBR DIY.\"}],[{\"key\":\"question\",\"value\":\"Is Buying On-Line Safe?\"},{\"key\":\"answer\",\"value\":\"Art party authentic freegan semiotics jean shorts chia cred. Neutra Austin roof party Brooklyn, synth Thundercats swag 8-bit photo booth. Plaid letterpress leggings craft beer meh ethical Pinterest.\"}]]]',14,'Botble\\Ecommerce\\Models\\Product','2023-01-04 01:10:53','2023-01-04 01:10:53'),(29,'faq_schema_config','[[[{\"key\":\"question\",\"value\":\"What Shipping Methods Are Available?\"},{\"key\":\"answer\",\"value\":\"Ex Portland Pitchfork irure mustache. Eutra fap before they sold out literally. Aliquip ugh bicycle rights actually mlkshk, seitan squid craft beer tempor.\"}],[{\"key\":\"question\",\"value\":\"Do You Ship Internationally?\"},{\"key\":\"answer\",\"value\":\"Hoodie tote bag mixtape tofu. Typewriter jean shorts wolf quinoa, messenger bag organic freegan cray.\"}],[{\"key\":\"question\",\"value\":\"How Long Will It Take To Get My Package?\"},{\"key\":\"answer\",\"value\":\"Swag slow-carb quinoa VHS typewriter pork belly brunch, paleo single-origin coffee Wes Anderson. Flexitarian Pitchfork forage, literally paleo fap pour-over. Wes Anderson Pinterest YOLO fanny pack meggings, deep v XOXO chambray sustainable slow-carb raw denim church-key fap chillwave Etsy. +1 typewriter kitsch, American Apparel tofu Banksy Vice.\"}],[{\"key\":\"question\",\"value\":\"What Payment Methods Are Accepted?\"},{\"key\":\"answer\",\"value\":\"Fashion axe DIY jean shorts, swag kale chips meh polaroid kogi butcher Wes Anderson chambray next level semiotics gentrify yr. Voluptate photo booth fugiat Vice. Austin sed Williamsburg, ea labore raw denim voluptate cred proident mixtape excepteur mustache. Twee chia photo booth readymade food truck, hoodie roof party swag keytar PBR DIY.\"}],[{\"key\":\"question\",\"value\":\"Is Buying On-Line Safe?\"},{\"key\":\"answer\",\"value\":\"Art party authentic freegan semiotics jean shorts chia cred. Neutra Austin roof party Brooklyn, synth Thundercats swag 8-bit photo booth. Plaid letterpress leggings craft beer meh ethical Pinterest.\"}]]]',15,'Botble\\Ecommerce\\Models\\Product','2023-01-04 01:10:53','2023-01-04 01:10:53'),(30,'faq_schema_config','[[[{\"key\":\"question\",\"value\":\"What Shipping Methods Are Available?\"},{\"key\":\"answer\",\"value\":\"Ex Portland Pitchfork irure mustache. Eutra fap before they sold out literally. Aliquip ugh bicycle rights actually mlkshk, seitan squid craft beer tempor.\"}],[{\"key\":\"question\",\"value\":\"Do You Ship Internationally?\"},{\"key\":\"answer\",\"value\":\"Hoodie tote bag mixtape tofu. Typewriter jean shorts wolf quinoa, messenger bag organic freegan cray.\"}],[{\"key\":\"question\",\"value\":\"How Long Will It Take To Get My Package?\"},{\"key\":\"answer\",\"value\":\"Swag slow-carb quinoa VHS typewriter pork belly brunch, paleo single-origin coffee Wes Anderson. Flexitarian Pitchfork forage, literally paleo fap pour-over. Wes Anderson Pinterest YOLO fanny pack meggings, deep v XOXO chambray sustainable slow-carb raw denim church-key fap chillwave Etsy. +1 typewriter kitsch, American Apparel tofu Banksy Vice.\"}],[{\"key\":\"question\",\"value\":\"What Payment Methods Are Accepted?\"},{\"key\":\"answer\",\"value\":\"Fashion axe DIY jean shorts, swag kale chips meh polaroid kogi butcher Wes Anderson chambray next level semiotics gentrify yr. Voluptate photo booth fugiat Vice. Austin sed Williamsburg, ea labore raw denim voluptate cred proident mixtape excepteur mustache. Twee chia photo booth readymade food truck, hoodie roof party swag keytar PBR DIY.\"}],[{\"key\":\"question\",\"value\":\"Is Buying On-Line Safe?\"},{\"key\":\"answer\",\"value\":\"Art party authentic freegan semiotics jean shorts chia cred. Neutra Austin roof party Brooklyn, synth Thundercats swag 8-bit photo booth. Plaid letterpress leggings craft beer meh ethical Pinterest.\"}]]]',16,'Botble\\Ecommerce\\Models\\Product','2023-01-04 01:10:53','2023-01-04 01:10:53'),(31,'faq_schema_config','[[[{\"key\":\"question\",\"value\":\"What Shipping Methods Are Available?\"},{\"key\":\"answer\",\"value\":\"Ex Portland Pitchfork irure mustache. Eutra fap before they sold out literally. Aliquip ugh bicycle rights actually mlkshk, seitan squid craft beer tempor.\"}],[{\"key\":\"question\",\"value\":\"Do You Ship Internationally?\"},{\"key\":\"answer\",\"value\":\"Hoodie tote bag mixtape tofu. Typewriter jean shorts wolf quinoa, messenger bag organic freegan cray.\"}],[{\"key\":\"question\",\"value\":\"How Long Will It Take To Get My Package?\"},{\"key\":\"answer\",\"value\":\"Swag slow-carb quinoa VHS typewriter pork belly brunch, paleo single-origin coffee Wes Anderson. Flexitarian Pitchfork forage, literally paleo fap pour-over. Wes Anderson Pinterest YOLO fanny pack meggings, deep v XOXO chambray sustainable slow-carb raw denim church-key fap chillwave Etsy. +1 typewriter kitsch, American Apparel tofu Banksy Vice.\"}],[{\"key\":\"question\",\"value\":\"What Payment Methods Are Accepted?\"},{\"key\":\"answer\",\"value\":\"Fashion axe DIY jean shorts, swag kale chips meh polaroid kogi butcher Wes Anderson chambray next level semiotics gentrify yr. Voluptate photo booth fugiat Vice. Austin sed Williamsburg, ea labore raw denim voluptate cred proident mixtape excepteur mustache. Twee chia photo booth readymade food truck, hoodie roof party swag keytar PBR DIY.\"}],[{\"key\":\"question\",\"value\":\"Is Buying On-Line Safe?\"},{\"key\":\"answer\",\"value\":\"Art party authentic freegan semiotics jean shorts chia cred. Neutra Austin roof party Brooklyn, synth Thundercats swag 8-bit photo booth. Plaid letterpress leggings craft beer meh ethical Pinterest.\"}]]]',17,'Botble\\Ecommerce\\Models\\Product','2023-01-04 01:10:53','2023-01-04 01:10:53'),(32,'faq_schema_config','[[[{\"key\":\"question\",\"value\":\"What Shipping Methods Are Available?\"},{\"key\":\"answer\",\"value\":\"Ex Portland Pitchfork irure mustache. Eutra fap before they sold out literally. Aliquip ugh bicycle rights actually mlkshk, seitan squid craft beer tempor.\"}],[{\"key\":\"question\",\"value\":\"Do You Ship Internationally?\"},{\"key\":\"answer\",\"value\":\"Hoodie tote bag mixtape tofu. Typewriter jean shorts wolf quinoa, messenger bag organic freegan cray.\"}],[{\"key\":\"question\",\"value\":\"How Long Will It Take To Get My Package?\"},{\"key\":\"answer\",\"value\":\"Swag slow-carb quinoa VHS typewriter pork belly brunch, paleo single-origin coffee Wes Anderson. Flexitarian Pitchfork forage, literally paleo fap pour-over. Wes Anderson Pinterest YOLO fanny pack meggings, deep v XOXO chambray sustainable slow-carb raw denim church-key fap chillwave Etsy. +1 typewriter kitsch, American Apparel tofu Banksy Vice.\"}],[{\"key\":\"question\",\"value\":\"What Payment Methods Are Accepted?\"},{\"key\":\"answer\",\"value\":\"Fashion axe DIY jean shorts, swag kale chips meh polaroid kogi butcher Wes Anderson chambray next level semiotics gentrify yr. Voluptate photo booth fugiat Vice. Austin sed Williamsburg, ea labore raw denim voluptate cred proident mixtape excepteur mustache. Twee chia photo booth readymade food truck, hoodie roof party swag keytar PBR DIY.\"}],[{\"key\":\"question\",\"value\":\"Is Buying On-Line Safe?\"},{\"key\":\"answer\",\"value\":\"Art party authentic freegan semiotics jean shorts chia cred. Neutra Austin roof party Brooklyn, synth Thundercats swag 8-bit photo booth. Plaid letterpress leggings craft beer meh ethical Pinterest.\"}]]]',18,'Botble\\Ecommerce\\Models\\Product','2023-01-04 01:10:53','2023-01-04 01:10:53'),(33,'faq_schema_config','[[[{\"key\":\"question\",\"value\":\"What Shipping Methods Are Available?\"},{\"key\":\"answer\",\"value\":\"Ex Portland Pitchfork irure mustache. Eutra fap before they sold out literally. Aliquip ugh bicycle rights actually mlkshk, seitan squid craft beer tempor.\"}],[{\"key\":\"question\",\"value\":\"Do You Ship Internationally?\"},{\"key\":\"answer\",\"value\":\"Hoodie tote bag mixtape tofu. Typewriter jean shorts wolf quinoa, messenger bag organic freegan cray.\"}],[{\"key\":\"question\",\"value\":\"How Long Will It Take To Get My Package?\"},{\"key\":\"answer\",\"value\":\"Swag slow-carb quinoa VHS typewriter pork belly brunch, paleo single-origin coffee Wes Anderson. Flexitarian Pitchfork forage, literally paleo fap pour-over. Wes Anderson Pinterest YOLO fanny pack meggings, deep v XOXO chambray sustainable slow-carb raw denim church-key fap chillwave Etsy. +1 typewriter kitsch, American Apparel tofu Banksy Vice.\"}],[{\"key\":\"question\",\"value\":\"What Payment Methods Are Accepted?\"},{\"key\":\"answer\",\"value\":\"Fashion axe DIY jean shorts, swag kale chips meh polaroid kogi butcher Wes Anderson chambray next level semiotics gentrify yr. Voluptate photo booth fugiat Vice. Austin sed Williamsburg, ea labore raw denim voluptate cred proident mixtape excepteur mustache. Twee chia photo booth readymade food truck, hoodie roof party swag keytar PBR DIY.\"}],[{\"key\":\"question\",\"value\":\"Is Buying On-Line Safe?\"},{\"key\":\"answer\",\"value\":\"Art party authentic freegan semiotics jean shorts chia cred. Neutra Austin roof party Brooklyn, synth Thundercats swag 8-bit photo booth. Plaid letterpress leggings craft beer meh ethical Pinterest.\"}]]]',19,'Botble\\Ecommerce\\Models\\Product','2023-01-04 01:10:53','2023-01-04 01:10:53'),(34,'faq_schema_config','[[[{\"key\":\"question\",\"value\":\"What Shipping Methods Are Available?\"},{\"key\":\"answer\",\"value\":\"Ex Portland Pitchfork irure mustache. Eutra fap before they sold out literally. Aliquip ugh bicycle rights actually mlkshk, seitan squid craft beer tempor.\"}],[{\"key\":\"question\",\"value\":\"Do You Ship Internationally?\"},{\"key\":\"answer\",\"value\":\"Hoodie tote bag mixtape tofu. Typewriter jean shorts wolf quinoa, messenger bag organic freegan cray.\"}],[{\"key\":\"question\",\"value\":\"How Long Will It Take To Get My Package?\"},{\"key\":\"answer\",\"value\":\"Swag slow-carb quinoa VHS typewriter pork belly brunch, paleo single-origin coffee Wes Anderson. Flexitarian Pitchfork forage, literally paleo fap pour-over. Wes Anderson Pinterest YOLO fanny pack meggings, deep v XOXO chambray sustainable slow-carb raw denim church-key fap chillwave Etsy. +1 typewriter kitsch, American Apparel tofu Banksy Vice.\"}],[{\"key\":\"question\",\"value\":\"What Payment Methods Are Accepted?\"},{\"key\":\"answer\",\"value\":\"Fashion axe DIY jean shorts, swag kale chips meh polaroid kogi butcher Wes Anderson chambray next level semiotics gentrify yr. Voluptate photo booth fugiat Vice. Austin sed Williamsburg, ea labore raw denim voluptate cred proident mixtape excepteur mustache. Twee chia photo booth readymade food truck, hoodie roof party swag keytar PBR DIY.\"}],[{\"key\":\"question\",\"value\":\"Is Buying On-Line Safe?\"},{\"key\":\"answer\",\"value\":\"Art party authentic freegan semiotics jean shorts chia cred. Neutra Austin roof party Brooklyn, synth Thundercats swag 8-bit photo booth. Plaid letterpress leggings craft beer meh ethical Pinterest.\"}]]]',20,'Botble\\Ecommerce\\Models\\Product','2023-01-04 01:10:53','2023-01-04 01:10:53'),(35,'faq_schema_config','[[[{\"key\":\"question\",\"value\":\"What Shipping Methods Are Available?\"},{\"key\":\"answer\",\"value\":\"Ex Portland Pitchfork irure mustache. Eutra fap before they sold out literally. Aliquip ugh bicycle rights actually mlkshk, seitan squid craft beer tempor.\"}],[{\"key\":\"question\",\"value\":\"Do You Ship Internationally?\"},{\"key\":\"answer\",\"value\":\"Hoodie tote bag mixtape tofu. Typewriter jean shorts wolf quinoa, messenger bag organic freegan cray.\"}],[{\"key\":\"question\",\"value\":\"How Long Will It Take To Get My Package?\"},{\"key\":\"answer\",\"value\":\"Swag slow-carb quinoa VHS typewriter pork belly brunch, paleo single-origin coffee Wes Anderson. Flexitarian Pitchfork forage, literally paleo fap pour-over. Wes Anderson Pinterest YOLO fanny pack meggings, deep v XOXO chambray sustainable slow-carb raw denim church-key fap chillwave Etsy. +1 typewriter kitsch, American Apparel tofu Banksy Vice.\"}],[{\"key\":\"question\",\"value\":\"What Payment Methods Are Accepted?\"},{\"key\":\"answer\",\"value\":\"Fashion axe DIY jean shorts, swag kale chips meh polaroid kogi butcher Wes Anderson chambray next level semiotics gentrify yr. Voluptate photo booth fugiat Vice. Austin sed Williamsburg, ea labore raw denim voluptate cred proident mixtape excepteur mustache. Twee chia photo booth readymade food truck, hoodie roof party swag keytar PBR DIY.\"}],[{\"key\":\"question\",\"value\":\"Is Buying On-Line Safe?\"},{\"key\":\"answer\",\"value\":\"Art party authentic freegan semiotics jean shorts chia cred. Neutra Austin roof party Brooklyn, synth Thundercats swag 8-bit photo booth. Plaid letterpress leggings craft beer meh ethical Pinterest.\"}]]]',21,'Botble\\Ecommerce\\Models\\Product','2023-01-04 01:10:53','2023-01-04 01:10:53'),(36,'faq_schema_config','[[[{\"key\":\"question\",\"value\":\"What Shipping Methods Are Available?\"},{\"key\":\"answer\",\"value\":\"Ex Portland Pitchfork irure mustache. Eutra fap before they sold out literally. Aliquip ugh bicycle rights actually mlkshk, seitan squid craft beer tempor.\"}],[{\"key\":\"question\",\"value\":\"Do You Ship Internationally?\"},{\"key\":\"answer\",\"value\":\"Hoodie tote bag mixtape tofu. Typewriter jean shorts wolf quinoa, messenger bag organic freegan cray.\"}],[{\"key\":\"question\",\"value\":\"How Long Will It Take To Get My Package?\"},{\"key\":\"answer\",\"value\":\"Swag slow-carb quinoa VHS typewriter pork belly brunch, paleo single-origin coffee Wes Anderson. Flexitarian Pitchfork forage, literally paleo fap pour-over. Wes Anderson Pinterest YOLO fanny pack meggings, deep v XOXO chambray sustainable slow-carb raw denim church-key fap chillwave Etsy. +1 typewriter kitsch, American Apparel tofu Banksy Vice.\"}],[{\"key\":\"question\",\"value\":\"What Payment Methods Are Accepted?\"},{\"key\":\"answer\",\"value\":\"Fashion axe DIY jean shorts, swag kale chips meh polaroid kogi butcher Wes Anderson chambray next level semiotics gentrify yr. Voluptate photo booth fugiat Vice. Austin sed Williamsburg, ea labore raw denim voluptate cred proident mixtape excepteur mustache. Twee chia photo booth readymade food truck, hoodie roof party swag keytar PBR DIY.\"}],[{\"key\":\"question\",\"value\":\"Is Buying On-Line Safe?\"},{\"key\":\"answer\",\"value\":\"Art party authentic freegan semiotics jean shorts chia cred. Neutra Austin roof party Brooklyn, synth Thundercats swag 8-bit photo booth. Plaid letterpress leggings craft beer meh ethical Pinterest.\"}]]]',22,'Botble\\Ecommerce\\Models\\Product','2023-01-04 01:10:53','2023-01-04 01:10:53'),(37,'faq_schema_config','[[[{\"key\":\"question\",\"value\":\"What Shipping Methods Are Available?\"},{\"key\":\"answer\",\"value\":\"Ex Portland Pitchfork irure mustache. Eutra fap before they sold out literally. Aliquip ugh bicycle rights actually mlkshk, seitan squid craft beer tempor.\"}],[{\"key\":\"question\",\"value\":\"Do You Ship Internationally?\"},{\"key\":\"answer\",\"value\":\"Hoodie tote bag mixtape tofu. Typewriter jean shorts wolf quinoa, messenger bag organic freegan cray.\"}],[{\"key\":\"question\",\"value\":\"How Long Will It Take To Get My Package?\"},{\"key\":\"answer\",\"value\":\"Swag slow-carb quinoa VHS typewriter pork belly brunch, paleo single-origin coffee Wes Anderson. Flexitarian Pitchfork forage, literally paleo fap pour-over. Wes Anderson Pinterest YOLO fanny pack meggings, deep v XOXO chambray sustainable slow-carb raw denim church-key fap chillwave Etsy. +1 typewriter kitsch, American Apparel tofu Banksy Vice.\"}],[{\"key\":\"question\",\"value\":\"What Payment Methods Are Accepted?\"},{\"key\":\"answer\",\"value\":\"Fashion axe DIY jean shorts, swag kale chips meh polaroid kogi butcher Wes Anderson chambray next level semiotics gentrify yr. Voluptate photo booth fugiat Vice. Austin sed Williamsburg, ea labore raw denim voluptate cred proident mixtape excepteur mustache. Twee chia photo booth readymade food truck, hoodie roof party swag keytar PBR DIY.\"}],[{\"key\":\"question\",\"value\":\"Is Buying On-Line Safe?\"},{\"key\":\"answer\",\"value\":\"Art party authentic freegan semiotics jean shorts chia cred. Neutra Austin roof party Brooklyn, synth Thundercats swag 8-bit photo booth. Plaid letterpress leggings craft beer meh ethical Pinterest.\"}]]]',23,'Botble\\Ecommerce\\Models\\Product','2023-01-04 01:10:53','2023-01-04 01:10:53'),(38,'tablet_image','[\"sliders\\/1-md.jpg\"]',1,'Botble\\SimpleSlider\\Models\\SimpleSliderItem','2023-01-04 01:10:56','2023-01-04 01:10:56'),(39,'mobile_image','[\"sliders\\/1-sm.jpg\"]',1,'Botble\\SimpleSlider\\Models\\SimpleSliderItem','2023-01-04 01:10:56','2023-01-04 01:10:56'),(40,'tablet_image','[\"sliders\\/2-md.jpg\"]',2,'Botble\\SimpleSlider\\Models\\SimpleSliderItem','2023-01-04 01:10:56','2023-01-04 01:10:56'),(41,'mobile_image','[\"sliders\\/2-sm.jpg\"]',2,'Botble\\SimpleSlider\\Models\\SimpleSliderItem','2023-01-04 01:10:56','2023-01-04 01:10:56'),(42,'tablet_image','[\"sliders\\/3-md.jpg\"]',3,'Botble\\SimpleSlider\\Models\\SimpleSliderItem','2023-01-04 01:10:56','2023-01-04 01:10:56'),(43,'mobile_image','[\"sliders\\/3-sm.jpg\"]',3,'Botble\\SimpleSlider\\Models\\SimpleSliderItem','2023-01-04 01:10:56','2023-01-04 01:10:56'),(44,'tablet_image','[\"sliders\\/1-md.jpg\"]',4,'Botble\\SimpleSlider\\Models\\SimpleSliderItem','2023-01-04 01:10:56','2023-01-04 01:10:56'),(45,'mobile_image','[\"sliders\\/1-sm.jpg\"]',4,'Botble\\SimpleSlider\\Models\\SimpleSliderItem','2023-01-04 01:10:56','2023-01-04 01:10:56'),(46,'tablet_image','[\"sliders\\/2-md.jpg\"]',5,'Botble\\SimpleSlider\\Models\\SimpleSliderItem','2023-01-04 01:10:56','2023-01-04 01:10:56'),(47,'mobile_image','[\"sliders\\/2-sm.jpg\"]',5,'Botble\\SimpleSlider\\Models\\SimpleSliderItem','2023-01-04 01:10:56','2023-01-04 01:10:56'),(48,'tablet_image','[\"sliders\\/3-md.jpg\"]',6,'Botble\\SimpleSlider\\Models\\SimpleSliderItem','2023-01-04 01:10:56','2023-01-04 01:10:56'),(49,'mobile_image','[\"sliders\\/3-sm.jpg\"]',6,'Botble\\SimpleSlider\\Models\\SimpleSliderItem','2023-01-04 01:10:56','2023-01-04 01:10:56');
/*!40000 ALTER TABLE `meta_boxes` ENABLE KEYS */;
UNLOCK TABLES;

--
-- Table structure for table `migrations`
--

DROP TABLE IF EXISTS `migrations`;
/*!40101 SET @saved_cs_client     = @@character_set_client */;
/*!50503 SET character_set_client = utf8mb4 */;
CREATE TABLE `migrations` (
  `id` int unsigned NOT NULL AUTO_INCREMENT,
  `migration` varchar(191) COLLATE utf8mb4_unicode_ci NOT NULL,
  `batch` int NOT NULL,
  PRIMARY KEY (`id`)
) ENGINE=InnoDB AUTO_INCREMENT=113 DEFAULT CHARSET=utf8mb4 COLLATE=utf8mb4_unicode_ci;
/*!40101 SET character_set_client = @saved_cs_client */;

--
-- Dumping data for table `migrations`
--

LOCK TABLES `migrations` WRITE;
/*!40000 ALTER TABLE `migrations` DISABLE KEYS */;
INSERT INTO `migrations` VALUES (1,'2013_04_09_032329_create_base_tables',1),(2,'2013_04_09_062329_create_revisions_table',1),(3,'2014_10_12_000000_create_users_table',1),(4,'2014_10_12_100000_create_password_resets_table',1),(5,'2016_06_10_230148_create_acl_tables',1),(6,'2016_06_14_230857_create_menus_table',1),(7,'2016_06_28_221418_create_pages_table',1),(8,'2016_10_05_074239_create_setting_table',1),(9,'2016_11_28_032840_create_dashboard_widget_tables',1),(10,'2016_12_16_084601_create_widgets_table',1),(11,'2017_05_09_070343_create_media_tables',1),(12,'2017_11_03_070450_create_slug_table',1),(13,'2019_01_05_053554_create_jobs_table',1),(14,'2019_08_19_000000_create_failed_jobs_table',1),(15,'2019_12_14_000001_create_personal_access_tokens_table',1),(16,'2021_08_02_084121_fix_old_shortcode',1),(17,'2022_04_20_100851_add_index_to_media_table',1),(18,'2022_04_20_101046_add_index_to_menu_table',1),(19,'2022_07_10_034813_move_lang_folder_to_root',1),(20,'2022_08_04_051940_add_missing_column_expires_at',1),(21,'2022_10_14_024629_drop_column_is_featured',1),(22,'2022_11_18_063357_add_missing_timestamp_in_table_settings',1),(23,'2022_12_02_093615_update_slug_index_columns',1),(24,'2020_11_18_150916_ads_create_ads_table',2),(25,'2021_12_02_035301_add_ads_translations_table',2),(26,'2015_06_29_025744_create_audit_history',3),(27,'2015_06_18_033822_create_blog_table',4),(28,'2021_02_16_092633_remove_default_value_for_author_type',4),(29,'2021_12_03_030600_create_blog_translations',4),(30,'2022_04_19_113923_add_index_to_table_posts',4),(31,'2016_06_17_091537_create_contacts_table',5),(32,'2020_03_05_041139_create_ecommerce_tables',6),(33,'2021_01_01_044147_ecommerce_create_flash_sale_table',6),(34,'2021_01_17_082713_add_column_is_featured_to_product_collections_table',6),(35,'2021_01_18_024333_add_zip_code_into_table_customer_addresses',6),(36,'2021_02_18_073505_update_table_ec_reviews',6),(37,'2021_03_10_024419_add_column_confirmed_at_to_table_ec_customers',6),(38,'2021_03_10_025153_change_column_tax_amount',6),(39,'2021_03_20_033103_add_column_availability_to_table_ec_products',6),(40,'2021_04_28_074008_ecommerce_create_product_label_table',6),(41,'2021_05_31_173037_ecommerce_create_ec_products_translations',6),(42,'2021_06_28_153141_correct_slugs_data',6),(43,'2021_08_17_105016_remove_column_currency_id_in_some_tables',6),(44,'2021_08_30_142128_add_images_column_to_ec_reviews_table',6),(45,'2021_09_01_115151_remove_unused_fields_in_ec_products',6),(46,'2021_10_04_030050_add_column_created_by_to_table_ec_products',6),(47,'2021_10_05_122616_add_status_column_to_ec_customers_table',6),(48,'2021_11_03_025806_nullable_phone_number_in_ec_customer_addresses',6),(49,'2021_11_23_071403_correct_languages_for_product_variations',6),(50,'2021_11_28_031808_add_product_tags_translations',6),(51,'2021_12_01_031123_add_featured_image_to_ec_products',6),(52,'2022_01_01_033107_update_table_ec_shipments',6),(53,'2022_02_16_042457_improve_product_attribute_sets',6),(54,'2022_03_22_075758_correct_product_name',6),(55,'2022_04_19_113334_add_index_to_ec_products',6),(56,'2022_04_28_144405_remove_unused_table',6),(57,'2022_05_05_115015_create_ec_customer_recently_viewed_products_table',6),(58,'2022_05_18_143720_add_index_to_table_ec_product_categories',6),(59,'2022_06_16_095633_add_index_to_some_tables',6),(60,'2022_06_30_035148_create_order_referrals_table',6),(61,'2022_07_24_153815_add_completed_at_to_ec_orders_table',6),(62,'2022_08_14_032836_create_ec_order_returns_table',6),(63,'2022_08_14_033554_create_ec_order_return_items_table',6),(64,'2022_08_15_040324_add_billing_address',6),(65,'2022_08_30_091114_support_digital_products_table',6),(66,'2022_09_13_095744_create_options_table',6),(67,'2022_09_13_104347_create_option_value_table',6),(68,'2022_10_05_163518_alter_table_ec_order_product',6),(69,'2022_10_12_041517_create_invoices_table',6),(70,'2022_10_12_142226_update_orders_table',6),(71,'2022_10_13_024916_update_table_order_returns',6),(72,'2022_10_21_030830_update_columns_in_ec_shipments_table',6),(73,'2022_10_28_021046_update_columns_in_ec_shipments_table',6),(74,'2022_11_16_034522_update_type_column_in_ec_shipping_rules_table',6),(75,'2022_11_19_041643_add_ec_tax_product_table',6),(76,'2022_12_12_063830_update_tax_defadult_in_ec_tax_products_table',6),(77,'2022_12_17_041532_fix_address_in_order_invoice',6),(78,'2022_12_26_070329_create_ec_product_views_table',6),(79,'2023_01_04_033051_fix_product_categories',6),(80,'2018_07_09_221238_create_faq_table',7),(81,'2021_12_03_082134_create_faq_translations',7),(82,'2016_10_03_032336_create_languages_table',8),(83,'2021_10_25_021023_fix-priority-load-for-language-advanced',9),(84,'2021_12_03_075608_create_page_translations',9),(85,'2019_11_18_061011_create_country_table',10),(86,'2021_12_03_084118_create_location_translations',10),(87,'2021_12_03_094518_migrate_old_location_data',10),(88,'2021_12_10_034440_switch_plugin_location_to_use_language_advanced',10),(89,'2022_01_16_085908_improve_plugin_location',10),(90,'2022_08_04_052122_delete_location_backup_tables',10),(91,'2022_10_29_065232_increase_states_abbreviation_column',10),(92,'2022_11_06_061847_increase_state_translations_abbreviation_column',10),(93,'2021_07_06_030002_create_marketplace_table',11),(94,'2021_09_04_150137_add_vendor_verified_at_to_ec_customers_table',11),(95,'2021_10_04_033903_add_column_approved_by_into_table_ec_products',11),(96,'2021_10_06_124943_add_transaction_id_column_to_mp_customer_withdrawals_table',11),(97,'2021_10_10_054216_add_columns_to_mp_customer_revenues_table',11),(98,'2021_12_06_031304_update_table_mp_customer_revenues',11),(99,'2022_10_19_152916_add_columns_to_mp_stores_table',11),(100,'2022_10_20_062849_create_mp_category_sale_commissions_table',11),(101,'2022_11_02_071413_add_more_info_for_store',11),(102,'2022_11_02_080444_add_tax_info',11),(103,'2017_10_24_154832_create_newsletter_table',12),(104,'2017_05_18_080441_create_payment_tables',13),(105,'2021_03_27_144913_add_customer_type_into_table_payments',13),(106,'2021_05_24_034720_make_column_currency_nullable',13),(107,'2021_08_09_161302_add_metadata_column_to_payments_table',13),(108,'2021_10_19_020859_update_metadata_field',13),(109,'2022_06_28_151901_activate_paypal_stripe_plugin',13),(110,'2022_07_07_153354_update_charge_id_in_table_payments',13),(111,'2017_07_11_140018_create_simple_slider_table',14),(112,'2016_10_07_193005_create_translations_table',15);
/*!40000 ALTER TABLE `migrations` ENABLE KEYS */;
UNLOCK TABLES;

--
-- Table structure for table `mp_category_sale_commissions`
--

DROP TABLE IF EXISTS `mp_category_sale_commissions`;
/*!40101 SET @saved_cs_client     = @@character_set_client */;
/*!50503 SET character_set_client = utf8mb4 */;
CREATE TABLE `mp_category_sale_commissions` (
  `id` bigint unsigned NOT NULL AUTO_INCREMENT,
  `product_category_id` int unsigned NOT NULL,
  `commission_percentage` decimal(8,2) NOT NULL DEFAULT '0.00',
  PRIMARY KEY (`id`),
  UNIQUE KEY `mp_category_sale_commissions_product_category_id_unique` (`product_category_id`)
) ENGINE=InnoDB DEFAULT CHARSET=utf8mb4 COLLATE=utf8mb4_unicode_ci;
/*!40101 SET character_set_client = @saved_cs_client */;

--
-- Dumping data for table `mp_category_sale_commissions`
--

LOCK TABLES `mp_category_sale_commissions` WRITE;
/*!40000 ALTER TABLE `mp_category_sale_commissions` DISABLE KEYS */;
/*!40000 ALTER TABLE `mp_category_sale_commissions` ENABLE KEYS */;
UNLOCK TABLES;

--
-- Table structure for table `mp_customer_revenues`
--

DROP TABLE IF EXISTS `mp_customer_revenues`;
/*!40101 SET @saved_cs_client     = @@character_set_client */;
/*!50503 SET character_set_client = utf8mb4 */;
CREATE TABLE `mp_customer_revenues` (
  `id` bigint unsigned NOT NULL AUTO_INCREMENT,
  `customer_id` int unsigned DEFAULT NULL,
  `order_id` int unsigned DEFAULT NULL,
  `sub_amount` decimal(15,2) DEFAULT '0.00',
  `fee` decimal(15,2) unsigned DEFAULT '0.00',
  `amount` decimal(15,2) DEFAULT '0.00',
  `current_balance` decimal(15,2) DEFAULT '0.00',
  `currency` varchar(120) COLLATE utf8mb4_unicode_ci DEFAULT NULL,
  `description` text COLLATE utf8mb4_unicode_ci,
  `created_at` timestamp NULL DEFAULT NULL,
  `updated_at` timestamp NULL DEFAULT NULL,
  `user_id` int unsigned NOT NULL DEFAULT '0',
  `type` varchar(60) COLLATE utf8mb4_unicode_ci DEFAULT NULL,
  PRIMARY KEY (`id`)
) ENGINE=InnoDB AUTO_INCREMENT=18 DEFAULT CHARSET=utf8mb4 COLLATE=utf8mb4_unicode_ci;
/*!40101 SET character_set_client = @saved_cs_client */;

--
-- Dumping data for table `mp_customer_revenues`
--

LOCK TABLES `mp_customer_revenues` WRITE;
/*!40000 ALTER TABLE `mp_customer_revenues` DISABLE KEYS */;
INSERT INTO `mp_customer_revenues` VALUES (1,5,1,6484.00,0.00,6484.00,0.00,'USD',NULL,'2023-01-03 01:10:59','2023-01-03 01:10:59',0,NULL),(2,3,4,5622.00,0.00,5622.00,0.00,'USD',NULL,'2023-01-03 15:10:59','2023-01-03 15:10:59',0,NULL),(3,7,8,2766.00,0.00,2766.00,0.00,'USD',NULL,'2022-12-28 07:10:59','2022-12-28 07:10:59',0,NULL),(4,3,9,416.00,0.00,416.00,5622.00,'USD',NULL,'2022-12-31 17:10:59','2022-12-31 17:10:59',0,NULL),(5,3,13,1546.00,0.00,1546.00,6038.00,'USD',NULL,'2022-12-30 09:11:00','2022-12-30 09:11:00',0,NULL),(6,3,15,1066.00,0.00,1066.00,7584.00,'USD',NULL,'2022-12-21 17:11:00','2022-12-21 17:11:00',0,NULL),(7,7,19,5774.00,0.00,5774.00,2766.00,'USD',NULL,'2023-01-02 09:11:00','2023-01-02 09:11:00',0,NULL),(8,3,20,2319.00,0.00,2319.00,8650.00,'USD',NULL,'2022-12-19 07:11:00','2022-12-19 07:11:00',0,NULL),(9,2,22,2226.00,0.00,2226.00,0.00,'USD',NULL,'2022-12-21 15:11:00','2022-12-21 15:11:00',0,NULL),(10,7,24,566.00,0.00,566.00,8540.00,'USD',NULL,'2022-12-28 19:11:00','2022-12-28 19:11:00',0,NULL),(11,3,29,2665.00,0.00,2665.00,10969.00,'USD',NULL,'2022-12-12 13:11:00','2022-12-12 13:11:00',0,NULL),(12,7,34,40.50,0.00,40.50,9106.00,'USD',NULL,'2022-12-20 11:11:00','2022-12-20 11:11:00',0,NULL),(13,2,35,3367.00,0.00,3367.00,2226.00,'USD',NULL,'2022-12-08 01:11:01','2022-12-08 01:11:01',0,NULL),(14,5,36,3741.00,0.00,3741.00,6484.00,'USD',NULL,'2022-12-31 23:11:01','2022-12-31 23:11:01',0,NULL),(15,7,40,1836.00,0.00,1836.00,9146.50,'USD',NULL,'2022-12-04 07:11:01','2022-12-04 07:11:01',0,NULL),(16,3,42,2477.00,0.00,2477.00,13634.00,'USD',NULL,'2022-12-06 09:11:01','2022-12-06 09:11:01',0,NULL),(17,7,48,1836.00,0.00,1836.00,10982.50,'USD',NULL,'2022-12-14 15:11:01','2022-12-14 15:11:01',0,NULL);
/*!40000 ALTER TABLE `mp_customer_revenues` ENABLE KEYS */;
UNLOCK TABLES;

--
-- Table structure for table `mp_customer_withdrawals`
--

DROP TABLE IF EXISTS `mp_customer_withdrawals`;
/*!40101 SET @saved_cs_client     = @@character_set_client */;
/*!50503 SET character_set_client = utf8mb4 */;
CREATE TABLE `mp_customer_withdrawals` (
  `id` bigint unsigned NOT NULL AUTO_INCREMENT,
  `customer_id` int unsigned DEFAULT NULL,
  `fee` decimal(15,2) unsigned DEFAULT '0.00',
  `amount` decimal(15,2) unsigned DEFAULT '0.00',
  `current_balance` decimal(15,2) unsigned DEFAULT '0.00',
  `currency` varchar(120) COLLATE utf8mb4_unicode_ci DEFAULT NULL,
  `description` text COLLATE utf8mb4_unicode_ci,
  `bank_info` text COLLATE utf8mb4_unicode_ci,
  `payment_channel` varchar(60) COLLATE utf8mb4_unicode_ci DEFAULT NULL,
  `user_id` int unsigned NOT NULL DEFAULT '0',
  `status` varchar(60) COLLATE utf8mb4_unicode_ci NOT NULL DEFAULT 'pending',
  `images` text COLLATE utf8mb4_unicode_ci,
  `created_at` timestamp NULL DEFAULT NULL,
  `updated_at` timestamp NULL DEFAULT NULL,
  `transaction_id` varchar(60) COLLATE utf8mb4_unicode_ci DEFAULT NULL,
  PRIMARY KEY (`id`)
) ENGINE=InnoDB AUTO_INCREMENT=15 DEFAULT CHARSET=utf8mb4 COLLATE=utf8mb4_unicode_ci;
/*!40101 SET character_set_client = @saved_cs_client */;

--
-- Dumping data for table `mp_customer_withdrawals`
--

LOCK TABLES `mp_customer_withdrawals` WRITE;
/*!40000 ALTER TABLE `mp_customer_withdrawals` DISABLE KEYS */;
INSERT INTO `mp_customer_withdrawals` VALUES (1,2,0.00,603.00,5593.00,'USD','','{\"name\":\"Douglas Pouros\",\"number\":\"+15207654705\",\"full_name\":\"Mr. Josh Ratke\",\"description\":\"Landen Cronin\"}',NULL,0,'pending',NULL,'2023-01-04 01:11:01','2023-01-04 01:11:01',NULL),(2,2,0.00,1345.00,4990.00,'USD','','{\"name\":\"Douglas Pouros\",\"number\":\"+15207654705\",\"full_name\":\"Mr. Josh Ratke\",\"description\":\"Landen Cronin\"}',NULL,0,'processing',NULL,'2023-01-04 01:11:01','2023-01-04 01:11:01',NULL),(3,2,0.00,113.00,3645.00,'USD','','{\"name\":\"Douglas Pouros\",\"number\":\"+15207654705\",\"full_name\":\"Mr. Josh Ratke\",\"description\":\"Landen Cronin\"}',NULL,0,'processing',NULL,'2023-01-04 01:11:01','2023-01-04 01:11:01',NULL),(4,2,0.00,170.00,3532.00,'USD','','{\"name\":\"Douglas Pouros\",\"number\":\"+15207654705\",\"full_name\":\"Mr. Josh Ratke\",\"description\":\"Landen Cronin\"}',NULL,0,'pending',NULL,'2023-01-04 01:11:02','2023-01-04 01:11:02',NULL),(5,3,0.00,1664.00,16111.00,'USD','','{\"name\":\"Taryn Klocko\",\"number\":\"+15633347039\",\"full_name\":\"Mabelle Lueilwitz\",\"description\":\"Mrs. Alicia Sporer\"}',NULL,0,'pending',NULL,'2023-01-04 01:11:02','2023-01-04 01:11:02',NULL),(6,3,0.00,997.00,14447.00,'USD','','{\"name\":\"Taryn Klocko\",\"number\":\"+15633347039\",\"full_name\":\"Mabelle Lueilwitz\",\"description\":\"Mrs. Alicia Sporer\"}',NULL,0,'pending',NULL,'2023-01-04 01:11:02','2023-01-04 01:11:02',NULL),(7,3,0.00,813.00,13450.00,'USD','','{\"name\":\"Taryn Klocko\",\"number\":\"+15633347039\",\"full_name\":\"Mabelle Lueilwitz\",\"description\":\"Mrs. Alicia Sporer\"}',NULL,0,'completed',NULL,'2023-01-04 01:11:02','2023-01-04 01:11:02',NULL),(8,5,0.00,202.00,10225.00,'USD','','{\"name\":\"Kaylin Lindgren\",\"number\":\"+19564150378\",\"full_name\":\"Dr. Ernie Walter DVM\",\"description\":\"Dr. Florian Jakubowski\"}',NULL,0,'completed',NULL,'2023-01-04 01:11:02','2023-01-04 01:11:02',NULL),(9,5,0.00,1182.00,10023.00,'USD','','{\"name\":\"Kaylin Lindgren\",\"number\":\"+19564150378\",\"full_name\":\"Dr. Ernie Walter DVM\",\"description\":\"Dr. Florian Jakubowski\"}',NULL,0,'processing',NULL,'2023-01-04 01:11:02','2023-01-04 01:11:02',NULL),(10,5,0.00,2435.00,8841.00,'USD','','{\"name\":\"Kaylin Lindgren\",\"number\":\"+19564150378\",\"full_name\":\"Dr. Ernie Walter DVM\",\"description\":\"Dr. Florian Jakubowski\"}',NULL,0,'processing',NULL,'2023-01-04 01:11:02','2023-01-04 01:11:02',NULL),(11,5,0.00,1530.00,6406.00,'USD','','{\"name\":\"Kaylin Lindgren\",\"number\":\"+19564150378\",\"full_name\":\"Dr. Ernie Walter DVM\",\"description\":\"Dr. Florian Jakubowski\"}',NULL,0,'processing',NULL,'2023-01-04 01:11:02','2023-01-04 01:11:02',NULL),(12,7,0.00,453.00,12818.50,'USD','','{\"name\":\"Alphonso Stroman PhD\",\"number\":\"+14638311035\",\"full_name\":\"Herman Considine\",\"description\":\"Abagail Feeney\"}',NULL,0,'pending',NULL,'2023-01-04 01:11:03','2023-01-04 01:11:03',NULL),(13,7,0.00,937.00,12365.50,'USD','','{\"name\":\"Alphonso Stroman PhD\",\"number\":\"+14638311035\",\"full_name\":\"Herman Considine\",\"description\":\"Abagail Feeney\"}',NULL,0,'processing',NULL,'2023-01-04 01:11:03','2023-01-04 01:11:03',NULL),(14,7,0.00,2365.00,11428.50,'USD','','{\"name\":\"Alphonso Stroman PhD\",\"number\":\"+14638311035\",\"full_name\":\"Herman Considine\",\"description\":\"Abagail Feeney\"}',NULL,0,'pending',NULL,'2023-01-04 01:11:03','2023-01-04 01:11:03',NULL);
/*!40000 ALTER TABLE `mp_customer_withdrawals` ENABLE KEYS */;
UNLOCK TABLES;

--
-- Table structure for table `mp_stores`
--

DROP TABLE IF EXISTS `mp_stores`;
/*!40101 SET @saved_cs_client     = @@character_set_client */;
/*!50503 SET character_set_client = utf8mb4 */;
CREATE TABLE `mp_stores` (
  `id` bigint unsigned NOT NULL AUTO_INCREMENT,
  `name` varchar(255) COLLATE utf8mb4_unicode_ci NOT NULL,
  `email` varchar(60) COLLATE utf8mb4_unicode_ci DEFAULT NULL,
  `phone` varchar(20) COLLATE utf8mb4_unicode_ci DEFAULT NULL,
  `address` varchar(255) COLLATE utf8mb4_unicode_ci DEFAULT NULL,
  `country` varchar(120) COLLATE utf8mb4_unicode_ci DEFAULT NULL,
  `state` varchar(120) COLLATE utf8mb4_unicode_ci DEFAULT NULL,
  `city` varchar(120) COLLATE utf8mb4_unicode_ci DEFAULT NULL,
  `customer_id` int unsigned DEFAULT NULL,
  `logo` varchar(255) COLLATE utf8mb4_unicode_ci DEFAULT NULL,
  `description` varchar(400) COLLATE utf8mb4_unicode_ci DEFAULT NULL,
  `content` longtext COLLATE utf8mb4_unicode_ci,
  `status` varchar(60) COLLATE utf8mb4_unicode_ci NOT NULL DEFAULT 'published',
  `vendor_verified_at` datetime DEFAULT NULL,
  `created_at` timestamp NULL DEFAULT NULL,
  `updated_at` timestamp NULL DEFAULT NULL,
  `zip_code` varchar(20) COLLATE utf8mb4_unicode_ci DEFAULT NULL,
  `company` varchar(255) COLLATE utf8mb4_unicode_ci DEFAULT NULL,
  PRIMARY KEY (`id`)
) ENGINE=InnoDB AUTO_INCREMENT=5 DEFAULT CHARSET=utf8mb4 COLLATE=utf8mb4_unicode_ci;
/*!40101 SET character_set_client = @saved_cs_client */;

--
-- Dumping data for table `mp_stores`
--

LOCK TABLES `mp_stores` WRITE;
/*!40000 ALTER TABLE `mp_stores` DISABLE KEYS */;
INSERT INTO `mp_stores` VALUES (1,'GoPro','rashawn73@example.net','+16614459887','105 Donnelly Park','CV','Missouri','Rueckerborough',2,'stores/1.png','Velit animi ut nisi aperiam neque rerum.','Ipsam sequi ab tempore quas ducimus quibusdam. Repellat aspernatur quam iusto nemo. Officia corrupti minus doloremque debitis quod.','published',NULL,'2023-01-04 01:10:58','2023-01-04 01:10:58',NULL,NULL),(2,'Global Office','saul50@example.org','+18319077149','69117 Anderson Springs Suite 891','TV','Wyoming','Jeanetteview',3,'stores/2.png','Repudiandae porro quas vel voluptatum.','Cumque modi ut molestiae qui rerum. Omnis et ipsam iste dolorem cupiditate eum consequatur. Quas sit quia quas et quas.','published',NULL,'2023-01-04 01:10:58','2023-01-04 01:10:58',NULL,NULL),(3,'Young Shop','cade48@example.com','+17438578158','6489 Van Keys','DE','North Dakota','Yostview',5,'stores/3.png','Placeat unde qui voluptas.','Doloremque quas inventore itaque et rerum. Labore deserunt est natus dignissimos illum sint. Quam recusandae cupiditate nesciunt id ab.','published',NULL,'2023-01-04 01:10:58','2023-01-04 01:10:58',NULL,NULL),(4,'Global Store','jerome.schaefer@example.com','+16407443449','7244 Guy Plains','AE','Alabama','Austinside',7,'stores/4.png','Adipisci deleniti consequuntur veniam.','Occaecati et neque culpa laudantium. Exercitationem nihil voluptates nesciunt. Omnis sequi deserunt eius.','published',NULL,'2023-01-04 01:10:58','2023-01-04 01:10:58',NULL,NULL);
/*!40000 ALTER TABLE `mp_stores` ENABLE KEYS */;
UNLOCK TABLES;

--
-- Table structure for table `mp_vendor_info`
--

DROP TABLE IF EXISTS `mp_vendor_info`;
/*!40101 SET @saved_cs_client     = @@character_set_client */;
/*!50503 SET character_set_client = utf8mb4 */;
CREATE TABLE `mp_vendor_info` (
  `id` bigint unsigned NOT NULL AUTO_INCREMENT,
  `customer_id` int unsigned NOT NULL DEFAULT '0',
  `balance` decimal(15,2) NOT NULL DEFAULT '0.00',
  `total_fee` decimal(15,2) NOT NULL DEFAULT '0.00',
  `total_revenue` decimal(15,2) NOT NULL DEFAULT '0.00',
  `signature` varchar(255) COLLATE utf8mb4_unicode_ci DEFAULT NULL,
  `bank_info` text COLLATE utf8mb4_unicode_ci,
  `created_at` timestamp NULL DEFAULT NULL,
  `updated_at` timestamp NULL DEFAULT NULL,
  `payout_payment_method` varchar(120) COLLATE utf8mb4_unicode_ci DEFAULT 'bank_transfer',
  `tax_info` text COLLATE utf8mb4_unicode_ci,
  PRIMARY KEY (`id`)
) ENGINE=InnoDB AUTO_INCREMENT=5 DEFAULT CHARSET=utf8mb4 COLLATE=utf8mb4_unicode_ci;
/*!40101 SET character_set_client = @saved_cs_client */;

--
-- Dumping data for table `mp_vendor_info`
--

LOCK TABLES `mp_vendor_info` WRITE;
/*!40000 ALTER TABLE `mp_vendor_info` DISABLE KEYS */;
INSERT INTO `mp_vendor_info` VALUES (1,2,3362.00,0.00,5593.00,'$2y$10$gecENLm1Wal2Y2f5w9O6jeoyibKOXd3saVgyeDTD.ezP4tR0GVq7G','{\"name\":\"Douglas Pouros\",\"number\":\"+15207654705\",\"full_name\":\"Mr. Josh Ratke\",\"description\":\"Landen Cronin\"}','2023-01-04 01:10:58','2023-01-04 01:11:02','bank_transfer',NULL),(2,3,12637.00,0.00,16111.00,'$2y$10$1XgzmVJNrGjK1HmX.iUZIug9aqtOgHS/E1BxGA0pnNrln787Uaw8.','{\"name\":\"Taryn Klocko\",\"number\":\"+15633347039\",\"full_name\":\"Mabelle Lueilwitz\",\"description\":\"Mrs. Alicia Sporer\"}','2023-01-04 01:10:58','2023-01-04 01:11:02','bank_transfer',NULL),(3,5,4876.00,0.00,10225.00,'$2y$10$mVdauyJ9rnYFmYo4HNEVEuxY9k0qmH9/ug8hGx5XjUbc2TEJPTiOy','{\"name\":\"Kaylin Lindgren\",\"number\":\"+19564150378\",\"full_name\":\"Dr. Ernie Walter DVM\",\"description\":\"Dr. Florian Jakubowski\"}','2023-01-04 01:10:58','2023-01-04 01:11:03','bank_transfer',NULL),(4,7,9063.50,0.00,12818.50,'$2y$10$OnwBRApz6fbwwIzT5ISjvePxeZDyCYxSo6LoOE74MVENgTUb04uFe','{\"name\":\"Alphonso Stroman PhD\",\"number\":\"+14638311035\",\"full_name\":\"Herman Considine\",\"description\":\"Abagail Feeney\"}','2023-01-04 01:10:58','2023-01-04 01:11:03','bank_transfer',NULL);
/*!40000 ALTER TABLE `mp_vendor_info` ENABLE KEYS */;
UNLOCK TABLES;

--
-- Table structure for table `newsletters`
--

DROP TABLE IF EXISTS `newsletters`;
/*!40101 SET @saved_cs_client     = @@character_set_client */;
/*!50503 SET character_set_client = utf8mb4 */;
CREATE TABLE `newsletters` (
  `id` bigint unsigned NOT NULL AUTO_INCREMENT,
  `email` varchar(120) COLLATE utf8mb4_unicode_ci NOT NULL,
  `name` varchar(120) COLLATE utf8mb4_unicode_ci DEFAULT NULL,
  `status` varchar(60) COLLATE utf8mb4_unicode_ci NOT NULL DEFAULT 'subscribed',
  `created_at` timestamp NULL DEFAULT NULL,
  `updated_at` timestamp NULL DEFAULT NULL,
  PRIMARY KEY (`id`)
) ENGINE=InnoDB DEFAULT CHARSET=utf8mb4 COLLATE=utf8mb4_unicode_ci;
/*!40101 SET character_set_client = @saved_cs_client */;

--
-- Dumping data for table `newsletters`
--

LOCK TABLES `newsletters` WRITE;
/*!40000 ALTER TABLE `newsletters` DISABLE KEYS */;
/*!40000 ALTER TABLE `newsletters` ENABLE KEYS */;
UNLOCK TABLES;

--
-- Table structure for table `pages`
--

DROP TABLE IF EXISTS `pages`;
/*!40101 SET @saved_cs_client     = @@character_set_client */;
/*!50503 SET character_set_client = utf8mb4 */;
CREATE TABLE `pages` (
  `id` bigint unsigned NOT NULL AUTO_INCREMENT,
  `name` varchar(120) COLLATE utf8mb4_unicode_ci NOT NULL,
  `content` longtext COLLATE utf8mb4_unicode_ci,
  `user_id` int NOT NULL,
  `image` varchar(255) COLLATE utf8mb4_unicode_ci DEFAULT NULL,
  `template` varchar(60) COLLATE utf8mb4_unicode_ci DEFAULT NULL,
  `description` varchar(400) COLLATE utf8mb4_unicode_ci DEFAULT NULL,
  `status` varchar(60) COLLATE utf8mb4_unicode_ci NOT NULL DEFAULT 'published',
  `created_at` timestamp NULL DEFAULT NULL,
  `updated_at` timestamp NULL DEFAULT NULL,
  PRIMARY KEY (`id`),
  KEY `pages_user_id_index` (`user_id`)
) ENGINE=InnoDB AUTO_INCREMENT=13 DEFAULT CHARSET=utf8mb4 COLLATE=utf8mb4_unicode_ci;
/*!40101 SET character_set_client = @saved_cs_client */;

--
-- Dumping data for table `pages`
--

LOCK TABLES `pages` WRITE;
/*!40000 ALTER TABLE `pages` DISABLE KEYS */;
INSERT INTO `pages` VALUES (1,'Home','<div>[simple-slider key=\"home-slider\" ads_1=\"VC2C8Q1UGCBG\" ads_2=\"NBDWRXTSVZ8N\"][/simple-slider]</div><div>[site-features icon1=\"icon-rocket\" title1=\"Free Delivery\" subtitle1=\"For all orders over $99\" icon2=\"icon-sync\" title2=\"90 Days Return\" subtitle2=\"If goods have problems\" icon3=\"icon-credit-card\" title3=\"Secure Payment\" subtitle3=\"100% secure payment\" icon4=\"icon-bubbles\" title4=\"24/7 Support\" subtitle4=\"Dedicated support\" icon5=\"icon-gift\" title5=\"Gift Service\" subtitle5=\"Support gift service\"][/site-features]</div><div>[flash-sale title=\"Deal of the day\" flash_sale_id=\"1\"][/flash-sale]</div><div>[featured-product-categories title=\"Top Categories\"][/featured-product-categories]</div><div>[theme-ads key_1=\"IZ6WU8KUALYD\" key_2=\"ILSFJVYFGCPZ\" key_3=\"ZDOZUZZIU7FT\"][/theme-ads]</div><div>[featured-products title=\"Featured products\"][/featured-products]</div><div>[theme-ads key_1=\"Q9YDUIC9HSWS\" key_2=\"IZ6WU8KUALYE\"][/theme-ads]</div><div>[product-collections title=\"Exclusive Products\"][/product-collections]</div><div>[product-category-products category_id=\"18\"][/product-category-products]</div><div>[download-app title=\"Download Martfury App Now!\" subtitle=\"Shopping fastly and easily more with our app. Get a link to download the app on your phone.\" screenshot=\"general/app.png\" android_app_url=\"https://www.appstore.com\" ios_app_url=\"https://play.google.com/store\"][/download-app]</div><div>[product-category-products category_id=\"23\"][/product-category-products]</div><div>[newsletter-form title=\"Join Our Newsletter Now\" subtitle=\"Subscribe to get information about products and coupons\"][/newsletter-form]</div>',1,NULL,'homepage',NULL,'published','2023-01-04 01:10:56','2023-01-04 01:10:56'),(2,'About us','<p>Bill, I fancy--Who\'s to go among mad people,\' Alice remarked. \'Right, as usual,\' said the Gryphon. \'The reason is,\' said the Cat, \'or you wouldn\'t keep appearing and vanishing so suddenly: you make one repeat lessons!\' thought Alice; \'but when you throw them, and just as she passed; it was the only difficulty was, that if something wasn\'t done about it just now.\' \'It\'s the first verse,\' said the Caterpillar. \'Not QUITE right, I\'m afraid,\' said Alice, who always took a minute or two. \'They.</p><p>Alice. \'Stand up and said, \'It WAS a curious plan!\' exclaimed Alice. \'And where HAVE my shoulders got to? And oh, my poor hands, how is it I can\'t tell you his history,\' As they walked off together, Alice heard the Rabbit was still in existence; \'and now for the accident of the evening, beautiful Soup! Soup of the song, she kept on puzzling about it while the Mouse to Alice severely. \'What are tarts made of?\' Alice asked in a great hurry; \'this paper has just been picked up.\' \'What\'s in it?\'.</p><p>Alice, in a great hurry. An enormous puppy was looking down at her rather inquisitively, and seemed to follow, except a tiny little thing!\' It did so indeed, and much sooner than she had succeeded in getting its body tucked away, comfortably enough, under her arm, with its tongue hanging out of the officers: but the Mouse with an air of great curiosity. \'Soles and eels, of course,\' the Mock Turtle persisted. \'How COULD he turn them out with his nose, and broke to pieces against one of the.</p><p>I begin, please your Majesty,\' said Two, in a moment. \'Let\'s go on crying in this affair, He trusts to you never even spoke to Time!\' \'Perhaps not,\' Alice replied eagerly, for she felt certain it must be a letter, written by the pope, was soon submitted to by all three to settle the question, and they repeated their arguments to her, still it had been, it suddenly appeared again. \'By-the-bye, what became of the party sat silent and looked at Two. Two began in a dreamy sort of way to hear it.</p>',1,NULL,'default',NULL,'published','2023-01-04 01:10:56','2023-01-04 01:10:56'),(3,'Terms Of Use','<p>Queen, and Alice, were in custody and under sentence of execution.\' \'What for?\' said Alice. \'Why not?\' said the King, \'that saves a world of trouble, you know, with oh, such long curly brown hair! And it\'ll fetch things when you come to an end! \'I wonder what they\'ll do next! As for pulling me out of sight. Alice remained looking thoughtfully at the top of the ground, Alice soon came to the other, looking uneasily at the mushroom (she had grown up,\' she said to herself, \'it would be like.</p><p>And she tried to fancy what the next witness was the Hatter. He came in with the name of the leaves: \'I should like it put more simply--\"Never imagine yourself not to be listening, so she waited. The Gryphon lifted up both its paws in surprise. \'What! Never heard of \"Uglification,\"\' Alice ventured to say. \'What is his sorrow?\' she asked the Mock Turtle yet?\' \'No,\' said Alice. \'I mean what I could not be denied, so she set to work, and very soon found an opportunity of taking it away. She did.</p><p>I can\'t get out again. The rabbit-hole went straight on like a Jack-in-the-box, and up I goes like a serpent. She had not gone far before they saw the White Rabbit read out, at the house, and wondering what to do, and in another moment, when she turned to the seaside once in the beautiful garden, among the party. Some of the baby?\' said the Pigeon had finished. \'As if it likes.\' \'I\'d rather not,\' the Cat in a long, low hall, which was immediately suppressed by the White Rabbit, jumping up in.</p><p>However, \'jury-men\' would have this cat removed!\' The Queen smiled and passed on. \'Who ARE you doing out here? Run home this moment, and fetch me a good deal on where you want to stay with it as to size,\' Alice hastily replied; \'only one doesn\'t like changing so often, of course you don\'t!\' the Hatter asked triumphantly. Alice did not get dry again: they had any dispute with the bread-knife.\' The March Hare interrupted, yawning. \'I\'m getting tired of swimming about here, O Mouse!\' (Alice.</p>',1,NULL,'default',NULL,'published','2023-01-04 01:10:56','2023-01-04 01:10:56'),(4,'Terms &amp; Conditions','<p>CAN I have ordered\'; and she tried the roots of trees, and I\'ve tried to get rather sleepy, and went in. The door led right into it. \'That\'s very important,\' the King said to itself in a tone of great relief. \'Now at OURS they had any sense, they\'d take the roof bear?--Mind that loose slate--Oh, it\'s coming down! Heads below!\' (a loud crash)--\'Now, who did that?--It was Bill, the Lizard) could not possibly reach it: she could not remember the simple and loving heart of her own child-life, and.</p><p>I ever heard!\' \'Yes, I think I may as well as if he wasn\'t going to say,\' said the Duchess, \'chop off her head!\' the Queen added to one of the e--e--evening, Beautiful, beauti--FUL SOUP!\' \'Chorus again!\' cried the Mock Turtle replied in a sulky tone; \'Seven jogged my elbow.\' On which Seven looked up eagerly, half hoping that the best way to hear his history. I must be getting somewhere near the looking-glass. There was not a moment to be talking in a rather offended tone, \'so I should say.</p><p>Hatter, \'when the Queen left off, quite out of the hall: in fact she was holding, and she could not tell whether they were nowhere to be talking in his throat,\' said the Gryphon: \'I went to school in the same tone, exactly as if it wasn\'t trouble enough hatching the eggs,\' said the Duck: \'it\'s generally a ridge or furrow in the kitchen that did not much like keeping so close to them, they set to work, and very neatly and simply arranged; the only difficulty was, that she had got to see its.</p><p>Latitude was, or Longitude either, but thought they were all crowded round her, calling out in a hurried nervous manner, smiling at everything about her, to pass away the time. Alice had got to do,\' said the Mock Turtle yawned and shut his note-book hastily. \'Consider your verdict,\' the King added in an offended tone, \'Hm! No accounting for tastes! Sing her \"Turtle Soup,\" will you, won\'t you join the dance? Will you, won\'t you join the dance. Would not, could not, would not, could not, could.</p>',1,NULL,'default',NULL,'published','2023-01-04 01:10:56','2023-01-04 01:10:56'),(5,'Refund Policy','<p>And certainly there was a little anxiously. \'Yes,\' said Alice to herself, \'because of his great wig.\' The judge, by the English, who wanted leaders, and had to do it.\' (And, as you go to law: I will prosecute YOU.--Come, I\'ll take no denial; We must have got altered.\' \'It is a very humble tone, going down on their backs was the King; and the words have got into the book her sister on the top of her head to keep herself from being run over; and the little door was shut again, and made another.</p><p>King. Here one of them.\' In another minute the whole place around her became alive with the lobsters and the little golden key was too slippery; and when she went back to finish his story. CHAPTER IV. The Rabbit started violently, dropped the white kid gloves, and she put one arm out of sight, he said to herself \'Suppose it should be like then?\' And she went on, half to herself, \'whenever I eat one of them with one of the soldiers remaining behind to execute the unfortunate gardeners, who ran.</p><p>King. \'Nothing whatever,\' said Alice. \'Well, then,\' the Gryphon added \'Come, let\'s hear some of YOUR adventures.\' \'I could tell you just now what the flame of a muchness\"--did you ever saw. How she longed to change the subject. \'Go on with the time,\' she said, \'for her hair goes in such long curly brown hair! And it\'ll fetch things when you throw them, and the Dormouse sulkily remarked, \'If you knew Time as well say that \"I see what was coming. It was opened by another footman in livery, with.</p><p>Alice, as she left her, leaning her head pressing against the roof of the house down!\' said the Queen. First came ten soldiers carrying clubs; these were all ornamented with hearts. Next came an angry voice--the Rabbit\'s--\'Pat! Pat! Where are you?\' And then a great many more than nine feet high, and her eyes filled with tears again as she listened, or seemed to be almost out of sight: \'but it seems to suit them!\' \'I haven\'t opened it yet,\' said Alice; not that she had not a VERY turn-up nose.</p>',1,NULL,'default',NULL,'published','2023-01-04 01:10:56','2023-01-04 01:10:56'),(6,'Blog','<p>---</p>',1,NULL,'blog-sidebar',NULL,'published','2023-01-04 01:10:56','2023-01-04 01:10:56'),(7,'FAQs','<div>[faq title=\"Frequently Asked Questions\"][/faq]</div>',1,NULL,'default',NULL,'published','2023-01-04 01:10:56','2023-01-04 01:10:56'),(8,'Contact','<div>[google-map]502 New Street, Brighton VIC, Australia[/google-map]</div><div>[contact-info-boxes title=\"Contact Us For Any Questions\"][/contact-info-boxes]</div><div>[contact-form][/contact-form]</div>',1,NULL,'full-width',NULL,'published','2023-01-04 01:10:56','2023-01-04 01:10:56'),(9,'Cookie Policy','<h3>EU Cookie Consent</h3><p>To use this Website we are using Cookies and collecting some Data. To be compliant with the EU GDPR we give you to choose if you allow us to use certain Cookies and to collect some Data.</p><h4>Essential Data</h4><p>The Essential Data is needed to run the Site you are visiting technically. You can not deactivate them.</p><p>- Session Cookie: PHP uses a Cookie to identify user sessions. Without this Cookie the Website is not working.</p><p>- XSRF-Token Cookie: Laravel automatically generates a CSRF \"token\" for each active user session managed by the application. This token is used to verify that the authenticated user is the one actually making the requests to the application.</p>',1,NULL,'default',NULL,'published','2023-01-04 01:10:56','2023-01-04 01:10:56'),(10,'Affiliate','<p>Alice)--\'and perhaps you were or might have been changed for Mabel! I\'ll try if I must, I must,\' the King say in a minute. Alice began to say \'Drink me,\' but the tops of the pack, she could for sneezing. There was a bright idea came into Alice\'s head. \'Is that all?\' said Alice, \'it\'s very interesting. I never was so full of smoke from one of the Lizard\'s slate-pencil, and the baby with some curiosity. \'What a number of bathing machines in the house, quite forgetting in the lap of her voice.</p><p>You see the Queen. \'You make me larger, it must make me giddy.\' And then, turning to Alice, and tried to look at it!\' This speech caused a remarkable sensation among the trees, a little door into that lovely garden. First, however, she again heard a little scream, half of anger, and tried to look for her, and she felt that there ought! And when I find a thing,\' said the Hatter. \'I deny it!\' said the Mock Turtle persisted. \'How COULD he turn them out again. That\'s all.\' \'Thank you,\' said the.</p><p>Queen. \'Can you play croquet?\' The soldiers were silent, and looked along the course, here and there was generally a ridge or furrow in the book,\' said the Caterpillar. \'Well, I can\'t see you?\' She was walking hand in her brother\'s Latin Grammar, \'A mouse--of a mouse--to a mouse--a mouse--O mouse!\') The Mouse did not quite sure whether it was sneezing and howling alternately without a cat! It\'s the most curious thing I ever saw one that size? Why, it fills the whole thing, and longed to get.</p><p>Ann! Mary Ann!\' said the March Hare will be the use of a procession,\' thought she, \'if people had all to lie down upon her: she gave one sharp kick, and waited till she too began dreaming after a pause: \'the reason is, that there\'s any one left alive!\' She was walking by the Queen shrieked out. \'Behead that Dormouse! Turn that Dormouse out of a well--\' \'What did they live at the time at the end of every line: \'Speak roughly to your places!\' shouted the Queen. \'Can you play croquet?\' The.</p>',1,NULL,'default',NULL,'published','2023-01-04 01:10:56','2023-01-04 01:10:56'),(11,'Career','<p>King said, for about the crumbs,\' said the Queen, \'Really, my dear, I think?\' \'I had NOT!\' cried the Gryphon, and the Hatter continued, \'in this way:-- \"Up above the world she was considering in her life before, and behind them a new idea to Alice, that she had made out that she looked down at her own child-life, and the King sharply. \'Do you mean by that?\' said the Duchess; \'and the moral of that is--\"Oh, \'tis love, that makes you forget to talk. I can\'t get out again. The rabbit-hole went.</p><p>Alice went on, \'if you don\'t even know what to do, and in despair she put it. She went on so long that they would die. \'The trial cannot proceed,\' said the King, \'and don\'t be particular--Here, Bill! catch hold of it; and the Gryphon went on muttering over the wig, (look at the end of every line: \'Speak roughly to your places!\' shouted the Gryphon, with a sigh. \'I only took the thimble, looking as solemn as she tucked it away under her arm, with its tongue hanging out of its mouth open, gazing.</p><p>Hatter trembled so, that Alice had no idea what you\'re talking about,\' said Alice. \'What sort of way, \'Do cats eat bats? Do cats eat bats? Do cats eat bats, I wonder?\' Alice guessed who it was, and, as the jury asked. \'That I can\'t take more.\' \'You mean you can\'t swim, can you?\' he added, turning to Alice, and tried to say it out loud. \'Thinking again?\' the Duchess was VERY ugly; and secondly, because she was dozing off, and had come back in a large pigeon had flown into her eyes; and once she.</p><p>I,\' said the King, \'that saves a world of trouble, you know, with oh, such long ringlets, and mine doesn\'t go in ringlets at all; however, she again heard a little more conversation with her arms folded, quietly smoking a long silence after this, and she set the little door, so she bore it as she added, \'and the moral of THAT is--\"Take care of the singers in the sky. Twinkle, twinkle--\"\' Here the other side of the court and got behind him, and said to the Classics master, though. He was an.</p>',1,NULL,'default',NULL,'published','2023-01-04 01:10:56','2023-01-04 01:10:56'),(12,'Coming soon','<p>Condimentum ipsum a adipiscing hac dolor set consectetur urna commodo elit parturient <br>molestie ut nisl partu convallier ullamcorpe.</p><div>[coming-soon time=\"December 30, 2022 15:37:25\" image=\"general/coming-soon.jpg\"][/coming-soon]</div>',1,NULL,'coming-soon',NULL,'published','2023-01-04 01:10:56','2023-01-04 01:10:56');
/*!40000 ALTER TABLE `pages` ENABLE KEYS */;
UNLOCK TABLES;

--
-- Table structure for table `pages_translations`
--

DROP TABLE IF EXISTS `pages_translations`;
/*!40101 SET @saved_cs_client     = @@character_set_client */;
/*!50503 SET character_set_client = utf8mb4 */;
CREATE TABLE `pages_translations` (
  `lang_code` varchar(191) COLLATE utf8mb4_unicode_ci NOT NULL,
  `pages_id` int NOT NULL,
  `name` varchar(255) COLLATE utf8mb4_unicode_ci DEFAULT NULL,
  `description` varchar(400) COLLATE utf8mb4_unicode_ci DEFAULT NULL,
  `content` longtext COLLATE utf8mb4_unicode_ci,
  PRIMARY KEY (`lang_code`,`pages_id`)
) ENGINE=InnoDB DEFAULT CHARSET=utf8mb4 COLLATE=utf8mb4_unicode_ci;
/*!40101 SET character_set_client = @saved_cs_client */;

--
-- Dumping data for table `pages_translations`
--

LOCK TABLES `pages_translations` WRITE;
/*!40000 ALTER TABLE `pages_translations` DISABLE KEYS */;
INSERT INTO `pages_translations` VALUES ('vi',1,'Trang ch?',NULL,'<div>[simple-slider key=\"home-slider\" ads_1=\"VC2C8Q1UGCBG\" ads_2=\"NBDWRXTSVZ8N\"][/simple-slider]</div><div>[site-features icon1=\"icon-rocket\" title1=\"Mi?n ph? v?n chuy?n\" subtitle1=\"Cho ??n hàng t? 2tr\" icon2=\"icon-sync\" title2=\"Mi?n ph? hoàn hàng\" subtitle2=\"If goods have problems\" icon3=\"icon-credit-card\" title3=\"Thanh to?n b?o m?t\" subtitle3=\"100% secure payment\" icon4=\"icon-bubbles\" title4=\"H? tr? 24/7\" subtitle4=\"Dedicated support\" icon5=\"icon-gift\" title5=\"D?ch v? g?i quà\" subtitle5=\"Support gift service\"][/site-features]</div><div>[flash-sale title=\"Khuy?n m?i hot\" flash_sale_id=\"1\"][/flash-sale]</div><div>[featured-product-categories title=\"Danh m?c n?i b?t\"][/featured-product-categories]</div><div>[theme-ads key_1=\"IZ6WU8KUALYD\" key_2=\"ILSFJVYFGCPZ\" key_3=\"ZDOZUZZIU7FT\"][/theme-ads]</div><div>[featured-products title=\"S?n ph?m n?i b?t\"][/featured-products]</div><div>[theme-ads key_1=\"Q9YDUIC9HSWS\" key_2=\"IZ6WU8KUALYE\"][/theme-ads]</div><div>[product-collections title=\"S?n ph?m ??c quy?n\"][/product-collections]</div><div>[product-category-products category_id=\"18\"][/product-category-products]</div><div>[download-app title=\"T?i Martfury App Ngay!\" subtitle=\"Mua s?m nhanh ch?ng và d? dàng h?n v?i ?ng d?ng c?a ch?ng tôi. Nh?n liên k?t ?? t?i xu?ng ?ng d?ng trên ?i?n tho?i c?a b?n.\" screenshot=\"general/app.png\" android_app_url=\"https://www.appstore.com\" ios_app_url=\"https://play.google.com/store\"][/download-app]</div><div>[product-category-products category_id=\"23\"][/product-category-products]</div><div>[newsletter-form title=\"Tham gia b?n tin ngay\" subtitle=\"??ng k? ?? nh?n thông tin v? s?n ph?m và phi?u gi?m gi?\"][/newsletter-form]</div>'),('vi',2,'V? ch?ng tôi',NULL,NULL),('vi',3,'?i?u kho?n s? d?ng',NULL,NULL),('vi',4,'?i?u kho?n và ?i?u ki?n',NULL,NULL),('vi',5,'?i?u ki?n hoàn hàng',NULL,NULL),('vi',6,'Tin t?c',NULL,'<p>---</p>'),('vi',7,'Câu h?i th??ng g?p',NULL,'<div>[faq title=\"C?c câu h?i th??ng g?p\"][/faq]</div>'),('vi',8,'Liên h?',NULL,'<div>[google-map]502 New Street, Brighton VIC, Australia[/google-map]</div><div>[contact-info-boxes title=\"Liên h? v?i ch?ng tôi n?u b?n c? th?c m?c\"][/contact-info-boxes]</div><div>[contact-form][/contact-form]</div>'),('vi',9,'Ch?nh s?ch cookie',NULL,'<h3>EU Cookie Consent</h3><p>To use this website we are using Cookies and collecting some data. To be compliant with the EU GDPR we give you to choose if you allow us to use certain Cookies and to collect some Data.</p><h4>Essential Data</h4><p>The Essential Data is needed to run the Site you are visiting technically. You can not deactivate them.</p><p>- Session Cookie: PHP uses a Cookie to identify user sessions. Without this Cookie the Website is not working.</p><p>- XSRF-Token Cookie: Laravel automatically generates a CSRF \"token\" for each active user session managed by the application. This token is used to verify that the authenticated user is the one actually making the requests to the application.</p>'),('vi',10,'Ti?p th? liên k?t',NULL,NULL),('vi',11,'Tuy?n d?ng',NULL,NULL),('vi',12,'S?p ra m?t',NULL,'<p>Condimentum ipsum a adipiscing hac dolor set consectetur urna commodo elit parturient <br/>molestie ut nisl partu convallier ullamcorpe.</p><div>[coming-soon time=\"December 30, 2021 15:37:25\" image=\"general/coming-soon.jpg\"][/coming-soon]</div>');
/*!40000 ALTER TABLE `pages_translations` ENABLE KEYS */;
UNLOCK TABLES;

--
-- Table structure for table `password_resets`
--

DROP TABLE IF EXISTS `password_resets`;
/*!40101 SET @saved_cs_client     = @@character_set_client */;
/*!50503 SET character_set_client = utf8mb4 */;
CREATE TABLE `password_resets` (
  `email` varchar(191) COLLATE utf8mb4_unicode_ci NOT NULL,
  `token` varchar(191) COLLATE utf8mb4_unicode_ci NOT NULL,
  `created_at` timestamp NULL DEFAULT NULL,
  KEY `password_resets_email_index` (`email`)
) ENGINE=InnoDB DEFAULT CHARSET=utf8mb4 COLLATE=utf8mb4_unicode_ci;
/*!40101 SET character_set_client = @saved_cs_client */;

--
-- Dumping data for table `password_resets`
--

LOCK TABLES `password_resets` WRITE;
/*!40000 ALTER TABLE `password_resets` DISABLE KEYS */;
/*!40000 ALTER TABLE `password_resets` ENABLE KEYS */;
UNLOCK TABLES;

--
-- Table structure for table `payments`
--

DROP TABLE IF EXISTS `payments`;
/*!40101 SET @saved_cs_client     = @@character_set_client */;
/*!50503 SET character_set_client = utf8mb4 */;
CREATE TABLE `payments` (
  `id` bigint unsigned NOT NULL AUTO_INCREMENT,
  `currency` varchar(120) CHARACTER SET utf8mb4 COLLATE utf8mb4_unicode_ci DEFAULT NULL,
  `user_id` int unsigned NOT NULL DEFAULT '0',
  `charge_id` varchar(255) CHARACTER SET utf8mb4 COLLATE utf8mb4_unicode_ci DEFAULT NULL,
  `payment_channel` varchar(60) COLLATE utf8mb4_unicode_ci DEFAULT NULL,
  `description` varchar(255) COLLATE utf8mb4_unicode_ci DEFAULT NULL,
  `amount` decimal(15,2) unsigned NOT NULL,
  `order_id` int unsigned DEFAULT NULL,
  `status` varchar(60) COLLATE utf8mb4_unicode_ci DEFAULT 'pending',
  `payment_type` varchar(191) COLLATE utf8mb4_unicode_ci DEFAULT 'confirm',
  `customer_id` int unsigned DEFAULT NULL,
  `refunded_amount` decimal(15,2) unsigned DEFAULT NULL,
  `refund_note` varchar(255) COLLATE utf8mb4_unicode_ci DEFAULT NULL,
  `created_at` timestamp NULL DEFAULT NULL,
  `updated_at` timestamp NULL DEFAULT NULL,
  `customer_type` varchar(255) COLLATE utf8mb4_unicode_ci DEFAULT NULL,
  `metadata` mediumtext CHARACTER SET utf8mb4 COLLATE utf8mb4_unicode_ci,
  PRIMARY KEY (`id`)
) ENGINE=InnoDB AUTO_INCREMENT=49 DEFAULT CHARSET=utf8mb4 COLLATE=utf8mb4_unicode_ci;
/*!40101 SET character_set_client = @saved_cs_client */;

--
-- Dumping data for table `payments`
--

LOCK TABLES `payments` WRITE;
/*!40000 ALTER TABLE `payments` DISABLE KEYS */;
INSERT INTO `payments` VALUES (1,'USD',0,'ATBRLVE638','paystack',NULL,6484.00,1,'completed','confirm',4,NULL,NULL,'2023-01-04 01:10:58','2023-01-04 01:10:58','Botble\\Ecommerce\\Models\\Customer',NULL),(2,'USD',0,'GRXYVC4476','bank_transfer',NULL,121.50,2,'pending','confirm',10,NULL,NULL,'2023-01-04 01:10:58','2023-01-04 01:10:58','Botble\\Ecommerce\\Models\\Customer',NULL),(3,'USD',0,'ICJRQWZ6HI','paypal',NULL,1599.00,3,'completed','confirm',10,NULL,NULL,'2023-01-04 01:10:58','2023-01-04 01:10:58','Botble\\Ecommerce\\Models\\Customer',NULL),(4,'USD',0,'TGW65IBIIJ','paypal',NULL,5622.00,4,'completed','confirm',9,NULL,NULL,'2023-01-04 01:10:58','2023-01-04 01:10:58','Botble\\Ecommerce\\Models\\Customer',NULL),(5,'USD',0,'7DREV9CKCA','cod',NULL,2282.00,5,'pending','confirm',9,NULL,NULL,'2023-01-04 01:10:58','2023-01-04 01:10:58','Botble\\Ecommerce\\Models\\Customer',NULL),(6,'USD',0,'LU6SCIQGLE','sslcommerz',NULL,1036.00,6,'completed','confirm',10,NULL,NULL,'2023-01-04 01:10:58','2023-01-04 01:10:58','Botble\\Ecommerce\\Models\\Customer',NULL),(7,'USD',0,'BHDC3WHFBT','sslcommerz',NULL,1082.00,7,'completed','confirm',10,NULL,NULL,'2023-01-04 01:10:58','2023-01-04 01:10:58','Botble\\Ecommerce\\Models\\Customer',NULL),(8,'USD',0,'C0KSM8FC57','stripe',NULL,2766.00,8,'completed','confirm',10,NULL,NULL,'2023-01-04 01:10:58','2023-01-04 01:10:58','Botble\\Ecommerce\\Models\\Customer',NULL),(9,'USD',0,'AMOVUUK65H','stripe',NULL,416.00,9,'completed','confirm',10,NULL,NULL,'2023-01-04 01:10:58','2023-01-04 01:10:58','Botble\\Ecommerce\\Models\\Customer',NULL),(10,'USD',0,'UODGW6ENRZ','stripe',NULL,3918.00,10,'completed','confirm',1,NULL,NULL,'2023-01-04 01:10:58','2023-01-04 01:10:58','Botble\\Ecommerce\\Models\\Customer',NULL),(11,'USD',0,'GARS3SXBPY','razorpay',NULL,1036.00,11,'completed','confirm',1,NULL,NULL,'2023-01-04 01:10:59','2023-01-04 01:10:59','Botble\\Ecommerce\\Models\\Customer',NULL),(12,'USD',0,'TK3FVWZDHV','stripe',NULL,1247.00,12,'completed','confirm',6,NULL,NULL,'2023-01-04 01:10:59','2023-01-04 01:10:59','Botble\\Ecommerce\\Models\\Customer',NULL),(13,'USD',0,'RPNSRDFGCI','paypal',NULL,1546.00,13,'completed','confirm',6,NULL,NULL,'2023-01-04 01:10:59','2023-01-04 01:10:59','Botble\\Ecommerce\\Models\\Customer',NULL),(14,'USD',0,'ILBNBISYLT','stripe',NULL,3549.00,14,'completed','confirm',6,NULL,NULL,'2023-01-04 01:10:59','2023-01-04 01:10:59','Botble\\Ecommerce\\Models\\Customer',NULL),(15,'USD',0,'PTEI7MG4EM','paystack',NULL,1066.00,15,'completed','confirm',6,NULL,NULL,'2023-01-04 01:10:59','2023-01-04 01:10:59','Botble\\Ecommerce\\Models\\Customer',NULL),(16,'USD',0,'TPGN7Q7Y91','cod',NULL,3423.00,16,'pending','confirm',6,NULL,NULL,'2023-01-04 01:10:59','2023-01-04 01:10:59','Botble\\Ecommerce\\Models\\Customer',NULL),(17,'USD',0,'54HZR3RGWY','bank_transfer',NULL,2352.00,17,'pending','confirm',9,NULL,NULL,'2023-01-04 01:10:59','2023-01-04 01:10:59','Botble\\Ecommerce\\Models\\Customer',NULL),(18,'USD',0,'T1QHYZOMNZ','mollie',NULL,2421.00,18,'completed','confirm',9,NULL,NULL,'2023-01-04 01:10:59','2023-01-04 01:10:59','Botble\\Ecommerce\\Models\\Customer',NULL),(19,'USD',0,'ETU7IBIFUD','paystack',NULL,5774.00,19,'completed','confirm',6,NULL,NULL,'2023-01-04 01:10:59','2023-01-04 01:10:59','Botble\\Ecommerce\\Models\\Customer',NULL),(20,'USD',0,'DKQ9S213TQ','paystack',NULL,2319.00,20,'completed','confirm',6,NULL,NULL,'2023-01-04 01:10:59','2023-01-04 01:10:59','Botble\\Ecommerce\\Models\\Customer',NULL),(21,'USD',0,'LNQ7MWUS1Z','bank_transfer',NULL,40.50,21,'pending','confirm',6,NULL,NULL,'2023-01-04 01:10:59','2023-01-04 01:10:59','Botble\\Ecommerce\\Models\\Customer',NULL),(22,'USD',0,'QUUQLIUOZZ','sslcommerz',NULL,2226.00,22,'completed','confirm',6,NULL,NULL,'2023-01-04 01:10:59','2023-01-04 01:10:59','Botble\\Ecommerce\\Models\\Customer',NULL),(23,'USD',0,'FUR8DUYL1T','paypal',NULL,2494.00,23,'completed','confirm',10,NULL,NULL,'2023-01-04 01:10:59','2023-01-04 01:10:59','Botble\\Ecommerce\\Models\\Customer',NULL),(24,'USD',0,'DGRTVGDJMV','paypal',NULL,566.00,24,'completed','confirm',10,NULL,NULL,'2023-01-04 01:10:59','2023-01-04 01:10:59','Botble\\Ecommerce\\Models\\Customer',NULL),(25,'USD',0,'7OOB2RWLTK','cod',NULL,3865.00,25,'pending','confirm',10,NULL,NULL,'2023-01-04 01:10:59','2023-01-04 01:10:59','Botble\\Ecommerce\\Models\\Customer',NULL),(26,'USD',0,'BVYB8BGCZN','bank_transfer',NULL,2372.00,26,'pending','confirm',9,NULL,NULL,'2023-01-04 01:10:59','2023-01-04 01:10:59','Botble\\Ecommerce\\Models\\Customer',NULL),(27,'USD',0,'NWWXJBNZ6U','paystack',NULL,2282.00,27,'completed','confirm',9,NULL,NULL,'2023-01-04 01:10:59','2023-01-04 01:10:59','Botble\\Ecommerce\\Models\\Customer',NULL),(28,'USD',0,'DEOOYMUFIO','bank_transfer',NULL,3741.00,28,'pending','confirm',1,NULL,NULL,'2023-01-04 01:10:59','2023-01-04 01:10:59','Botble\\Ecommerce\\Models\\Customer',NULL),(29,'USD',0,'AMKZ7D02XS','mollie',NULL,2665.00,29,'completed','confirm',1,NULL,NULL,'2023-01-04 01:10:59','2023-01-04 01:10:59','Botble\\Ecommerce\\Models\\Customer',NULL),(30,'USD',0,'VHRQ5XN3ST','sslcommerz',NULL,2754.00,30,'completed','confirm',1,NULL,NULL,'2023-01-04 01:10:59','2023-01-04 01:10:59','Botble\\Ecommerce\\Models\\Customer',NULL),(31,'USD',0,'0RPT8VNCUL','bank_transfer',NULL,2366.00,31,'pending','confirm',4,NULL,NULL,'2023-01-04 01:10:59','2023-01-04 01:10:59','Botble\\Ecommerce\\Models\\Customer',NULL),(32,'USD',0,'XPSRUWJRYS','bank_transfer',NULL,773.00,32,'pending','confirm',4,NULL,NULL,'2023-01-04 01:10:59','2023-01-04 01:10:59','Botble\\Ecommerce\\Models\\Customer',NULL),(33,'USD',0,'OQIVKJDDWA','cod',NULL,1572.00,33,'pending','confirm',4,NULL,NULL,'2023-01-04 01:10:59','2023-01-04 01:10:59','Botble\\Ecommerce\\Models\\Customer',NULL),(34,'USD',0,'CW2JSD4TQO','paystack',NULL,40.50,34,'completed','confirm',10,NULL,NULL,'2023-01-04 01:10:59','2023-01-04 01:10:59','Botble\\Ecommerce\\Models\\Customer',NULL),(35,'USD',0,'LUG1C8NXQN','stripe',NULL,3367.00,35,'completed','confirm',10,NULL,NULL,'2023-01-04 01:10:59','2023-01-04 01:10:59','Botble\\Ecommerce\\Models\\Customer',NULL),(36,'USD',0,'DDTBTTGLGA','mollie',NULL,3741.00,36,'completed','confirm',10,NULL,NULL,'2023-01-04 01:10:59','2023-01-04 01:10:59','Botble\\Ecommerce\\Models\\Customer',NULL),(37,'USD',0,'ZX94XELIWT','cod',NULL,1836.00,37,'pending','confirm',9,NULL,NULL,'2023-01-04 01:10:59','2023-01-04 01:10:59','Botble\\Ecommerce\\Models\\Customer',NULL),(38,'USD',0,'SNYL5LUO2Z','bank_transfer',NULL,773.00,38,'pending','confirm',9,NULL,NULL,'2023-01-04 01:10:59','2023-01-04 01:10:59','Botble\\Ecommerce\\Models\\Customer',NULL),(39,'USD',0,'CFDOEVNDW1','razorpay',NULL,560.00,39,'completed','confirm',9,NULL,NULL,'2023-01-04 01:10:59','2023-01-04 01:10:59','Botble\\Ecommerce\\Models\\Customer',NULL),(40,'USD',0,'RRZWJZBXQS','paystack',NULL,1836.00,40,'completed','confirm',9,NULL,NULL,'2023-01-04 01:10:59','2023-01-04 01:10:59','Botble\\Ecommerce\\Models\\Customer',NULL),(41,'USD',0,'6TGUJESMA9','bank_transfer',NULL,416.00,41,'pending','confirm',9,NULL,NULL,'2023-01-04 01:10:59','2023-01-04 01:10:59','Botble\\Ecommerce\\Models\\Customer',NULL),(42,'USD',0,'V8SCNGEOJU','paystack',NULL,2477.00,42,'completed','confirm',9,NULL,NULL,'2023-01-04 01:10:59','2023-01-04 01:10:59','Botble\\Ecommerce\\Models\\Customer',NULL),(43,'USD',0,'9Z6UXLATQA','paypal',NULL,786.00,43,'completed','confirm',9,NULL,NULL,'2023-01-04 01:10:59','2023-01-04 01:10:59','Botble\\Ecommerce\\Models\\Customer',NULL),(44,'USD',0,'QLTUQPCCRO','cod',NULL,60.00,44,'pending','confirm',6,NULL,NULL,'2023-01-04 01:10:59','2023-01-04 01:10:59','Botble\\Ecommerce\\Models\\Customer',NULL),(45,'USD',0,'MZK3TWGTBD','cod',NULL,566.00,45,'pending','confirm',6,NULL,NULL,'2023-01-04 01:10:59','2023-01-04 01:10:59','Botble\\Ecommerce\\Models\\Customer',NULL),(46,'USD',0,'S15CNNHYOR','bank_transfer',NULL,773.00,46,'pending','confirm',6,NULL,NULL,'2023-01-04 01:10:59','2023-01-04 01:10:59','Botble\\Ecommerce\\Models\\Customer',NULL),(47,'USD',0,'WYDYPTCJBR','paystack',NULL,2494.00,47,'completed','confirm',9,NULL,NULL,'2023-01-04 01:10:59','2023-01-04 01:10:59','Botble\\Ecommerce\\Models\\Customer',NULL),(48,'USD',0,'WRFJQTFIVE','razorpay',NULL,1836.00,48,'completed','confirm',9,NULL,NULL,'2023-01-04 01:10:59','2023-01-04 01:10:59','Botble\\Ecommerce\\Models\\Customer',NULL);
/*!40000 ALTER TABLE `payments` ENABLE KEYS */;
UNLOCK TABLES;

--
-- Table structure for table `personal_access_tokens`
--

DROP TABLE IF EXISTS `personal_access_tokens`;
/*!40101 SET @saved_cs_client     = @@character_set_client */;
/*!50503 SET character_set_client = utf8mb4 */;
CREATE TABLE `personal_access_tokens` (
  `id` bigint unsigned NOT NULL AUTO_INCREMENT,
  `tokenable_type` varchar(191) COLLATE utf8mb4_unicode_ci NOT NULL,
  `tokenable_id` bigint unsigned NOT NULL,
  `name` varchar(191) COLLATE utf8mb4_unicode_ci NOT NULL,
  `token` varchar(64) COLLATE utf8mb4_unicode_ci NOT NULL,
  `abilities` text COLLATE utf8mb4_unicode_ci,
  `last_used_at` timestamp NULL DEFAULT NULL,
  `expires_at` timestamp NULL DEFAULT NULL,
  `created_at` timestamp NULL DEFAULT NULL,
  `updated_at` timestamp NULL DEFAULT NULL,
  PRIMARY KEY (`id`),
  UNIQUE KEY `personal_access_tokens_token_unique` (`token`),
  KEY `personal_access_tokens_tokenable_type_tokenable_id_index` (`tokenable_type`,`tokenable_id`)
) ENGINE=InnoDB DEFAULT CHARSET=utf8mb4 COLLATE=utf8mb4_unicode_ci;
/*!40101 SET character_set_client = @saved_cs_client */;

--
-- Dumping data for table `personal_access_tokens`
--

LOCK TABLES `personal_access_tokens` WRITE;
/*!40000 ALTER TABLE `personal_access_tokens` DISABLE KEYS */;
/*!40000 ALTER TABLE `personal_access_tokens` ENABLE KEYS */;
UNLOCK TABLES;

--
-- Table structure for table `post_categories`
--

DROP TABLE IF EXISTS `post_categories`;
/*!40101 SET @saved_cs_client     = @@character_set_client */;
/*!50503 SET character_set_client = utf8mb4 */;
CREATE TABLE `post_categories` (
  `id` bigint unsigned NOT NULL AUTO_INCREMENT,
  `category_id` int unsigned NOT NULL,
  `post_id` int unsigned NOT NULL,
  PRIMARY KEY (`id`),
  KEY `post_categories_category_id_index` (`category_id`),
  KEY `post_categories_post_id_index` (`post_id`)
) ENGINE=InnoDB AUTO_INCREMENT=23 DEFAULT CHARSET=utf8mb4 COLLATE=utf8mb4_unicode_ci;
/*!40101 SET character_set_client = @saved_cs_client */;

--
-- Dumping data for table `post_categories`
--

LOCK TABLES `post_categories` WRITE;
/*!40000 ALTER TABLE `post_categories` DISABLE KEYS */;
INSERT INTO `post_categories` VALUES (1,1,1),(2,4,1),(3,1,2),(4,3,2),(5,1,3),(6,4,3),(7,1,4),(8,3,4),(9,1,5),(10,3,5),(11,1,6),(12,3,6),(13,1,7),(14,3,7),(15,2,8),(16,4,8),(17,2,9),(18,4,9),(19,1,10),(20,4,10),(21,1,11),(22,3,11);
/*!40000 ALTER TABLE `post_categories` ENABLE KEYS */;
UNLOCK TABLES;

--
-- Table structure for table `post_tags`
--

DROP TABLE IF EXISTS `post_tags`;
/*!40101 SET @saved_cs_client     = @@character_set_client */;
/*!50503 SET character_set_client = utf8mb4 */;
CREATE TABLE `post_tags` (
  `id` bigint unsigned NOT NULL AUTO_INCREMENT,
  `tag_id` int unsigned NOT NULL,
  `post_id` int unsigned NOT NULL,
  PRIMARY KEY (`id`),
  KEY `post_tags_tag_id_index` (`tag_id`),
  KEY `post_tags_post_id_index` (`post_id`)
) ENGINE=InnoDB AUTO_INCREMENT=56 DEFAULT CHARSET=utf8mb4 COLLATE=utf8mb4_unicode_ci;
/*!40101 SET character_set_client = @saved_cs_client */;

--
-- Dumping data for table `post_tags`
--

LOCK TABLES `post_tags` WRITE;
/*!40000 ALTER TABLE `post_tags` DISABLE KEYS */;
INSERT INTO `post_tags` VALUES (1,1,1),(2,2,1),(3,3,1),(4,4,1),(5,5,1),(6,1,2),(7,2,2),(8,3,2),(9,4,2),(10,5,2),(11,1,3),(12,2,3),(13,3,3),(14,4,3),(15,5,3),(16,1,4),(17,2,4),(18,3,4),(19,4,4),(20,5,4),(21,1,5),(22,2,5),(23,3,5),(24,4,5),(25,5,5),(26,1,6),(27,2,6),(28,3,6),(29,4,6),(30,5,6),(31,1,7),(32,2,7),(33,3,7),(34,4,7),(35,5,7),(36,1,8),(37,2,8),(38,3,8),(39,4,8),(40,5,8),(41,1,9),(42,2,9),(43,3,9),(44,4,9),(45,5,9),(46,1,10),(47,2,10),(48,3,10),(49,4,10),(50,5,10),(51,1,11),(52,2,11),(53,3,11),(54,4,11),(55,5,11);
/*!40000 ALTER TABLE `post_tags` ENABLE KEYS */;
UNLOCK TABLES;

--
-- Table structure for table `posts`
--

DROP TABLE IF EXISTS `posts`;
/*!40101 SET @saved_cs_client     = @@character_set_client */;
/*!50503 SET character_set_client = utf8mb4 */;
CREATE TABLE `posts` (
  `id` bigint unsigned NOT NULL AUTO_INCREMENT,
  `name` varchar(255) COLLATE utf8mb4_unicode_ci NOT NULL,
  `description` varchar(400) COLLATE utf8mb4_unicode_ci DEFAULT NULL,
  `content` longtext COLLATE utf8mb4_unicode_ci,
  `status` varchar(60) COLLATE utf8mb4_unicode_ci NOT NULL DEFAULT 'published',
  `author_id` int NOT NULL,
  `author_type` varchar(255) CHARACTER SET utf8mb4 COLLATE utf8mb4_unicode_ci NOT NULL DEFAULT 'Botble\\ACL\\Models\\User',
  `is_featured` tinyint unsigned NOT NULL DEFAULT '0',
  `image` varchar(255) COLLATE utf8mb4_unicode_ci DEFAULT NULL,
  `views` int unsigned NOT NULL DEFAULT '0',
  `format_type` varchar(30) COLLATE utf8mb4_unicode_ci DEFAULT NULL,
  `created_at` timestamp NULL DEFAULT NULL,
  `updated_at` timestamp NULL DEFAULT NULL,
  PRIMARY KEY (`id`),
  KEY `status` (`status`),
  KEY `author_id` (`author_id`),
  KEY `author_type` (`author_type`),
  KEY `created_at` (`created_at`)
) ENGINE=InnoDB AUTO_INCREMENT=12 DEFAULT CHARSET=utf8mb4 COLLATE=utf8mb4_unicode_ci;
/*!40101 SET character_set_client = @saved_cs_client */;

--
-- Dumping data for table `posts`
--

LOCK TABLES `posts` WRITE;
/*!40000 ALTER TABLE `posts` DISABLE KEYS */;
INSERT INTO `posts` VALUES (1,'4 Expert Tips On How To Choose The Right Men’s Wallet','You should pay more attention when you choose your wallets. There are a lot of them on the market with the different designs and styles. When you choose carefully, you would be able to buy a wallet that is catered to your needs. Not to mention that it will help to enhance your style significantly.','<p>I have seen many people underestimating the power of their wallets. To them, they are just a functional item they use to carry. As a result, they often end up with the wallets which are not really suitable for them.</p>\n\n<p>You should pay more attention when you choose your wallets. There are a lot of them on the market with the different designs and styles. When you choose carefully, you would be able to buy a wallet that is catered to your needs. Not to mention that it will help to enhance your style significantly.</p>\n\n<p style=\"text-align:center;\"><img alt=\"f4\" src=\"/storage/news/1.jpg\"></p>\n\n<p><br>\n </p>\n\n<p><strong><em>For all of the reason above, here are 7 expert tips to help you pick up the right men’s wallet for you:</em></strong></p>\n\n<h4><strong>Number 1: Choose A Neat Wallet</strong></h4>\n\n<p>The wallet is an essential accessory that you should go simple. Simplicity is the best in this case. A simple and neat wallet with the plain color and even <strong>minimalist style</strong> is versatile. It can be used for both formal and casual events. In addition, that wallet will go well with most of the clothes in your wardrobe.</p>\n\n<p>Keep in mind that a wallet will tell other people about your personality and your fashion sense as much as other clothes you put on. Hence, don’t go cheesy on your wallet or else people will think that you have a funny and particular style.</p>\n\n<p style=\"text-align:center;\"><img alt=\"f5\" src=\"/storage/news/2.jpg\"></p>\n\n<p><br>\n </p>\n<hr>\n<h4><strong>Number 2: Choose The Right Size For Your Wallet</strong></h4>\n\n<p>You should avoid having an over-sized wallet. Don’t think that you need to buy a big wallet because you have a lot to carry with you. In addition, a fat wallet is very ugly. It will make it harder for you to slide the wallet into your trousers’ pocket. In addition, it will create a bulge and ruin your look.</p>\n\n<p>Before you go on to buy a new wallet, clean out your wallet and place all of the items from your wallet on a table. Throw away things that you would never need any more such as the old bills or the expired gift cards. Remember to check your wallet on a frequent basis to get rid of all of the old stuff that you don’t need anymore.</p>\n\n<p style=\"text-align:center;\"><img alt=\"f1\" src=\"/storage/news/3.jpg\"></p>\n\n<p><br>\n </p>\n\n<hr>\n<h4><strong>Number 3: Don’t Limit Your Options Of Materials</strong></h4>\n\n<p>The types and designs of wallets are not the only things that you should consider when you go out searching for your best wallet. You have more than 1 option of material rather than leather to choose from as well.</p>\n\n<p>You can experiment with other available options such as cotton, polyester and canvas. They all have their own pros and cons. As a result, they will be suitable for different needs and requirements. You should think about them all in order to choose the material which you would like the most.</p>\n\n<p style=\"text-align:center;\"><img alt=\"f6\" height=\"375\" src=\"/storage/news/4.jpg\"></p>\n\n<p><br>\n </p>\n\n<hr>\n<h4><strong>Number 4: Consider A Wallet As A Long Term Investment</strong></h4>\n\n<p>Your wallet is indeed an investment that you should consider spending a decent amount of time and effort on it. Another factor that you need to consider is how much you want to spend on your wallet. The price ranges of wallets on the market vary a great deal. You can find a wallet which is as cheap as about 5 to 7 dollars. On the other hand, you should expect to pay around 250 to 300 dollars for a high-quality wallet.</p>\n\n<p>In case you need a wallet to use for a long time, it is a good idea that you should invest a decent amount of money on a wallet. A high quality wallet from a reputational brand with the premium quality such as cowhide leather will last for a long time. In addition, it is an accessory to show off your fashion sense and your social status.</p>\n\n<p style=\"text-align:center;\"><img alt=\"f2\" height=\"400\" src=\"/storage/news/5.jpg\"></p>\n\n<p> </p>\n','published',1,'Botble\\ACL\\Models\\User',1,'news/1.jpg',654,NULL,'2023-01-04 01:10:56','2023-01-04 01:10:56'),(2,'Sexy Clutches: How to Buy &amp; Wear a Designer Clutch Bag','You should pay more attention when you choose your wallets. There are a lot of them on the market with the different designs and styles. When you choose carefully, you would be able to buy a wallet that is catered to your needs. Not to mention that it will help to enhance your style significantly.','<p>I have seen many people underestimating the power of their wallets. To them, they are just a functional item they use to carry. As a result, they often end up with the wallets which are not really suitable for them.</p>\n\n<p>You should pay more attention when you choose your wallets. There are a lot of them on the market with the different designs and styles. When you choose carefully, you would be able to buy a wallet that is catered to your needs. Not to mention that it will help to enhance your style significantly.</p>\n\n<p style=\"text-align:center;\"><img alt=\"f4\" src=\"/storage/news/1.jpg\"></p>\n\n<p><br>\n </p>\n\n<p><strong><em>For all of the reason above, here are 7 expert tips to help you pick up the right men’s wallet for you:</em></strong></p>\n\n<h4><strong>Number 1: Choose A Neat Wallet</strong></h4>\n\n<p>The wallet is an essential accessory that you should go simple. Simplicity is the best in this case. A simple and neat wallet with the plain color and even <strong>minimalist style</strong> is versatile. It can be used for both formal and casual events. In addition, that wallet will go well with most of the clothes in your wardrobe.</p>\n\n<p>Keep in mind that a wallet will tell other people about your personality and your fashion sense as much as other clothes you put on. Hence, don’t go cheesy on your wallet or else people will think that you have a funny and particular style.</p>\n\n<p style=\"text-align:center;\"><img alt=\"f5\" src=\"/storage/news/2.jpg\"></p>\n\n<p><br>\n </p>\n<hr>\n<h4><strong>Number 2: Choose The Right Size For Your Wallet</strong></h4>\n\n<p>You should avoid having an over-sized wallet. Don’t think that you need to buy a big wallet because you have a lot to carry with you. In addition, a fat wallet is very ugly. It will make it harder for you to slide the wallet into your trousers’ pocket. In addition, it will create a bulge and ruin your look.</p>\n\n<p>Before you go on to buy a new wallet, clean out your wallet and place all of the items from your wallet on a table. Throw away things that you would never need any more such as the old bills or the expired gift cards. Remember to check your wallet on a frequent basis to get rid of all of the old stuff that you don’t need anymore.</p>\n\n<p style=\"text-align:center;\"><img alt=\"f1\" src=\"/storage/news/3.jpg\"></p>\n\n<p><br>\n </p>\n\n<hr>\n<h4><strong>Number 3: Don’t Limit Your Options Of Materials</strong></h4>\n\n<p>The types and designs of wallets are not the only things that you should consider when you go out searching for your best wallet. You have more than 1 option of material rather than leather to choose from as well.</p>\n\n<p>You can experiment with other available options such as cotton, polyester and canvas. They all have their own pros and cons. As a result, they will be suitable for different needs and requirements. You should think about them all in order to choose the material which you would like the most.</p>\n\n<p style=\"text-align:center;\"><img alt=\"f6\" height=\"375\" src=\"/storage/news/4.jpg\"></p>\n\n<p><br>\n </p>\n\n<hr>\n<h4><strong>Number 4: Consider A Wallet As A Long Term Investment</strong></h4>\n\n<p>Your wallet is indeed an investment that you should consider spending a decent amount of time and effort on it. Another factor that you need to consider is how much you want to spend on your wallet. The price ranges of wallets on the market vary a great deal. You can find a wallet which is as cheap as about 5 to 7 dollars. On the other hand, you should expect to pay around 250 to 300 dollars for a high-quality wallet.</p>\n\n<p>In case you need a wallet to use for a long time, it is a good idea that you should invest a decent amount of money on a wallet. A high quality wallet from a reputational brand with the premium quality such as cowhide leather will last for a long time. In addition, it is an accessory to show off your fashion sense and your social status.</p>\n\n<p style=\"text-align:center;\"><img alt=\"f2\" height=\"400\" src=\"/storage/news/5.jpg\"></p>\n\n<p> </p>\n','published',1,'Botble\\ACL\\Models\\User',1,'news/2.jpg',871,NULL,'2023-01-04 01:10:56','2023-01-04 01:10:56'),(3,'The Top 2020 Handbag Trends to Know','You should pay more attention when you choose your wallets. There are a lot of them on the market with the different designs and styles. When you choose carefully, you would be able to buy a wallet that is catered to your needs. Not to mention that it will help to enhance your style significantly.','<p>I have seen many people underestimating the power of their wallets. To them, they are just a functional item they use to carry. As a result, they often end up with the wallets which are not really suitable for them.</p>\n\n<p>You should pay more attention when you choose your wallets. There are a lot of them on the market with the different designs and styles. When you choose carefully, you would be able to buy a wallet that is catered to your needs. Not to mention that it will help to enhance your style significantly.</p>\n\n<p style=\"text-align:center;\"><img alt=\"f4\" src=\"/storage/news/1.jpg\"></p>\n\n<p><br>\n </p>\n\n<p><strong><em>For all of the reason above, here are 7 expert tips to help you pick up the right men’s wallet for you:</em></strong></p>\n\n<h4><strong>Number 1: Choose A Neat Wallet</strong></h4>\n\n<p>The wallet is an essential accessory that you should go simple. Simplicity is the best in this case. A simple and neat wallet with the plain color and even <strong>minimalist style</strong> is versatile. It can be used for both formal and casual events. In addition, that wallet will go well with most of the clothes in your wardrobe.</p>\n\n<p>Keep in mind that a wallet will tell other people about your personality and your fashion sense as much as other clothes you put on. Hence, don’t go cheesy on your wallet or else people will think that you have a funny and particular style.</p>\n\n<p style=\"text-align:center;\"><img alt=\"f5\" src=\"/storage/news/2.jpg\"></p>\n\n<p><br>\n </p>\n<hr>\n<h4><strong>Number 2: Choose The Right Size For Your Wallet</strong></h4>\n\n<p>You should avoid having an over-sized wallet. Don’t think that you need to buy a big wallet because you have a lot to carry with you. In addition, a fat wallet is very ugly. It will make it harder for you to slide the wallet into your trousers’ pocket. In addition, it will create a bulge and ruin your look.</p>\n\n<p>Before you go on to buy a new wallet, clean out your wallet and place all of the items from your wallet on a table. Throw away things that you would never need any more such as the old bills or the expired gift cards. Remember to check your wallet on a frequent basis to get rid of all of the old stuff that you don’t need anymore.</p>\n\n<p style=\"text-align:center;\"><img alt=\"f1\" src=\"/storage/news/3.jpg\"></p>\n\n<p><br>\n </p>\n\n<hr>\n<h4><strong>Number 3: Don’t Limit Your Options Of Materials</strong></h4>\n\n<p>The types and designs of wallets are not the only things that you should consider when you go out searching for your best wallet. You have more than 1 option of material rather than leather to choose from as well.</p>\n\n<p>You can experiment with other available options such as cotton, polyester and canvas. They all have their own pros and cons. As a result, they will be suitable for different needs and requirements. You should think about them all in order to choose the material which you would like the most.</p>\n\n<p style=\"text-align:center;\"><img alt=\"f6\" height=\"375\" src=\"/storage/news/4.jpg\"></p>\n\n<p><br>\n </p>\n\n<hr>\n<h4><strong>Number 4: Consider A Wallet As A Long Term Investment</strong></h4>\n\n<p>Your wallet is indeed an investment that you should consider spending a decent amount of time and effort on it. Another factor that you need to consider is how much you want to spend on your wallet. The price ranges of wallets on the market vary a great deal. You can find a wallet which is as cheap as about 5 to 7 dollars. On the other hand, you should expect to pay around 250 to 300 dollars for a high-quality wallet.</p>\n\n<p>In case you need a wallet to use for a long time, it is a good idea that you should invest a decent amount of money on a wallet. A high quality wallet from a reputational brand with the premium quality such as cowhide leather will last for a long time. In addition, it is an accessory to show off your fashion sense and your social status.</p>\n\n<p style=\"text-align:center;\"><img alt=\"f2\" height=\"400\" src=\"/storage/news/5.jpg\"></p>\n\n<p> </p>\n','published',1,'Botble\\ACL\\Models\\User',1,'news/3.jpg',606,NULL,'2023-01-04 01:10:56','2023-01-04 01:10:56'),(4,'How to Match the Color of Your Handbag With an Outfit','You should pay more attention when you choose your wallets. There are a lot of them on the market with the different designs and styles. When you choose carefully, you would be able to buy a wallet that is catered to your needs. Not to mention that it will help to enhance your style significantly.','<p>I have seen many people underestimating the power of their wallets. To them, they are just a functional item they use to carry. As a result, they often end up with the wallets which are not really suitable for them.</p>\n\n<p>You should pay more attention when you choose your wallets. There are a lot of them on the market with the different designs and styles. When you choose carefully, you would be able to buy a wallet that is catered to your needs. Not to mention that it will help to enhance your style significantly.</p>\n\n<p style=\"text-align:center;\"><img alt=\"f4\" src=\"/storage/news/1.jpg\"></p>\n\n<p><br>\n </p>\n\n<p><strong><em>For all of the reason above, here are 7 expert tips to help you pick up the right men’s wallet for you:</em></strong></p>\n\n<h4><strong>Number 1: Choose A Neat Wallet</strong></h4>\n\n<p>The wallet is an essential accessory that you should go simple. Simplicity is the best in this case. A simple and neat wallet with the plain color and even <strong>minimalist style</strong> is versatile. It can be used for both formal and casual events. In addition, that wallet will go well with most of the clothes in your wardrobe.</p>\n\n<p>Keep in mind that a wallet will tell other people about your personality and your fashion sense as much as other clothes you put on. Hence, don’t go cheesy on your wallet or else people will think that you have a funny and particular style.</p>\n\n<p style=\"text-align:center;\"><img alt=\"f5\" src=\"/storage/news/2.jpg\"></p>\n\n<p><br>\n </p>\n<hr>\n<h4><strong>Number 2: Choose The Right Size For Your Wallet</strong></h4>\n\n<p>You should avoid having an over-sized wallet. Don’t think that you need to buy a big wallet because you have a lot to carry with you. In addition, a fat wallet is very ugly. It will make it harder for you to slide the wallet into your trousers’ pocket. In addition, it will create a bulge and ruin your look.</p>\n\n<p>Before you go on to buy a new wallet, clean out your wallet and place all of the items from your wallet on a table. Throw away things that you would never need any more such as the old bills or the expired gift cards. Remember to check your wallet on a frequent basis to get rid of all of the old stuff that you don’t need anymore.</p>\n\n<p style=\"text-align:center;\"><img alt=\"f1\" src=\"/storage/news/3.jpg\"></p>\n\n<p><br>\n </p>\n\n<hr>\n<h4><strong>Number 3: Don’t Limit Your Options Of Materials</strong></h4>\n\n<p>The types and designs of wallets are not the only things that you should consider when you go out searching for your best wallet. You have more than 1 option of material rather than leather to choose from as well.</p>\n\n<p>You can experiment with other available options such as cotton, polyester and canvas. They all have their own pros and cons. As a result, they will be suitable for different needs and requirements. You should think about them all in order to choose the material which you would like the most.</p>\n\n<p style=\"text-align:center;\"><img alt=\"f6\" height=\"375\" src=\"/storage/news/4.jpg\"></p>\n\n<p><br>\n </p>\n\n<hr>\n<h4><strong>Number 4: Consider A Wallet As A Long Term Investment</strong></h4>\n\n<p>Your wallet is indeed an investment that you should consider spending a decent amount of time and effort on it. Another factor that you need to consider is how much you want to spend on your wallet. The price ranges of wallets on the market vary a great deal. You can find a wallet which is as cheap as about 5 to 7 dollars. On the other hand, you should expect to pay around 250 to 300 dollars for a high-quality wallet.</p>\n\n<p>In case you need a wallet to use for a long time, it is a good idea that you should invest a decent amount of money on a wallet. A high quality wallet from a reputational brand with the premium quality such as cowhide leather will last for a long time. In addition, it is an accessory to show off your fashion sense and your social status.</p>\n\n<p style=\"text-align:center;\"><img alt=\"f2\" height=\"400\" src=\"/storage/news/5.jpg\"></p>\n\n<p> </p>\n','published',1,'Botble\\ACL\\Models\\User',1,'news/4.jpg',2092,NULL,'2023-01-04 01:10:56','2023-01-04 01:10:56'),(5,'How to Care for Leather Bags','You should pay more attention when you choose your wallets. There are a lot of them on the market with the different designs and styles. When you choose carefully, you would be able to buy a wallet that is catered to your needs. Not to mention that it will help to enhance your style significantly.','<p>I have seen many people underestimating the power of their wallets. To them, they are just a functional item they use to carry. As a result, they often end up with the wallets which are not really suitable for them.</p>\n\n<p>You should pay more attention when you choose your wallets. There are a lot of them on the market with the different designs and styles. When you choose carefully, you would be able to buy a wallet that is catered to your needs. Not to mention that it will help to enhance your style significantly.</p>\n\n<p style=\"text-align:center;\"><img alt=\"f4\" src=\"/storage/news/1.jpg\"></p>\n\n<p><br>\n </p>\n\n<p><strong><em>For all of the reason above, here are 7 expert tips to help you pick up the right men’s wallet for you:</em></strong></p>\n\n<h4><strong>Number 1: Choose A Neat Wallet</strong></h4>\n\n<p>The wallet is an essential accessory that you should go simple. Simplicity is the best in this case. A simple and neat wallet with the plain color and even <strong>minimalist style</strong> is versatile. It can be used for both formal and casual events. In addition, that wallet will go well with most of the clothes in your wardrobe.</p>\n\n<p>Keep in mind that a wallet will tell other people about your personality and your fashion sense as much as other clothes you put on. Hence, don’t go cheesy on your wallet or else people will think that you have a funny and particular style.</p>\n\n<p style=\"text-align:center;\"><img alt=\"f5\" src=\"/storage/news/2.jpg\"></p>\n\n<p><br>\n </p>\n<hr>\n<h4><strong>Number 2: Choose The Right Size For Your Wallet</strong></h4>\n\n<p>You should avoid having an over-sized wallet. Don’t think that you need to buy a big wallet because you have a lot to carry with you. In addition, a fat wallet is very ugly. It will make it harder for you to slide the wallet into your trousers’ pocket. In addition, it will create a bulge and ruin your look.</p>\n\n<p>Before you go on to buy a new wallet, clean out your wallet and place all of the items from your wallet on a table. Throw away things that you would never need any more such as the old bills or the expired gift cards. Remember to check your wallet on a frequent basis to get rid of all of the old stuff that you don’t need anymore.</p>\n\n<p style=\"text-align:center;\"><img alt=\"f1\" src=\"/storage/news/3.jpg\"></p>\n\n<p><br>\n </p>\n\n<hr>\n<h4><strong>Number 3: Don’t Limit Your Options Of Materials</strong></h4>\n\n<p>The types and designs of wallets are not the only things that you should consider when you go out searching for your best wallet. You have more than 1 option of material rather than leather to choose from as well.</p>\n\n<p>You can experiment with other available options such as cotton, polyester and canvas. They all have their own pros and cons. As a result, they will be suitable for different needs and requirements. You should think about them all in order to choose the material which you would like the most.</p>\n\n<p style=\"text-align:center;\"><img alt=\"f6\" height=\"375\" src=\"/storage/news/4.jpg\"></p>\n\n<p><br>\n </p>\n\n<hr>\n<h4><strong>Number 4: Consider A Wallet As A Long Term Investment</strong></h4>\n\n<p>Your wallet is indeed an investment that you should consider spending a decent amount of time and effort on it. Another factor that you need to consider is how much you want to spend on your wallet. The price ranges of wallets on the market vary a great deal. You can find a wallet which is as cheap as about 5 to 7 dollars. On the other hand, you should expect to pay around 250 to 300 dollars for a high-quality wallet.</p>\n\n<p>In case you need a wallet to use for a long time, it is a good idea that you should invest a decent amount of money on a wallet. A high quality wallet from a reputational brand with the premium quality such as cowhide leather will last for a long time. In addition, it is an accessory to show off your fashion sense and your social status.</p>\n\n<p style=\"text-align:center;\"><img alt=\"f2\" height=\"400\" src=\"/storage/news/5.jpg\"></p>\n\n<p> </p>\n','published',1,'Botble\\ACL\\Models\\User',1,'news/5.jpg',1592,NULL,'2023-01-04 01:10:56','2023-01-04 01:10:56'),(6,'We\'re Crushing Hard on Summer\'s 10 Biggest Bag Trends','You should pay more attention when you choose your wallets. There are a lot of them on the market with the different designs and styles. When you choose carefully, you would be able to buy a wallet that is catered to your needs. Not to mention that it will help to enhance your style significantly.','<p>I have seen many people underestimating the power of their wallets. To them, they are just a functional item they use to carry. As a result, they often end up with the wallets which are not really suitable for them.</p>\n\n<p>You should pay more attention when you choose your wallets. There are a lot of them on the market with the different designs and styles. When you choose carefully, you would be able to buy a wallet that is catered to your needs. Not to mention that it will help to enhance your style significantly.</p>\n\n<p style=\"text-align:center;\"><img alt=\"f4\" src=\"/storage/news/1.jpg\"></p>\n\n<p><br>\n </p>\n\n<p><strong><em>For all of the reason above, here are 7 expert tips to help you pick up the right men’s wallet for you:</em></strong></p>\n\n<h4><strong>Number 1: Choose A Neat Wallet</strong></h4>\n\n<p>The wallet is an essential accessory that you should go simple. Simplicity is the best in this case. A simple and neat wallet with the plain color and even <strong>minimalist style</strong> is versatile. It can be used for both formal and casual events. In addition, that wallet will go well with most of the clothes in your wardrobe.</p>\n\n<p>Keep in mind that a wallet will tell other people about your personality and your fashion sense as much as other clothes you put on. Hence, don’t go cheesy on your wallet or else people will think that you have a funny and particular style.</p>\n\n<p style=\"text-align:center;\"><img alt=\"f5\" src=\"/storage/news/2.jpg\"></p>\n\n<p><br>\n </p>\n<hr>\n<h4><strong>Number 2: Choose The Right Size For Your Wallet</strong></h4>\n\n<p>You should avoid having an over-sized wallet. Don’t think that you need to buy a big wallet because you have a lot to carry with you. In addition, a fat wallet is very ugly. It will make it harder for you to slide the wallet into your trousers’ pocket. In addition, it will create a bulge and ruin your look.</p>\n\n<p>Before you go on to buy a new wallet, clean out your wallet and place all of the items from your wallet on a table. Throw away things that you would never need any more such as the old bills or the expired gift cards. Remember to check your wallet on a frequent basis to get rid of all of the old stuff that you don’t need anymore.</p>\n\n<p style=\"text-align:center;\"><img alt=\"f1\" src=\"/storage/news/3.jpg\"></p>\n\n<p><br>\n </p>\n\n<hr>\n<h4><strong>Number 3: Don’t Limit Your Options Of Materials</strong></h4>\n\n<p>The types and designs of wallets are not the only things that you should consider when you go out searching for your best wallet. You have more than 1 option of material rather than leather to choose from as well.</p>\n\n<p>You can experiment with other available options such as cotton, polyester and canvas. They all have their own pros and cons. As a result, they will be suitable for different needs and requirements. You should think about them all in order to choose the material which you would like the most.</p>\n\n<p style=\"text-align:center;\"><img alt=\"f6\" height=\"375\" src=\"/storage/news/4.jpg\"></p>\n\n<p><br>\n </p>\n\n<hr>\n<h4><strong>Number 4: Consider A Wallet As A Long Term Investment</strong></h4>\n\n<p>Your wallet is indeed an investment that you should consider spending a decent amount of time and effort on it. Another factor that you need to consider is how much you want to spend on your wallet. The price ranges of wallets on the market vary a great deal. You can find a wallet which is as cheap as about 5 to 7 dollars. On the other hand, you should expect to pay around 250 to 300 dollars for a high-quality wallet.</p>\n\n<p>In case you need a wallet to use for a long time, it is a good idea that you should invest a decent amount of money on a wallet. A high quality wallet from a reputational brand with the premium quality such as cowhide leather will last for a long time. In addition, it is an accessory to show off your fashion sense and your social status.</p>\n\n<p style=\"text-align:center;\"><img alt=\"f2\" height=\"400\" src=\"/storage/news/5.jpg\"></p>\n\n<p> </p>\n','published',1,'Botble\\ACL\\Models\\User',1,'news/6.jpg',1380,NULL,'2023-01-04 01:10:56','2023-01-04 01:10:56'),(7,'Essential Qualities of Highly Successful Music','You should pay more attention when you choose your wallets. There are a lot of them on the market with the different designs and styles. When you choose carefully, you would be able to buy a wallet that is catered to your needs. Not to mention that it will help to enhance your style significantly.','<p>I have seen many people underestimating the power of their wallets. To them, they are just a functional item they use to carry. As a result, they often end up with the wallets which are not really suitable for them.</p>\n\n<p>You should pay more attention when you choose your wallets. There are a lot of them on the market with the different designs and styles. When you choose carefully, you would be able to buy a wallet that is catered to your needs. Not to mention that it will help to enhance your style significantly.</p>\n\n<p style=\"text-align:center;\"><img alt=\"f4\" src=\"/storage/news/1.jpg\"></p>\n\n<p><br>\n </p>\n\n<p><strong><em>For all of the reason above, here are 7 expert tips to help you pick up the right men’s wallet for you:</em></strong></p>\n\n<h4><strong>Number 1: Choose A Neat Wallet</strong></h4>\n\n<p>The wallet is an essential accessory that you should go simple. Simplicity is the best in this case. A simple and neat wallet with the plain color and even <strong>minimalist style</strong> is versatile. It can be used for both formal and casual events. In addition, that wallet will go well with most of the clothes in your wardrobe.</p>\n\n<p>Keep in mind that a wallet will tell other people about your personality and your fashion sense as much as other clothes you put on. Hence, don’t go cheesy on your wallet or else people will think that you have a funny and particular style.</p>\n\n<p style=\"text-align:center;\"><img alt=\"f5\" src=\"/storage/news/2.jpg\"></p>\n\n<p><br>\n </p>\n<hr>\n<h4><strong>Number 2: Choose The Right Size For Your Wallet</strong></h4>\n\n<p>You should avoid having an over-sized wallet. Don’t think that you need to buy a big wallet because you have a lot to carry with you. In addition, a fat wallet is very ugly. It will make it harder for you to slide the wallet into your trousers’ pocket. In addition, it will create a bulge and ruin your look.</p>\n\n<p>Before you go on to buy a new wallet, clean out your wallet and place all of the items from your wallet on a table. Throw away things that you would never need any more such as the old bills or the expired gift cards. Remember to check your wallet on a frequent basis to get rid of all of the old stuff that you don’t need anymore.</p>\n\n<p style=\"text-align:center;\"><img alt=\"f1\" src=\"/storage/news/3.jpg\"></p>\n\n<p><br>\n </p>\n\n<hr>\n<h4><strong>Number 3: Don’t Limit Your Options Of Materials</strong></h4>\n\n<p>The types and designs of wallets are not the only things that you should consider when you go out searching for your best wallet. You have more than 1 option of material rather than leather to choose from as well.</p>\n\n<p>You can experiment with other available options such as cotton, polyester and canvas. They all have their own pros and cons. As a result, they will be suitable for different needs and requirements. You should think about them all in order to choose the material which you would like the most.</p>\n\n<p style=\"text-align:center;\"><img alt=\"f6\" height=\"375\" src=\"/storage/news/4.jpg\"></p>\n\n<p><br>\n </p>\n\n<hr>\n<h4><strong>Number 4: Consider A Wallet As A Long Term Investment</strong></h4>\n\n<p>Your wallet is indeed an investment that you should consider spending a decent amount of time and effort on it. Another factor that you need to consider is how much you want to spend on your wallet. The price ranges of wallets on the market vary a great deal. You can find a wallet which is as cheap as about 5 to 7 dollars. On the other hand, you should expect to pay around 250 to 300 dollars for a high-quality wallet.</p>\n\n<p>In case you need a wallet to use for a long time, it is a good idea that you should invest a decent amount of money on a wallet. A high quality wallet from a reputational brand with the premium quality such as cowhide leather will last for a long time. In addition, it is an accessory to show off your fashion sense and your social status.</p>\n\n<p style=\"text-align:center;\"><img alt=\"f2\" height=\"400\" src=\"/storage/news/5.jpg\"></p>\n\n<p> </p>\n','published',1,'Botble\\ACL\\Models\\User',1,'news/7.jpg',183,NULL,'2023-01-04 01:10:56','2023-01-04 01:10:56'),(8,'9 Things I Love About Shaving My Head','You should pay more attention when you choose your wallets. There are a lot of them on the market with the different designs and styles. When you choose carefully, you would be able to buy a wallet that is catered to your needs. Not to mention that it will help to enhance your style significantly.','<p>I have seen many people underestimating the power of their wallets. To them, they are just a functional item they use to carry. As a result, they often end up with the wallets which are not really suitable for them.</p>\n\n<p>You should pay more attention when you choose your wallets. There are a lot of them on the market with the different designs and styles. When you choose carefully, you would be able to buy a wallet that is catered to your needs. Not to mention that it will help to enhance your style significantly.</p>\n\n<p style=\"text-align:center;\"><img alt=\"f4\" src=\"/storage/news/1.jpg\"></p>\n\n<p><br>\n </p>\n\n<p><strong><em>For all of the reason above, here are 7 expert tips to help you pick up the right men’s wallet for you:</em></strong></p>\n\n<h4><strong>Number 1: Choose A Neat Wallet</strong></h4>\n\n<p>The wallet is an essential accessory that you should go simple. Simplicity is the best in this case. A simple and neat wallet with the plain color and even <strong>minimalist style</strong> is versatile. It can be used for both formal and casual events. In addition, that wallet will go well with most of the clothes in your wardrobe.</p>\n\n<p>Keep in mind that a wallet will tell other people about your personality and your fashion sense as much as other clothes you put on. Hence, don’t go cheesy on your wallet or else people will think that you have a funny and particular style.</p>\n\n<p style=\"text-align:center;\"><img alt=\"f5\" src=\"/storage/news/2.jpg\"></p>\n\n<p><br>\n </p>\n<hr>\n<h4><strong>Number 2: Choose The Right Size For Your Wallet</strong></h4>\n\n<p>You should avoid having an over-sized wallet. Don’t think that you need to buy a big wallet because you have a lot to carry with you. In addition, a fat wallet is very ugly. It will make it harder for you to slide the wallet into your trousers’ pocket. In addition, it will create a bulge and ruin your look.</p>\n\n<p>Before you go on to buy a new wallet, clean out your wallet and place all of the items from your wallet on a table. Throw away things that you would never need any more such as the old bills or the expired gift cards. Remember to check your wallet on a frequent basis to get rid of all of the old stuff that you don’t need anymore.</p>\n\n<p style=\"text-align:center;\"><img alt=\"f1\" src=\"/storage/news/3.jpg\"></p>\n\n<p><br>\n </p>\n\n<hr>\n<h4><strong>Number 3: Don’t Limit Your Options Of Materials</strong></h4>\n\n<p>The types and designs of wallets are not the only things that you should consider when you go out searching for your best wallet. You have more than 1 option of material rather than leather to choose from as well.</p>\n\n<p>You can experiment with other available options such as cotton, polyester and canvas. They all have their own pros and cons. As a result, they will be suitable for different needs and requirements. You should think about them all in order to choose the material which you would like the most.</p>\n\n<p style=\"text-align:center;\"><img alt=\"f6\" height=\"375\" src=\"/storage/news/4.jpg\"></p>\n\n<p><br>\n </p>\n\n<hr>\n<h4><strong>Number 4: Consider A Wallet As A Long Term Investment</strong></h4>\n\n<p>Your wallet is indeed an investment that you should consider spending a decent amount of time and effort on it. Another factor that you need to consider is how much you want to spend on your wallet. The price ranges of wallets on the market vary a great deal. You can find a wallet which is as cheap as about 5 to 7 dollars. On the other hand, you should expect to pay around 250 to 300 dollars for a high-quality wallet.</p>\n\n<p>In case you need a wallet to use for a long time, it is a good idea that you should invest a decent amount of money on a wallet. A high quality wallet from a reputational brand with the premium quality such as cowhide leather will last for a long time. In addition, it is an accessory to show off your fashion sense and your social status.</p>\n\n<p style=\"text-align:center;\"><img alt=\"f2\" height=\"400\" src=\"/storage/news/5.jpg\"></p>\n\n<p> </p>\n','published',1,'Botble\\ACL\\Models\\User',1,'news/8.jpg',955,NULL,'2023-01-04 01:10:56','2023-01-04 01:10:56'),(9,'Why Teamwork Really Makes The Dream Work','You should pay more attention when you choose your wallets. There are a lot of them on the market with the different designs and styles. When you choose carefully, you would be able to buy a wallet that is catered to your needs. Not to mention that it will help to enhance your style significantly.','<p>I have seen many people underestimating the power of their wallets. To them, they are just a functional item they use to carry. As a result, they often end up with the wallets which are not really suitable for them.</p>\n\n<p>You should pay more attention when you choose your wallets. There are a lot of them on the market with the different designs and styles. When you choose carefully, you would be able to buy a wallet that is catered to your needs. Not to mention that it will help to enhance your style significantly.</p>\n\n<p style=\"text-align:center;\"><img alt=\"f4\" src=\"/storage/news/1.jpg\"></p>\n\n<p><br>\n </p>\n\n<p><strong><em>For all of the reason above, here are 7 expert tips to help you pick up the right men’s wallet for you:</em></strong></p>\n\n<h4><strong>Number 1: Choose A Neat Wallet</strong></h4>\n\n<p>The wallet is an essential accessory that you should go simple. Simplicity is the best in this case. A simple and neat wallet with the plain color and even <strong>minimalist style</strong> is versatile. It can be used for both formal and casual events. In addition, that wallet will go well with most of the clothes in your wardrobe.</p>\n\n<p>Keep in mind that a wallet will tell other people about your personality and your fashion sense as much as other clothes you put on. Hence, don’t go cheesy on your wallet or else people will think that you have a funny and particular style.</p>\n\n<p style=\"text-align:center;\"><img alt=\"f5\" src=\"/storage/news/2.jpg\"></p>\n\n<p><br>\n </p>\n<hr>\n<h4><strong>Number 2: Choose The Right Size For Your Wallet</strong></h4>\n\n<p>You should avoid having an over-sized wallet. Don’t think that you need to buy a big wallet because you have a lot to carry with you. In addition, a fat wallet is very ugly. It will make it harder for you to slide the wallet into your trousers’ pocket. In addition, it will create a bulge and ruin your look.</p>\n\n<p>Before you go on to buy a new wallet, clean out your wallet and place all of the items from your wallet on a table. Throw away things that you would never need any more such as the old bills or the expired gift cards. Remember to check your wallet on a frequent basis to get rid of all of the old stuff that you don’t need anymore.</p>\n\n<p style=\"text-align:center;\"><img alt=\"f1\" src=\"/storage/news/3.jpg\"></p>\n\n<p><br>\n </p>\n\n<hr>\n<h4><strong>Number 3: Don’t Limit Your Options Of Materials</strong></h4>\n\n<p>The types and designs of wallets are not the only things that you should consider when you go out searching for your best wallet. You have more than 1 option of material rather than leather to choose from as well.</p>\n\n<p>You can experiment with other available options such as cotton, polyester and canvas. They all have their own pros and cons. As a result, they will be suitable for different needs and requirements. You should think about them all in order to choose the material which you would like the most.</p>\n\n<p style=\"text-align:center;\"><img alt=\"f6\" height=\"375\" src=\"/storage/news/4.jpg\"></p>\n\n<p><br>\n </p>\n\n<hr>\n<h4><strong>Number 4: Consider A Wallet As A Long Term Investment</strong></h4>\n\n<p>Your wallet is indeed an investment that you should consider spending a decent amount of time and effort on it. Another factor that you need to consider is how much you want to spend on your wallet. The price ranges of wallets on the market vary a great deal. You can find a wallet which is as cheap as about 5 to 7 dollars. On the other hand, you should expect to pay around 250 to 300 dollars for a high-quality wallet.</p>\n\n<p>In case you need a wallet to use for a long time, it is a good idea that you should invest a decent amount of money on a wallet. A high quality wallet from a reputational brand with the premium quality such as cowhide leather will last for a long time. In addition, it is an accessory to show off your fashion sense and your social status.</p>\n\n<p style=\"text-align:center;\"><img alt=\"f2\" height=\"400\" src=\"/storage/news/5.jpg\"></p>\n\n<p> </p>\n','published',1,'Botble\\ACL\\Models\\User',1,'news/9.jpg',1711,NULL,'2023-01-04 01:10:56','2023-01-04 01:10:56'),(10,'The World Caters to Average People','You should pay more attention when you choose your wallets. There are a lot of them on the market with the different designs and styles. When you choose carefully, you would be able to buy a wallet that is catered to your needs. Not to mention that it will help to enhance your style significantly.','<p>I have seen many people underestimating the power of their wallets. To them, they are just a functional item they use to carry. As a result, they often end up with the wallets which are not really suitable for them.</p>\n\n<p>You should pay more attention when you choose your wallets. There are a lot of them on the market with the different designs and styles. When you choose carefully, you would be able to buy a wallet that is catered to your needs. Not to mention that it will help to enhance your style significantly.</p>\n\n<p style=\"text-align:center;\"><img alt=\"f4\" src=\"/storage/news/1.jpg\"></p>\n\n<p><br>\n </p>\n\n<p><strong><em>For all of the reason above, here are 7 expert tips to help you pick up the right men’s wallet for you:</em></strong></p>\n\n<h4><strong>Number 1: Choose A Neat Wallet</strong></h4>\n\n<p>The wallet is an essential accessory that you should go simple. Simplicity is the best in this case. A simple and neat wallet with the plain color and even <strong>minimalist style</strong> is versatile. It can be used for both formal and casual events. In addition, that wallet will go well with most of the clothes in your wardrobe.</p>\n\n<p>Keep in mind that a wallet will tell other people about your personality and your fashion sense as much as other clothes you put on. Hence, don’t go cheesy on your wallet or else people will think that you have a funny and particular style.</p>\n\n<p style=\"text-align:center;\"><img alt=\"f5\" src=\"/storage/news/2.jpg\"></p>\n\n<p><br>\n </p>\n<hr>\n<h4><strong>Number 2: Choose The Right Size For Your Wallet</strong></h4>\n\n<p>You should avoid having an over-sized wallet. Don’t think that you need to buy a big wallet because you have a lot to carry with you. In addition, a fat wallet is very ugly. It will make it harder for you to slide the wallet into your trousers’ pocket. In addition, it will create a bulge and ruin your look.</p>\n\n<p>Before you go on to buy a new wallet, clean out your wallet and place all of the items from your wallet on a table. Throw away things that you would never need any more such as the old bills or the expired gift cards. Remember to check your wallet on a frequent basis to get rid of all of the old stuff that you don’t need anymore.</p>\n\n<p style=\"text-align:center;\"><img alt=\"f1\" src=\"/storage/news/3.jpg\"></p>\n\n<p><br>\n </p>\n\n<hr>\n<h4><strong>Number 3: Don’t Limit Your Options Of Materials</strong></h4>\n\n<p>The types and designs of wallets are not the only things that you should consider when you go out searching for your best wallet. You have more than 1 option of material rather than leather to choose from as well.</p>\n\n<p>You can experiment with other available options such as cotton, polyester and canvas. They all have their own pros and cons. As a result, they will be suitable for different needs and requirements. You should think about them all in order to choose the material which you would like the most.</p>\n\n<p style=\"text-align:center;\"><img alt=\"f6\" height=\"375\" src=\"/storage/news/4.jpg\"></p>\n\n<p><br>\n </p>\n\n<hr>\n<h4><strong>Number 4: Consider A Wallet As A Long Term Investment</strong></h4>\n\n<p>Your wallet is indeed an investment that you should consider spending a decent amount of time and effort on it. Another factor that you need to consider is how much you want to spend on your wallet. The price ranges of wallets on the market vary a great deal. You can find a wallet which is as cheap as about 5 to 7 dollars. On the other hand, you should expect to pay around 250 to 300 dollars for a high-quality wallet.</p>\n\n<p>In case you need a wallet to use for a long time, it is a good idea that you should invest a decent amount of money on a wallet. A high quality wallet from a reputational brand with the premium quality such as cowhide leather will last for a long time. In addition, it is an accessory to show off your fashion sense and your social status.</p>\n\n<p style=\"text-align:center;\"><img alt=\"f2\" height=\"400\" src=\"/storage/news/5.jpg\"></p>\n\n<p> </p>\n','published',1,'Botble\\ACL\\Models\\User',1,'news/10.jpg',794,NULL,'2023-01-04 01:10:56','2023-01-04 01:10:56'),(11,'The litigants on the screen are not actors','You should pay more attention when you choose your wallets. There are a lot of them on the market with the different designs and styles. When you choose carefully, you would be able to buy a wallet that is catered to your needs. Not to mention that it will help to enhance your style significantly.','<p>I have seen many people underestimating the power of their wallets. To them, they are just a functional item they use to carry. As a result, they often end up with the wallets which are not really suitable for them.</p>\n\n<p>You should pay more attention when you choose your wallets. There are a lot of them on the market with the different designs and styles. When you choose carefully, you would be able to buy a wallet that is catered to your needs. Not to mention that it will help to enhance your style significantly.</p>\n\n<p style=\"text-align:center;\"><img alt=\"f4\" src=\"/storage/news/1.jpg\"></p>\n\n<p><br>\n </p>\n\n<p><strong><em>For all of the reason above, here are 7 expert tips to help you pick up the right men’s wallet for you:</em></strong></p>\n\n<h4><strong>Number 1: Choose A Neat Wallet</strong></h4>\n\n<p>The wallet is an essential accessory that you should go simple. Simplicity is the best in this case. A simple and neat wallet with the plain color and even <strong>minimalist style</strong> is versatile. It can be used for both formal and casual events. In addition, that wallet will go well with most of the clothes in your wardrobe.</p>\n\n<p>Keep in mind that a wallet will tell other people about your personality and your fashion sense as much as other clothes you put on. Hence, don’t go cheesy on your wallet or else people will think that you have a funny and particular style.</p>\n\n<p style=\"text-align:center;\"><img alt=\"f5\" src=\"/storage/news/2.jpg\"></p>\n\n<p><br>\n </p>\n<hr>\n<h4><strong>Number 2: Choose The Right Size For Your Wallet</strong></h4>\n\n<p>You should avoid having an over-sized wallet. Don’t think that you need to buy a big wallet because you have a lot to carry with you. In addition, a fat wallet is very ugly. It will make it harder for you to slide the wallet into your trousers’ pocket. In addition, it will create a bulge and ruin your look.</p>\n\n<p>Before you go on to buy a new wallet, clean out your wallet and place all of the items from your wallet on a table. Throw away things that you would never need any more such as the old bills or the expired gift cards. Remember to check your wallet on a frequent basis to get rid of all of the old stuff that you don’t need anymore.</p>\n\n<p style=\"text-align:center;\"><img alt=\"f1\" src=\"/storage/news/3.jpg\"></p>\n\n<p><br>\n </p>\n\n<hr>\n<h4><strong>Number 3: Don’t Limit Your Options Of Materials</strong></h4>\n\n<p>The types and designs of wallets are not the only things that you should consider when you go out searching for your best wallet. You have more than 1 option of material rather than leather to choose from as well.</p>\n\n<p>You can experiment with other available options such as cotton, polyester and canvas. They all have their own pros and cons. As a result, they will be suitable for different needs and requirements. You should think about them all in order to choose the material which you would like the most.</p>\n\n<p style=\"text-align:center;\"><img alt=\"f6\" height=\"375\" src=\"/storage/news/4.jpg\"></p>\n\n<p><br>\n </p>\n\n<hr>\n<h4><strong>Number 4: Consider A Wallet As A Long Term Investment</strong></h4>\n\n<p>Your wallet is indeed an investment that you should consider spending a decent amount of time and effort on it. Another factor that you need to consider is how much you want to spend on your wallet. The price ranges of wallets on the market vary a great deal. You can find a wallet which is as cheap as about 5 to 7 dollars. On the other hand, you should expect to pay around 250 to 300 dollars for a high-quality wallet.</p>\n\n<p>In case you need a wallet to use for a long time, it is a good idea that you should invest a decent amount of money on a wallet. A high quality wallet from a reputational brand with the premium quality such as cowhide leather will last for a long time. In addition, it is an accessory to show off your fashion sense and your social status.</p>\n\n<p style=\"text-align:center;\"><img alt=\"f2\" height=\"400\" src=\"/storage/news/5.jpg\"></p>\n\n<p> </p>\n','published',1,'Botble\\ACL\\Models\\User',0,'news/11.jpg',1134,NULL,'2023-01-04 01:10:56','2023-01-04 01:10:56');
/*!40000 ALTER TABLE `posts` ENABLE KEYS */;
UNLOCK TABLES;

--
-- Table structure for table `posts_translations`
--

DROP TABLE IF EXISTS `posts_translations`;
/*!40101 SET @saved_cs_client     = @@character_set_client */;
/*!50503 SET character_set_client = utf8mb4 */;
CREATE TABLE `posts_translations` (
  `lang_code` varchar(191) COLLATE utf8mb4_unicode_ci NOT NULL,
  `posts_id` int NOT NULL,
  `name` varchar(255) COLLATE utf8mb4_unicode_ci DEFAULT NULL,
  `description` varchar(400) COLLATE utf8mb4_unicode_ci DEFAULT NULL,
  `content` longtext COLLATE utf8mb4_unicode_ci,
  PRIMARY KEY (`lang_code`,`posts_id`)
) ENGINE=InnoDB DEFAULT CHARSET=utf8mb4 COLLATE=utf8mb4_unicode_ci;
/*!40101 SET character_set_client = @saved_cs_client */;

--
-- Dumping data for table `posts_translations`
--

LOCK TABLES `posts_translations` WRITE;
/*!40000 ALTER TABLE `posts_translations` DISABLE KEYS */;
INSERT INTO `posts_translations` VALUES ('vi',1,'4 L?i khuyên c?a Chuyên gia v? C?ch Ch?n V? Nam Phù h?p','B?n nên ch? ? h?n khi ch?n v?. C? r?t nhi?u trong s? ch?ng trên th? tr??ng v?i c?c m?u m? và phong c?ch kh?c nhau. Khi b?n l?a ch?n c?n th?n, b?n s? c? th? mua m?t chi?c v? phù h?p v?i nhu c?u c?a b?n. Ch?a k? n? s? gi?p nâng t?m phong c?ch c?a b?n m?t c?ch ??ng k?.','<p>I have seen many people underestimating the power of their wallets. To them, they are just a functional item they use to carry. As a result, they often end up with the wallets which are not really suitable for them.</p>\n\n<p>You should pay more attention when you choose your wallets. There are a lot of them on the market with the different designs and styles. When you choose carefully, you would be able to buy a wallet that is catered to your needs. Not to mention that it will help to enhance your style significantly.</p>\n\n<p style=\"text-align:center;\"><img alt=\"f4\" src=\"/storage/news/1.jpg\"></p>\n\n<p><br>\n </p>\n\n<p><strong><em>For all of the reason above, here are 7 expert tips to help you pick up the right men’s wallet for you:</em></strong></p>\n\n<h4><strong>Number 1: Choose A Neat Wallet</strong></h4>\n\n<p>The wallet is an essential accessory that you should go simple. Simplicity is the best in this case. A simple and neat wallet with the plain color and even <strong>minimalist style</strong> is versatile. It can be used for both formal and casual events. In addition, that wallet will go well with most of the clothes in your wardrobe.</p>\n\n<p>Keep in mind that a wallet will tell other people about your personality and your fashion sense as much as other clothes you put on. Hence, don’t go cheesy on your wallet or else people will think that you have a funny and particular style.</p>\n\n<p style=\"text-align:center;\"><img alt=\"f5\" src=\"/storage/news/2.jpg\"></p>\n\n<p><br>\n </p>\n<hr>\n<h4><strong>Number 2: Choose The Right Size For Your Wallet</strong></h4>\n\n<p>You should avoid having an over-sized wallet. Don’t think that you need to buy a big wallet because you have a lot to carry with you. In addition, a fat wallet is very ugly. It will make it harder for you to slide the wallet into your trousers’ pocket. In addition, it will create a bulge and ruin your look.</p>\n\n<p>Before you go on to buy a new wallet, clean out your wallet and place all of the items from your wallet on a table. Throw away things that you would never need any more such as the old bills or the expired gift cards. Remember to check your wallet on a frequent basis to get rid of all of the old stuff that you don’t need anymore.</p>\n\n<p style=\"text-align:center;\"><img alt=\"f1\" src=\"/storage/news/3.jpg\"></p>\n\n<p><br>\n </p>\n\n<hr>\n<h4><strong>Number 3: Don’t Limit Your Options Of Materials</strong></h4>\n\n<p>The types and designs of wallets are not the only things that you should consider when you go out searching for your best wallet. You have more than 1 option of material rather than leather to choose from as well.</p>\n\n<p>You can experiment with other available options such as cotton, polyester and canvas. They all have their own pros and cons. As a result, they will be suitable for different needs and requirements. You should think about them all in order to choose the material which you would like the most.</p>\n\n<p style=\"text-align:center;\"><img alt=\"f6\" height=\"375\" src=\"/storage/news/4.jpg\"></p>\n\n<p><br>\n </p>\n\n<hr>\n<h4><strong>Number 4: Consider A Wallet As A Long Term Investment</strong></h4>\n\n<p>Your wallet is indeed an investment that you should consider spending a decent amount of time and effort on it. Another factor that you need to consider is how much you want to spend on your wallet. The price ranges of wallets on the market vary a great deal. You can find a wallet which is as cheap as about 5 to 7 dollars. On the other hand, you should expect to pay around 250 to 300 dollars for a high-quality wallet.</p>\n\n<p>In case you need a wallet to use for a long time, it is a good idea that you should invest a decent amount of money on a wallet. A high quality wallet from a reputational brand with the premium quality such as cowhide leather will last for a long time. In addition, it is an accessory to show off your fashion sense and your social status.</p>\n\n<p style=\"text-align:center;\"><img alt=\"f2\" height=\"400\" src=\"/storage/news/5.jpg\"></p>\n\n<p> </p>\n'),('vi',2,'Sexy Clutches: C?ch Mua & ?eo T?i Clutch Thi?t k?','B?n nên ch? ? h?n khi ch?n v?. C? r?t nhi?u trong s? ch?ng trên th? tr??ng v?i c?c m?u m? và phong c?ch kh?c nhau. Khi b?n l?a ch?n c?n th?n, b?n s? c? th? mua m?t chi?c v? phù h?p v?i nhu c?u c?a b?n. Ch?a k? n? s? gi?p nâng t?m phong c?ch c?a b?n m?t c?ch ??ng k?.','<p>I have seen many people underestimating the power of their wallets. To them, they are just a functional item they use to carry. As a result, they often end up with the wallets which are not really suitable for them.</p>\n\n<p>You should pay more attention when you choose your wallets. There are a lot of them on the market with the different designs and styles. When you choose carefully, you would be able to buy a wallet that is catered to your needs. Not to mention that it will help to enhance your style significantly.</p>\n\n<p style=\"text-align:center;\"><img alt=\"f4\" src=\"/storage/news/1.jpg\"></p>\n\n<p><br>\n </p>\n\n<p><strong><em>For all of the reason above, here are 7 expert tips to help you pick up the right men’s wallet for you:</em></strong></p>\n\n<h4><strong>Number 1: Choose A Neat Wallet</strong></h4>\n\n<p>The wallet is an essential accessory that you should go simple. Simplicity is the best in this case. A simple and neat wallet with the plain color and even <strong>minimalist style</strong> is versatile. It can be used for both formal and casual events. In addition, that wallet will go well with most of the clothes in your wardrobe.</p>\n\n<p>Keep in mind that a wallet will tell other people about your personality and your fashion sense as much as other clothes you put on. Hence, don’t go cheesy on your wallet or else people will think that you have a funny and particular style.</p>\n\n<p style=\"text-align:center;\"><img alt=\"f5\" src=\"/storage/news/2.jpg\"></p>\n\n<p><br>\n </p>\n<hr>\n<h4><strong>Number 2: Choose The Right Size For Your Wallet</strong></h4>\n\n<p>You should avoid having an over-sized wallet. Don’t think that you need to buy a big wallet because you have a lot to carry with you. In addition, a fat wallet is very ugly. It will make it harder for you to slide the wallet into your trousers’ pocket. In addition, it will create a bulge and ruin your look.</p>\n\n<p>Before you go on to buy a new wallet, clean out your wallet and place all of the items from your wallet on a table. Throw away things that you would never need any more such as the old bills or the expired gift cards. Remember to check your wallet on a frequent basis to get rid of all of the old stuff that you don’t need anymore.</p>\n\n<p style=\"text-align:center;\"><img alt=\"f1\" src=\"/storage/news/3.jpg\"></p>\n\n<p><br>\n </p>\n\n<hr>\n<h4><strong>Number 3: Don’t Limit Your Options Of Materials</strong></h4>\n\n<p>The types and designs of wallets are not the only things that you should consider when you go out searching for your best wallet. You have more than 1 option of material rather than leather to choose from as well.</p>\n\n<p>You can experiment with other available options such as cotton, polyester and canvas. They all have their own pros and cons. As a result, they will be suitable for different needs and requirements. You should think about them all in order to choose the material which you would like the most.</p>\n\n<p style=\"text-align:center;\"><img alt=\"f6\" height=\"375\" src=\"/storage/news/4.jpg\"></p>\n\n<p><br>\n </p>\n\n<hr>\n<h4><strong>Number 4: Consider A Wallet As A Long Term Investment</strong></h4>\n\n<p>Your wallet is indeed an investment that you should consider spending a decent amount of time and effort on it. Another factor that you need to consider is how much you want to spend on your wallet. The price ranges of wallets on the market vary a great deal. You can find a wallet which is as cheap as about 5 to 7 dollars. On the other hand, you should expect to pay around 250 to 300 dollars for a high-quality wallet.</p>\n\n<p>In case you need a wallet to use for a long time, it is a good idea that you should invest a decent amount of money on a wallet. A high quality wallet from a reputational brand with the premium quality such as cowhide leather will last for a long time. In addition, it is an accessory to show off your fashion sense and your social status.</p>\n\n<p style=\"text-align:center;\"><img alt=\"f2\" height=\"400\" src=\"/storage/news/5.jpg\"></p>\n\n<p> </p>\n'),('vi',3,'Xu h??ng t?i x?ch hàng ??u n?m 2020 c?n bi?t','B?n nên ch? ? h?n khi ch?n v?. C? r?t nhi?u trong s? ch?ng trên th? tr??ng v?i c?c m?u m? và phong c?ch kh?c nhau. Khi b?n l?a ch?n c?n th?n, b?n s? c? th? mua m?t chi?c v? phù h?p v?i nhu c?u c?a b?n. Ch?a k? n? s? gi?p nâng t?m phong c?ch c?a b?n m?t c?ch ??ng k?.','<p>I have seen many people underestimating the power of their wallets. To them, they are just a functional item they use to carry. As a result, they often end up with the wallets which are not really suitable for them.</p>\n\n<p>You should pay more attention when you choose your wallets. There are a lot of them on the market with the different designs and styles. When you choose carefully, you would be able to buy a wallet that is catered to your needs. Not to mention that it will help to enhance your style significantly.</p>\n\n<p style=\"text-align:center;\"><img alt=\"f4\" src=\"/storage/news/1.jpg\"></p>\n\n<p><br>\n </p>\n\n<p><strong><em>For all of the reason above, here are 7 expert tips to help you pick up the right men’s wallet for you:</em></strong></p>\n\n<h4><strong>Number 1: Choose A Neat Wallet</strong></h4>\n\n<p>The wallet is an essential accessory that you should go simple. Simplicity is the best in this case. A simple and neat wallet with the plain color and even <strong>minimalist style</strong> is versatile. It can be used for both formal and casual events. In addition, that wallet will go well with most of the clothes in your wardrobe.</p>\n\n<p>Keep in mind that a wallet will tell other people about your personality and your fashion sense as much as other clothes you put on. Hence, don’t go cheesy on your wallet or else people will think that you have a funny and particular style.</p>\n\n<p style=\"text-align:center;\"><img alt=\"f5\" src=\"/storage/news/2.jpg\"></p>\n\n<p><br>\n </p>\n<hr>\n<h4><strong>Number 2: Choose The Right Size For Your Wallet</strong></h4>\n\n<p>You should avoid having an over-sized wallet. Don’t think that you need to buy a big wallet because you have a lot to carry with you. In addition, a fat wallet is very ugly. It will make it harder for you to slide the wallet into your trousers’ pocket. In addition, it will create a bulge and ruin your look.</p>\n\n<p>Before you go on to buy a new wallet, clean out your wallet and place all of the items from your wallet on a table. Throw away things that you would never need any more such as the old bills or the expired gift cards. Remember to check your wallet on a frequent basis to get rid of all of the old stuff that you don’t need anymore.</p>\n\n<p style=\"text-align:center;\"><img alt=\"f1\" src=\"/storage/news/3.jpg\"></p>\n\n<p><br>\n </p>\n\n<hr>\n<h4><strong>Number 3: Don’t Limit Your Options Of Materials</strong></h4>\n\n<p>The types and designs of wallets are not the only things that you should consider when you go out searching for your best wallet. You have more than 1 option of material rather than leather to choose from as well.</p>\n\n<p>You can experiment with other available options such as cotton, polyester and canvas. They all have their own pros and cons. As a result, they will be suitable for different needs and requirements. You should think about them all in order to choose the material which you would like the most.</p>\n\n<p style=\"text-align:center;\"><img alt=\"f6\" height=\"375\" src=\"/storage/news/4.jpg\"></p>\n\n<p><br>\n </p>\n\n<hr>\n<h4><strong>Number 4: Consider A Wallet As A Long Term Investment</strong></h4>\n\n<p>Your wallet is indeed an investment that you should consider spending a decent amount of time and effort on it. Another factor that you need to consider is how much you want to spend on your wallet. The price ranges of wallets on the market vary a great deal. You can find a wallet which is as cheap as about 5 to 7 dollars. On the other hand, you should expect to pay around 250 to 300 dollars for a high-quality wallet.</p>\n\n<p>In case you need a wallet to use for a long time, it is a good idea that you should invest a decent amount of money on a wallet. A high quality wallet from a reputational brand with the premium quality such as cowhide leather will last for a long time. In addition, it is an accessory to show off your fashion sense and your social status.</p>\n\n<p style=\"text-align:center;\"><img alt=\"f2\" height=\"400\" src=\"/storage/news/5.jpg\"></p>\n\n<p> </p>\n'),('vi',4,'C?ch Ph?i Màu T?i X?ch C?a B?n V?i Trang Ph?c','B?n nên ch? ? h?n khi ch?n v?. C? r?t nhi?u trong s? ch?ng trên th? tr??ng v?i c?c m?u m? và phong c?ch kh?c nhau. Khi b?n l?a ch?n c?n th?n, b?n s? c? th? mua m?t chi?c v? phù h?p v?i nhu c?u c?a b?n. Ch?a k? n? s? gi?p nâng t?m phong c?ch c?a b?n m?t c?ch ??ng k?.','<p>I have seen many people underestimating the power of their wallets. To them, they are just a functional item they use to carry. As a result, they often end up with the wallets which are not really suitable for them.</p>\n\n<p>You should pay more attention when you choose your wallets. There are a lot of them on the market with the different designs and styles. When you choose carefully, you would be able to buy a wallet that is catered to your needs. Not to mention that it will help to enhance your style significantly.</p>\n\n<p style=\"text-align:center;\"><img alt=\"f4\" src=\"/storage/news/1.jpg\"></p>\n\n<p><br>\n </p>\n\n<p><strong><em>For all of the reason above, here are 7 expert tips to help you pick up the right men’s wallet for you:</em></strong></p>\n\n<h4><strong>Number 1: Choose A Neat Wallet</strong></h4>\n\n<p>The wallet is an essential accessory that you should go simple. Simplicity is the best in this case. A simple and neat wallet with the plain color and even <strong>minimalist style</strong> is versatile. It can be used for both formal and casual events. In addition, that wallet will go well with most of the clothes in your wardrobe.</p>\n\n<p>Keep in mind that a wallet will tell other people about your personality and your fashion sense as much as other clothes you put on. Hence, don’t go cheesy on your wallet or else people will think that you have a funny and particular style.</p>\n\n<p style=\"text-align:center;\"><img alt=\"f5\" src=\"/storage/news/2.jpg\"></p>\n\n<p><br>\n </p>\n<hr>\n<h4><strong>Number 2: Choose The Right Size For Your Wallet</strong></h4>\n\n<p>You should avoid having an over-sized wallet. Don’t think that you need to buy a big wallet because you have a lot to carry with you. In addition, a fat wallet is very ugly. It will make it harder for you to slide the wallet into your trousers’ pocket. In addition, it will create a bulge and ruin your look.</p>\n\n<p>Before you go on to buy a new wallet, clean out your wallet and place all of the items from your wallet on a table. Throw away things that you would never need any more such as the old bills or the expired gift cards. Remember to check your wallet on a frequent basis to get rid of all of the old stuff that you don’t need anymore.</p>\n\n<p style=\"text-align:center;\"><img alt=\"f1\" src=\"/storage/news/3.jpg\"></p>\n\n<p><br>\n </p>\n\n<hr>\n<h4><strong>Number 3: Don’t Limit Your Options Of Materials</strong></h4>\n\n<p>The types and designs of wallets are not the only things that you should consider when you go out searching for your best wallet. You have more than 1 option of material rather than leather to choose from as well.</p>\n\n<p>You can experiment with other available options such as cotton, polyester and canvas. They all have their own pros and cons. As a result, they will be suitable for different needs and requirements. You should think about them all in order to choose the material which you would like the most.</p>\n\n<p style=\"text-align:center;\"><img alt=\"f6\" height=\"375\" src=\"/storage/news/4.jpg\"></p>\n\n<p><br>\n </p>\n\n<hr>\n<h4><strong>Number 4: Consider A Wallet As A Long Term Investment</strong></h4>\n\n<p>Your wallet is indeed an investment that you should consider spending a decent amount of time and effort on it. Another factor that you need to consider is how much you want to spend on your wallet. The price ranges of wallets on the market vary a great deal. You can find a wallet which is as cheap as about 5 to 7 dollars. On the other hand, you should expect to pay around 250 to 300 dollars for a high-quality wallet.</p>\n\n<p>In case you need a wallet to use for a long time, it is a good idea that you should invest a decent amount of money on a wallet. A high quality wallet from a reputational brand with the premium quality such as cowhide leather will last for a long time. In addition, it is an accessory to show off your fashion sense and your social status.</p>\n\n<p style=\"text-align:center;\"><img alt=\"f2\" height=\"400\" src=\"/storage/news/5.jpg\"></p>\n\n<p> </p>\n'),('vi',5,'C?ch Ch?m s?c T?i Da','B?n nên ch? ? h?n khi ch?n v?. C? r?t nhi?u trong s? ch?ng trên th? tr??ng v?i c?c m?u m? và phong c?ch kh?c nhau. Khi b?n l?a ch?n c?n th?n, b?n s? c? th? mua m?t chi?c v? phù h?p v?i nhu c?u c?a b?n. Ch?a k? n? s? gi?p nâng t?m phong c?ch c?a b?n m?t c?ch ??ng k?.','<p>I have seen many people underestimating the power of their wallets. To them, they are just a functional item they use to carry. As a result, they often end up with the wallets which are not really suitable for them.</p>\n\n<p>You should pay more attention when you choose your wallets. There are a lot of them on the market with the different designs and styles. When you choose carefully, you would be able to buy a wallet that is catered to your needs. Not to mention that it will help to enhance your style significantly.</p>\n\n<p style=\"text-align:center;\"><img alt=\"f4\" src=\"/storage/news/1.jpg\"></p>\n\n<p><br>\n </p>\n\n<p><strong><em>For all of the reason above, here are 7 expert tips to help you pick up the right men’s wallet for you:</em></strong></p>\n\n<h4><strong>Number 1: Choose A Neat Wallet</strong></h4>\n\n<p>The wallet is an essential accessory that you should go simple. Simplicity is the best in this case. A simple and neat wallet with the plain color and even <strong>minimalist style</strong> is versatile. It can be used for both formal and casual events. In addition, that wallet will go well with most of the clothes in your wardrobe.</p>\n\n<p>Keep in mind that a wallet will tell other people about your personality and your fashion sense as much as other clothes you put on. Hence, don’t go cheesy on your wallet or else people will think that you have a funny and particular style.</p>\n\n<p style=\"text-align:center;\"><img alt=\"f5\" src=\"/storage/news/2.jpg\"></p>\n\n<p><br>\n </p>\n<hr>\n<h4><strong>Number 2: Choose The Right Size For Your Wallet</strong></h4>\n\n<p>You should avoid having an over-sized wallet. Don’t think that you need to buy a big wallet because you have a lot to carry with you. In addition, a fat wallet is very ugly. It will make it harder for you to slide the wallet into your trousers’ pocket. In addition, it will create a bulge and ruin your look.</p>\n\n<p>Before you go on to buy a new wallet, clean out your wallet and place all of the items from your wallet on a table. Throw away things that you would never need any more such as the old bills or the expired gift cards. Remember to check your wallet on a frequent basis to get rid of all of the old stuff that you don’t need anymore.</p>\n\n<p style=\"text-align:center;\"><img alt=\"f1\" src=\"/storage/news/3.jpg\"></p>\n\n<p><br>\n </p>\n\n<hr>\n<h4><strong>Number 3: Don’t Limit Your Options Of Materials</strong></h4>\n\n<p>The types and designs of wallets are not the only things that you should consider when you go out searching for your best wallet. You have more than 1 option of material rather than leather to choose from as well.</p>\n\n<p>You can experiment with other available options such as cotton, polyester and canvas. They all have their own pros and cons. As a result, they will be suitable for different needs and requirements. You should think about them all in order to choose the material which you would like the most.</p>\n\n<p style=\"text-align:center;\"><img alt=\"f6\" height=\"375\" src=\"/storage/news/4.jpg\"></p>\n\n<p><br>\n </p>\n\n<hr>\n<h4><strong>Number 4: Consider A Wallet As A Long Term Investment</strong></h4>\n\n<p>Your wallet is indeed an investment that you should consider spending a decent amount of time and effort on it. Another factor that you need to consider is how much you want to spend on your wallet. The price ranges of wallets on the market vary a great deal. You can find a wallet which is as cheap as about 5 to 7 dollars. On the other hand, you should expect to pay around 250 to 300 dollars for a high-quality wallet.</p>\n\n<p>In case you need a wallet to use for a long time, it is a good idea that you should invest a decent amount of money on a wallet. A high quality wallet from a reputational brand with the premium quality such as cowhide leather will last for a long time. In addition, it is an accessory to show off your fashion sense and your social status.</p>\n\n<p style=\"text-align:center;\"><img alt=\"f2\" height=\"400\" src=\"/storage/news/5.jpg\"></p>\n\n<p> </p>\n'),('vi',6,'Ch?ng tôi ?ang nghi?n ng?m 10 xu h??ng t?i l?n nh?t c?a mùa hè','B?n nên ch? ? h?n khi ch?n v?. C? r?t nhi?u trong s? ch?ng trên th? tr??ng v?i c?c m?u m? và phong c?ch kh?c nhau. Khi b?n l?a ch?n c?n th?n, b?n s? c? th? mua m?t chi?c v? phù h?p v?i nhu c?u c?a b?n. Ch?a k? n? s? gi?p nâng t?m phong c?ch c?a b?n m?t c?ch ??ng k?.','<p>I have seen many people underestimating the power of their wallets. To them, they are just a functional item they use to carry. As a result, they often end up with the wallets which are not really suitable for them.</p>\n\n<p>You should pay more attention when you choose your wallets. There are a lot of them on the market with the different designs and styles. When you choose carefully, you would be able to buy a wallet that is catered to your needs. Not to mention that it will help to enhance your style significantly.</p>\n\n<p style=\"text-align:center;\"><img alt=\"f4\" src=\"/storage/news/1.jpg\"></p>\n\n<p><br>\n </p>\n\n<p><strong><em>For all of the reason above, here are 7 expert tips to help you pick up the right men’s wallet for you:</em></strong></p>\n\n<h4><strong>Number 1: Choose A Neat Wallet</strong></h4>\n\n<p>The wallet is an essential accessory that you should go simple. Simplicity is the best in this case. A simple and neat wallet with the plain color and even <strong>minimalist style</strong> is versatile. It can be used for both formal and casual events. In addition, that wallet will go well with most of the clothes in your wardrobe.</p>\n\n<p>Keep in mind that a wallet will tell other people about your personality and your fashion sense as much as other clothes you put on. Hence, don’t go cheesy on your wallet or else people will think that you have a funny and particular style.</p>\n\n<p style=\"text-align:center;\"><img alt=\"f5\" src=\"/storage/news/2.jpg\"></p>\n\n<p><br>\n </p>\n<hr>\n<h4><strong>Number 2: Choose The Right Size For Your Wallet</strong></h4>\n\n<p>You should avoid having an over-sized wallet. Don’t think that you need to buy a big wallet because you have a lot to carry with you. In addition, a fat wallet is very ugly. It will make it harder for you to slide the wallet into your trousers’ pocket. In addition, it will create a bulge and ruin your look.</p>\n\n<p>Before you go on to buy a new wallet, clean out your wallet and place all of the items from your wallet on a table. Throw away things that you would never need any more such as the old bills or the expired gift cards. Remember to check your wallet on a frequent basis to get rid of all of the old stuff that you don’t need anymore.</p>\n\n<p style=\"text-align:center;\"><img alt=\"f1\" src=\"/storage/news/3.jpg\"></p>\n\n<p><br>\n </p>\n\n<hr>\n<h4><strong>Number 3: Don’t Limit Your Options Of Materials</strong></h4>\n\n<p>The types and designs of wallets are not the only things that you should consider when you go out searching for your best wallet. You have more than 1 option of material rather than leather to choose from as well.</p>\n\n<p>You can experiment with other available options such as cotton, polyester and canvas. They all have their own pros and cons. As a result, they will be suitable for different needs and requirements. You should think about them all in order to choose the material which you would like the most.</p>\n\n<p style=\"text-align:center;\"><img alt=\"f6\" height=\"375\" src=\"/storage/news/4.jpg\"></p>\n\n<p><br>\n </p>\n\n<hr>\n<h4><strong>Number 4: Consider A Wallet As A Long Term Investment</strong></h4>\n\n<p>Your wallet is indeed an investment that you should consider spending a decent amount of time and effort on it. Another factor that you need to consider is how much you want to spend on your wallet. The price ranges of wallets on the market vary a great deal. You can find a wallet which is as cheap as about 5 to 7 dollars. On the other hand, you should expect to pay around 250 to 300 dollars for a high-quality wallet.</p>\n\n<p>In case you need a wallet to use for a long time, it is a good idea that you should invest a decent amount of money on a wallet. A high quality wallet from a reputational brand with the premium quality such as cowhide leather will last for a long time. In addition, it is an accessory to show off your fashion sense and your social status.</p>\n\n<p style=\"text-align:center;\"><img alt=\"f2\" height=\"400\" src=\"/storage/news/5.jpg\"></p>\n\n<p> </p>\n'),('vi',7,'Nh?ng ph?m ch?t c?n thi?t c?a âm nh?c thành công cao','B?n nên ch? ? h?n khi ch?n v?. C? r?t nhi?u trong s? ch?ng trên th? tr??ng v?i c?c m?u m? và phong c?ch kh?c nhau. Khi b?n l?a ch?n c?n th?n, b?n s? c? th? mua m?t chi?c v? phù h?p v?i nhu c?u c?a b?n. Ch?a k? n? s? gi?p nâng t?m phong c?ch c?a b?n m?t c?ch ??ng k?.','<p>I have seen many people underestimating the power of their wallets. To them, they are just a functional item they use to carry. As a result, they often end up with the wallets which are not really suitable for them.</p>\n\n<p>You should pay more attention when you choose your wallets. There are a lot of them on the market with the different designs and styles. When you choose carefully, you would be able to buy a wallet that is catered to your needs. Not to mention that it will help to enhance your style significantly.</p>\n\n<p style=\"text-align:center;\"><img alt=\"f4\" src=\"/storage/news/1.jpg\"></p>\n\n<p><br>\n </p>\n\n<p><strong><em>For all of the reason above, here are 7 expert tips to help you pick up the right men’s wallet for you:</em></strong></p>\n\n<h4><strong>Number 1: Choose A Neat Wallet</strong></h4>\n\n<p>The wallet is an essential accessory that you should go simple. Simplicity is the best in this case. A simple and neat wallet with the plain color and even <strong>minimalist style</strong> is versatile. It can be used for both formal and casual events. In addition, that wallet will go well with most of the clothes in your wardrobe.</p>\n\n<p>Keep in mind that a wallet will tell other people about your personality and your fashion sense as much as other clothes you put on. Hence, don’t go cheesy on your wallet or else people will think that you have a funny and particular style.</p>\n\n<p style=\"text-align:center;\"><img alt=\"f5\" src=\"/storage/news/2.jpg\"></p>\n\n<p><br>\n </p>\n<hr>\n<h4><strong>Number 2: Choose The Right Size For Your Wallet</strong></h4>\n\n<p>You should avoid having an over-sized wallet. Don’t think that you need to buy a big wallet because you have a lot to carry with you. In addition, a fat wallet is very ugly. It will make it harder for you to slide the wallet into your trousers’ pocket. In addition, it will create a bulge and ruin your look.</p>\n\n<p>Before you go on to buy a new wallet, clean out your wallet and place all of the items from your wallet on a table. Throw away things that you would never need any more such as the old bills or the expired gift cards. Remember to check your wallet on a frequent basis to get rid of all of the old stuff that you don’t need anymore.</p>\n\n<p style=\"text-align:center;\"><img alt=\"f1\" src=\"/storage/news/3.jpg\"></p>\n\n<p><br>\n </p>\n\n<hr>\n<h4><strong>Number 3: Don’t Limit Your Options Of Materials</strong></h4>\n\n<p>The types and designs of wallets are not the only things that you should consider when you go out searching for your best wallet. You have more than 1 option of material rather than leather to choose from as well.</p>\n\n<p>You can experiment with other available options such as cotton, polyester and canvas. They all have their own pros and cons. As a result, they will be suitable for different needs and requirements. You should think about them all in order to choose the material which you would like the most.</p>\n\n<p style=\"text-align:center;\"><img alt=\"f6\" height=\"375\" src=\"/storage/news/4.jpg\"></p>\n\n<p><br>\n </p>\n\n<hr>\n<h4><strong>Number 4: Consider A Wallet As A Long Term Investment</strong></h4>\n\n<p>Your wallet is indeed an investment that you should consider spending a decent amount of time and effort on it. Another factor that you need to consider is how much you want to spend on your wallet. The price ranges of wallets on the market vary a great deal. You can find a wallet which is as cheap as about 5 to 7 dollars. On the other hand, you should expect to pay around 250 to 300 dollars for a high-quality wallet.</p>\n\n<p>In case you need a wallet to use for a long time, it is a good idea that you should invest a decent amount of money on a wallet. A high quality wallet from a reputational brand with the premium quality such as cowhide leather will last for a long time. In addition, it is an accessory to show off your fashion sense and your social status.</p>\n\n<p style=\"text-align:center;\"><img alt=\"f2\" height=\"400\" src=\"/storage/news/5.jpg\"></p>\n\n<p> </p>\n'),('vi',8,'9 ?i?u tôi th?ch khi c?o ??u','B?n nên ch? ? h?n khi ch?n v?. C? r?t nhi?u trong s? ch?ng trên th? tr??ng v?i c?c m?u m? và phong c?ch kh?c nhau. Khi b?n l?a ch?n c?n th?n, b?n s? c? th? mua m?t chi?c v? phù h?p v?i nhu c?u c?a b?n. Ch?a k? n? s? gi?p nâng t?m phong c?ch c?a b?n m?t c?ch ??ng k?.','<p>I have seen many people underestimating the power of their wallets. To them, they are just a functional item they use to carry. As a result, they often end up with the wallets which are not really suitable for them.</p>\n\n<p>You should pay more attention when you choose your wallets. There are a lot of them on the market with the different designs and styles. When you choose carefully, you would be able to buy a wallet that is catered to your needs. Not to mention that it will help to enhance your style significantly.</p>\n\n<p style=\"text-align:center;\"><img alt=\"f4\" src=\"/storage/news/1.jpg\"></p>\n\n<p><br>\n </p>\n\n<p><strong><em>For all of the reason above, here are 7 expert tips to help you pick up the right men’s wallet for you:</em></strong></p>\n\n<h4><strong>Number 1: Choose A Neat Wallet</strong></h4>\n\n<p>The wallet is an essential accessory that you should go simple. Simplicity is the best in this case. A simple and neat wallet with the plain color and even <strong>minimalist style</strong> is versatile. It can be used for both formal and casual events. In addition, that wallet will go well with most of the clothes in your wardrobe.</p>\n\n<p>Keep in mind that a wallet will tell other people about your personality and your fashion sense as much as other clothes you put on. Hence, don’t go cheesy on your wallet or else people will think that you have a funny and particular style.</p>\n\n<p style=\"text-align:center;\"><img alt=\"f5\" src=\"/storage/news/2.jpg\"></p>\n\n<p><br>\n </p>\n<hr>\n<h4><strong>Number 2: Choose The Right Size For Your Wallet</strong></h4>\n\n<p>You should avoid having an over-sized wallet. Don’t think that you need to buy a big wallet because you have a lot to carry with you. In addition, a fat wallet is very ugly. It will make it harder for you to slide the wallet into your trousers’ pocket. In addition, it will create a bulge and ruin your look.</p>\n\n<p>Before you go on to buy a new wallet, clean out your wallet and place all of the items from your wallet on a table. Throw away things that you would never need any more such as the old bills or the expired gift cards. Remember to check your wallet on a frequent basis to get rid of all of the old stuff that you don’t need anymore.</p>\n\n<p style=\"text-align:center;\"><img alt=\"f1\" src=\"/storage/news/3.jpg\"></p>\n\n<p><br>\n </p>\n\n<hr>\n<h4><strong>Number 3: Don’t Limit Your Options Of Materials</strong></h4>\n\n<p>The types and designs of wallets are not the only things that you should consider when you go out searching for your best wallet. You have more than 1 option of material rather than leather to choose from as well.</p>\n\n<p>You can experiment with other available options such as cotton, polyester and canvas. They all have their own pros and cons. As a result, they will be suitable for different needs and requirements. You should think about them all in order to choose the material which you would like the most.</p>\n\n<p style=\"text-align:center;\"><img alt=\"f6\" height=\"375\" src=\"/storage/news/4.jpg\"></p>\n\n<p><br>\n </p>\n\n<hr>\n<h4><strong>Number 4: Consider A Wallet As A Long Term Investment</strong></h4>\n\n<p>Your wallet is indeed an investment that you should consider spending a decent amount of time and effort on it. Another factor that you need to consider is how much you want to spend on your wallet. The price ranges of wallets on the market vary a great deal. You can find a wallet which is as cheap as about 5 to 7 dollars. On the other hand, you should expect to pay around 250 to 300 dollars for a high-quality wallet.</p>\n\n<p>In case you need a wallet to use for a long time, it is a good idea that you should invest a decent amount of money on a wallet. A high quality wallet from a reputational brand with the premium quality such as cowhide leather will last for a long time. In addition, it is an accessory to show off your fashion sense and your social status.</p>\n\n<p style=\"text-align:center;\"><img alt=\"f2\" height=\"400\" src=\"/storage/news/5.jpg\"></p>\n\n<p> </p>\n'),('vi',9,'T?i sao làm vi?c theo nh?m th?c s? bi?n gi?c m? thành công','B?n nên ch? ? h?n khi ch?n v?. C? r?t nhi?u trong s? ch?ng trên th? tr??ng v?i c?c m?u m? và phong c?ch kh?c nhau. Khi b?n l?a ch?n c?n th?n, b?n s? c? th? mua m?t chi?c v? phù h?p v?i nhu c?u c?a b?n. Ch?a k? n? s? gi?p nâng t?m phong c?ch c?a b?n m?t c?ch ??ng k?.','<p>I have seen many people underestimating the power of their wallets. To them, they are just a functional item they use to carry. As a result, they often end up with the wallets which are not really suitable for them.</p>\n\n<p>You should pay more attention when you choose your wallets. There are a lot of them on the market with the different designs and styles. When you choose carefully, you would be able to buy a wallet that is catered to your needs. Not to mention that it will help to enhance your style significantly.</p>\n\n<p style=\"text-align:center;\"><img alt=\"f4\" src=\"/storage/news/1.jpg\"></p>\n\n<p><br>\n </p>\n\n<p><strong><em>For all of the reason above, here are 7 expert tips to help you pick up the right men’s wallet for you:</em></strong></p>\n\n<h4><strong>Number 1: Choose A Neat Wallet</strong></h4>\n\n<p>The wallet is an essential accessory that you should go simple. Simplicity is the best in this case. A simple and neat wallet with the plain color and even <strong>minimalist style</strong> is versatile. It can be used for both formal and casual events. In addition, that wallet will go well with most of the clothes in your wardrobe.</p>\n\n<p>Keep in mind that a wallet will tell other people about your personality and your fashion sense as much as other clothes you put on. Hence, don’t go cheesy on your wallet or else people will think that you have a funny and particular style.</p>\n\n<p style=\"text-align:center;\"><img alt=\"f5\" src=\"/storage/news/2.jpg\"></p>\n\n<p><br>\n </p>\n<hr>\n<h4><strong>Number 2: Choose The Right Size For Your Wallet</strong></h4>\n\n<p>You should avoid having an over-sized wallet. Don’t think that you need to buy a big wallet because you have a lot to carry with you. In addition, a fat wallet is very ugly. It will make it harder for you to slide the wallet into your trousers’ pocket. In addition, it will create a bulge and ruin your look.</p>\n\n<p>Before you go on to buy a new wallet, clean out your wallet and place all of the items from your wallet on a table. Throw away things that you would never need any more such as the old bills or the expired gift cards. Remember to check your wallet on a frequent basis to get rid of all of the old stuff that you don’t need anymore.</p>\n\n<p style=\"text-align:center;\"><img alt=\"f1\" src=\"/storage/news/3.jpg\"></p>\n\n<p><br>\n </p>\n\n<hr>\n<h4><strong>Number 3: Don’t Limit Your Options Of Materials</strong></h4>\n\n<p>The types and designs of wallets are not the only things that you should consider when you go out searching for your best wallet. You have more than 1 option of material rather than leather to choose from as well.</p>\n\n<p>You can experiment with other available options such as cotton, polyester and canvas. They all have their own pros and cons. As a result, they will be suitable for different needs and requirements. You should think about them all in order to choose the material which you would like the most.</p>\n\n<p style=\"text-align:center;\"><img alt=\"f6\" height=\"375\" src=\"/storage/news/4.jpg\"></p>\n\n<p><br>\n </p>\n\n<hr>\n<h4><strong>Number 4: Consider A Wallet As A Long Term Investment</strong></h4>\n\n<p>Your wallet is indeed an investment that you should consider spending a decent amount of time and effort on it. Another factor that you need to consider is how much you want to spend on your wallet. The price ranges of wallets on the market vary a great deal. You can find a wallet which is as cheap as about 5 to 7 dollars. On the other hand, you should expect to pay around 250 to 300 dollars for a high-quality wallet.</p>\n\n<p>In case you need a wallet to use for a long time, it is a good idea that you should invest a decent amount of money on a wallet. A high quality wallet from a reputational brand with the premium quality such as cowhide leather will last for a long time. In addition, it is an accessory to show off your fashion sense and your social status.</p>\n\n<p style=\"text-align:center;\"><img alt=\"f2\" height=\"400\" src=\"/storage/news/5.jpg\"></p>\n\n<p> </p>\n'),('vi',10,'Th? gi?i ph?c v? cho nh?ng ng??i trung b?nh','B?n nên ch? ? h?n khi ch?n v?. C? r?t nhi?u trong s? ch?ng trên th? tr??ng v?i c?c m?u m? và phong c?ch kh?c nhau. Khi b?n l?a ch?n c?n th?n, b?n s? c? th? mua m?t chi?c v? phù h?p v?i nhu c?u c?a b?n. Ch?a k? n? s? gi?p nâng t?m phong c?ch c?a b?n m?t c?ch ??ng k?.','<p>I have seen many people underestimating the power of their wallets. To them, they are just a functional item they use to carry. As a result, they often end up with the wallets which are not really suitable for them.</p>\n\n<p>You should pay more attention when you choose your wallets. There are a lot of them on the market with the different designs and styles. When you choose carefully, you would be able to buy a wallet that is catered to your needs. Not to mention that it will help to enhance your style significantly.</p>\n\n<p style=\"text-align:center;\"><img alt=\"f4\" src=\"/storage/news/1.jpg\"></p>\n\n<p><br>\n </p>\n\n<p><strong><em>For all of the reason above, here are 7 expert tips to help you pick up the right men’s wallet for you:</em></strong></p>\n\n<h4><strong>Number 1: Choose A Neat Wallet</strong></h4>\n\n<p>The wallet is an essential accessory that you should go simple. Simplicity is the best in this case. A simple and neat wallet with the plain color and even <strong>minimalist style</strong> is versatile. It can be used for both formal and casual events. In addition, that wallet will go well with most of the clothes in your wardrobe.</p>\n\n<p>Keep in mind that a wallet will tell other people about your personality and your fashion sense as much as other clothes you put on. Hence, don’t go cheesy on your wallet or else people will think that you have a funny and particular style.</p>\n\n<p style=\"text-align:center;\"><img alt=\"f5\" src=\"/storage/news/2.jpg\"></p>\n\n<p><br>\n </p>\n<hr>\n<h4><strong>Number 2: Choose The Right Size For Your Wallet</strong></h4>\n\n<p>You should avoid having an over-sized wallet. Don’t think that you need to buy a big wallet because you have a lot to carry with you. In addition, a fat wallet is very ugly. It will make it harder for you to slide the wallet into your trousers’ pocket. In addition, it will create a bulge and ruin your look.</p>\n\n<p>Before you go on to buy a new wallet, clean out your wallet and place all of the items from your wallet on a table. Throw away things that you would never need any more such as the old bills or the expired gift cards. Remember to check your wallet on a frequent basis to get rid of all of the old stuff that you don’t need anymore.</p>\n\n<p style=\"text-align:center;\"><img alt=\"f1\" src=\"/storage/news/3.jpg\"></p>\n\n<p><br>\n </p>\n\n<hr>\n<h4><strong>Number 3: Don’t Limit Your Options Of Materials</strong></h4>\n\n<p>The types and designs of wallets are not the only things that you should consider when you go out searching for your best wallet. You have more than 1 option of material rather than leather to choose from as well.</p>\n\n<p>You can experiment with other available options such as cotton, polyester and canvas. They all have their own pros and cons. As a result, they will be suitable for different needs and requirements. You should think about them all in order to choose the material which you would like the most.</p>\n\n<p style=\"text-align:center;\"><img alt=\"f6\" height=\"375\" src=\"/storage/news/4.jpg\"></p>\n\n<p><br>\n </p>\n\n<hr>\n<h4><strong>Number 4: Consider A Wallet As A Long Term Investment</strong></h4>\n\n<p>Your wallet is indeed an investment that you should consider spending a decent amount of time and effort on it. Another factor that you need to consider is how much you want to spend on your wallet. The price ranges of wallets on the market vary a great deal. You can find a wallet which is as cheap as about 5 to 7 dollars. On the other hand, you should expect to pay around 250 to 300 dollars for a high-quality wallet.</p>\n\n<p>In case you need a wallet to use for a long time, it is a good idea that you should invest a decent amount of money on a wallet. A high quality wallet from a reputational brand with the premium quality such as cowhide leather will last for a long time. In addition, it is an accessory to show off your fashion sense and your social status.</p>\n\n<p style=\"text-align:center;\"><img alt=\"f2\" height=\"400\" src=\"/storage/news/5.jpg\"></p>\n\n<p> </p>\n'),('vi',11,'C?c ???ng s? trên màn h?nh không ph?i là di?n viên','B?n nên ch? ? h?n khi ch?n v?. C? r?t nhi?u trong s? ch?ng trên th? tr??ng v?i c?c m?u m? và phong c?ch kh?c nhau. Khi b?n l?a ch?n c?n th?n, b?n s? c? th? mua m?t chi?c v? phù h?p v?i nhu c?u c?a b?n. Ch?a k? n? s? gi?p nâng t?m phong c?ch c?a b?n m?t c?ch ??ng k?.','<p>I have seen many people underestimating the power of their wallets. To them, they are just a functional item they use to carry. As a result, they often end up with the wallets which are not really suitable for them.</p>\n\n<p>You should pay more attention when you choose your wallets. There are a lot of them on the market with the different designs and styles. When you choose carefully, you would be able to buy a wallet that is catered to your needs. Not to mention that it will help to enhance your style significantly.</p>\n\n<p style=\"text-align:center;\"><img alt=\"f4\" src=\"/storage/news/1.jpg\"></p>\n\n<p><br>\n </p>\n\n<p><strong><em>For all of the reason above, here are 7 expert tips to help you pick up the right men’s wallet for you:</em></strong></p>\n\n<h4><strong>Number 1: Choose A Neat Wallet</strong></h4>\n\n<p>The wallet is an essential accessory that you should go simple. Simplicity is the best in this case. A simple and neat wallet with the plain color and even <strong>minimalist style</strong> is versatile. It can be used for both formal and casual events. In addition, that wallet will go well with most of the clothes in your wardrobe.</p>\n\n<p>Keep in mind that a wallet will tell other people about your personality and your fashion sense as much as other clothes you put on. Hence, don’t go cheesy on your wallet or else people will think that you have a funny and particular style.</p>\n\n<p style=\"text-align:center;\"><img alt=\"f5\" src=\"/storage/news/2.jpg\"></p>\n\n<p><br>\n </p>\n<hr>\n<h4><strong>Number 2: Choose The Right Size For Your Wallet</strong></h4>\n\n<p>You should avoid having an over-sized wallet. Don’t think that you need to buy a big wallet because you have a lot to carry with you. In addition, a fat wallet is very ugly. It will make it harder for you to slide the wallet into your trousers’ pocket. In addition, it will create a bulge and ruin your look.</p>\n\n<p>Before you go on to buy a new wallet, clean out your wallet and place all of the items from your wallet on a table. Throw away things that you would never need any more such as the old bills or the expired gift cards. Remember to check your wallet on a frequent basis to get rid of all of the old stuff that you don’t need anymore.</p>\n\n<p style=\"text-align:center;\"><img alt=\"f1\" src=\"/storage/news/3.jpg\"></p>\n\n<p><br>\n </p>\n\n<hr>\n<h4><strong>Number 3: Don’t Limit Your Options Of Materials</strong></h4>\n\n<p>The types and designs of wallets are not the only things that you should consider when you go out searching for your best wallet. You have more than 1 option of material rather than leather to choose from as well.</p>\n\n<p>You can experiment with other available options such as cotton, polyester and canvas. They all have their own pros and cons. As a result, they will be suitable for different needs and requirements. You should think about them all in order to choose the material which you would like the most.</p>\n\n<p style=\"text-align:center;\"><img alt=\"f6\" height=\"375\" src=\"/storage/news/4.jpg\"></p>\n\n<p><br>\n </p>\n\n<hr>\n<h4><strong>Number 4: Consider A Wallet As A Long Term Investment</strong></h4>\n\n<p>Your wallet is indeed an investment that you should consider spending a decent amount of time and effort on it. Another factor that you need to consider is how much you want to spend on your wallet. The price ranges of wallets on the market vary a great deal. You can find a wallet which is as cheap as about 5 to 7 dollars. On the other hand, you should expect to pay around 250 to 300 dollars for a high-quality wallet.</p>\n\n<p>In case you need a wallet to use for a long time, it is a good idea that you should invest a decent amount of money on a wallet. A high quality wallet from a reputational brand with the premium quality such as cowhide leather will last for a long time. In addition, it is an accessory to show off your fashion sense and your social status.</p>\n\n<p style=\"text-align:center;\"><img alt=\"f2\" height=\"400\" src=\"/storage/news/5.jpg\"></p>\n\n<p> </p>\n');
/*!40000 ALTER TABLE `posts_translations` ENABLE KEYS */;
UNLOCK TABLES;

--
-- Table structure for table `revisions`
--

DROP TABLE IF EXISTS `revisions`;
/*!40101 SET @saved_cs_client     = @@character_set_client */;
/*!50503 SET character_set_client = utf8mb4 */;
CREATE TABLE `revisions` (
  `id` bigint unsigned NOT NULL AUTO_INCREMENT,
  `revisionable_type` varchar(191) COLLATE utf8mb4_unicode_ci NOT NULL,
  `revisionable_id` int NOT NULL,
  `user_id` int DEFAULT NULL,
  `key` varchar(191) COLLATE utf8mb4_unicode_ci NOT NULL,
  `old_value` text COLLATE utf8mb4_unicode_ci,
  `new_value` text COLLATE utf8mb4_unicode_ci,
  `created_at` timestamp NULL DEFAULT NULL,
  `updated_at` timestamp NULL DEFAULT NULL,
  PRIMARY KEY (`id`),
  KEY `revisions_revisionable_id_revisionable_type_index` (`revisionable_id`,`revisionable_type`)
) ENGINE=InnoDB DEFAULT CHARSET=utf8mb4 COLLATE=utf8mb4_unicode_ci;
/*!40101 SET character_set_client = @saved_cs_client */;

--
-- Dumping data for table `revisions`
--

LOCK TABLES `revisions` WRITE;
/*!40000 ALTER TABLE `revisions` DISABLE KEYS */;
/*!40000 ALTER TABLE `revisions` ENABLE KEYS */;
UNLOCK TABLES;

--
-- Table structure for table `role_users`
--

DROP TABLE IF EXISTS `role_users`;
/*!40101 SET @saved_cs_client     = @@character_set_client */;
/*!50503 SET character_set_client = utf8mb4 */;
CREATE TABLE `role_users` (
  `id` bigint unsigned NOT NULL AUTO_INCREMENT,
  `user_id` int unsigned NOT NULL,
  `role_id` int unsigned NOT NULL,
  `created_at` timestamp NULL DEFAULT NULL,
  `updated_at` timestamp NULL DEFAULT NULL,
  PRIMARY KEY (`id`),
  KEY `role_users_user_id_index` (`user_id`),
  KEY `role_users_role_id_index` (`role_id`)
) ENGINE=InnoDB DEFAULT CHARSET=utf8mb4 COLLATE=utf8mb4_unicode_ci;
/*!40101 SET character_set_client = @saved_cs_client */;

--
-- Dumping data for table `role_users`
--

LOCK TABLES `role_users` WRITE;
/*!40000 ALTER TABLE `role_users` DISABLE KEYS */;
/*!40000 ALTER TABLE `role_users` ENABLE KEYS */;
UNLOCK TABLES;

--
-- Table structure for table `roles`
--

DROP TABLE IF EXISTS `roles`;
/*!40101 SET @saved_cs_client     = @@character_set_client */;
/*!50503 SET character_set_client = utf8mb4 */;
CREATE TABLE `roles` (
  `id` bigint unsigned NOT NULL AUTO_INCREMENT,
  `slug` varchar(120) COLLATE utf8mb4_unicode_ci NOT NULL,
  `name` varchar(120) COLLATE utf8mb4_unicode_ci NOT NULL,
  `permissions` text COLLATE utf8mb4_unicode_ci,
  `description` varchar(255) COLLATE utf8mb4_unicode_ci DEFAULT NULL,
  `is_default` tinyint unsigned NOT NULL DEFAULT '0',
  `created_by` int unsigned NOT NULL,
  `updated_by` int unsigned NOT NULL,
  `created_at` timestamp NULL DEFAULT NULL,
  `updated_at` timestamp NULL DEFAULT NULL,
  PRIMARY KEY (`id`),
  UNIQUE KEY `roles_slug_unique` (`slug`),
  KEY `roles_created_by_index` (`created_by`),
  KEY `roles_updated_by_index` (`updated_by`)
) ENGINE=InnoDB DEFAULT CHARSET=utf8mb4 COLLATE=utf8mb4_unicode_ci;
/*!40101 SET character_set_client = @saved_cs_client */;

--
-- Dumping data for table `roles`
--

LOCK TABLES `roles` WRITE;
/*!40000 ALTER TABLE `roles` DISABLE KEYS */;
/*!40000 ALTER TABLE `roles` ENABLE KEYS */;
UNLOCK TABLES;

--
-- Table structure for table `settings`
--

DROP TABLE IF EXISTS `settings`;
/*!40101 SET @saved_cs_client     = @@character_set_client */;
/*!50503 SET character_set_client = utf8mb4 */;
CREATE TABLE `settings` (
  `id` bigint unsigned NOT NULL AUTO_INCREMENT,
  `key` varchar(191) COLLATE utf8mb4_unicode_ci NOT NULL,
  `value` text COLLATE utf8mb4_unicode_ci,
  `created_at` timestamp NULL DEFAULT NULL,
  `updated_at` timestamp NULL DEFAULT NULL,
  PRIMARY KEY (`id`),
  UNIQUE KEY `settings_key_unique` (`key`)
) ENGINE=InnoDB AUTO_INCREMENT=102 DEFAULT CHARSET=utf8mb4 COLLATE=utf8mb4_unicode_ci;
/*!40101 SET character_set_client = @saved_cs_client */;

--
-- Dumping data for table `settings`
--

LOCK TABLES `settings` WRITE;
/*!40000 ALTER TABLE `settings` DISABLE KEYS */;
INSERT INTO `settings` VALUES (1,'activated_plugins','[\"language\",\"language-advanced\",\"ads\",\"analytics\",\"audit-log\",\"backup\",\"blog\",\"captcha\",\"contact\",\"cookie-consent\",\"ecommerce\",\"faq\",\"location\",\"marketplace\",\"newsletter\",\"payment\",\"paypal\",\"paystack\",\"razorpay\",\"shippo\",\"simple-slider\",\"social-login\",\"sslcommerz\",\"stripe\",\"translation\",\"mollie\"]',NULL,'2023-01-04 01:10:48'),(4,'language_hide_default','1',NULL,NULL),(5,'language_switcher_display','dropdown',NULL,NULL),(6,'language_display','all',NULL,NULL),(7,'language_hide_languages','[]',NULL,NULL),(8,'simple_slider_using_assets','0',NULL,NULL),(9,'media_random_hash','bcd0b98b3e973c411d29dd8309bdccbb',NULL,NULL),(10,'permalink-botble-blog-models-post','blog',NULL,NULL),(11,'permalink-botble-blog-models-category','blog',NULL,NULL),(12,'payment_cod_status','1',NULL,NULL),(13,'payment_cod_description','Please pay money directly to the postman, if you choose cash on delivery method (COD).',NULL,NULL),(14,'payment_bank_transfer_status','1',NULL,NULL),(15,'payment_bank_transfer_description','Please send money to our bank account: ACB - 69270 213 19.',NULL,NULL),(16,'plugins_ecommerce_customer_new_order_status','0',NULL,NULL),(17,'plugins_ecommerce_admin_new_order_status','0',NULL,NULL),(18,'ecommerce_load_countries_states_cities_from_location_plugin','0',NULL,NULL),(19,'payment_stripe_payment_type','stripe_checkout',NULL,NULL),(20,'ecommerce_is_enabled_support_digital_products','1',NULL,NULL),(21,'ecommerce_store_name','Martfury',NULL,NULL),(22,'ecommerce_store_phone','1800979769',NULL,NULL),(23,'ecommerce_store_address','502 New Street',NULL,NULL),(24,'ecommerce_store_state','Brighton VIC',NULL,NULL),(25,'ecommerce_store_city','Brighton VIC',NULL,NULL),(26,'ecommerce_store_country','AU',NULL,NULL),(27,'theme','martfury',NULL,NULL),(28,'admin_logo','general/logo-light.png',NULL,NULL),(29,'theme-martfury-site_title','Martfury - Laravel Ecommerce system',NULL,NULL),(30,'theme-martfury-copyright','© 2023 Martfury. All Rights Reserved.',NULL,NULL),(31,'theme-martfury-favicon','general/favicon.png',NULL,NULL),(32,'theme-martfury-logo','general/logo.png',NULL,NULL),(33,'theme-martfury-welcome_message','Welcome to Martfury Online Shopping Store!',NULL,NULL),(34,'theme-martfury-address','502 New Street, Brighton VIC, Australia',NULL,NULL),(35,'theme-martfury-hotline','1800 97 97 69',NULL,NULL),(36,'theme-martfury-email','contact@martfury.co',NULL,NULL),(37,'theme-martfury-payment_methods','[\"general\\/payment-method-1.jpg\",\"general\\/payment-method-2.jpg\",\"general\\/payment-method-3.jpg\",\"general\\/payment-method-4.jpg\",\"general\\/payment-method-5.jpg\"]',NULL,NULL),(38,'theme-martfury-newsletter_image','general/newsletter.jpg',NULL,NULL),(39,'theme-martfury-homepage_id','1',NULL,NULL),(40,'theme-martfury-blog_page_id','6',NULL,NULL),(41,'theme-martfury-cookie_consent_message','Your experience on this site will be improved by allowing cookies ',NULL,NULL),(42,'theme-martfury-cookie_consent_learn_more_url','https://martfury.test/cookie-policy',NULL,NULL),(43,'theme-martfury-cookie_consent_learn_more_text','Cookie Policy',NULL,NULL),(44,'theme-martfury-number_of_products_per_page','42',NULL,NULL),(45,'theme-martfury-product_feature_1_title','Shipping worldwide',NULL,NULL),(46,'theme-martfury-product_feature_1_icon','icon-network',NULL,NULL),(47,'theme-martfury-product_feature_2_title','Free 7-day return if eligible, so easy',NULL,NULL),(48,'theme-martfury-product_feature_2_icon','icon-3d-rotate',NULL,NULL),(49,'theme-martfury-product_feature_3_title','Supplier give bills for this product.',NULL,NULL),(50,'theme-martfury-product_feature_3_icon','icon-receipt',NULL,NULL),(51,'theme-martfury-product_feature_4_title','Pay online or when receiving goods',NULL,NULL),(52,'theme-martfury-product_feature_4_icon','icon-credit-card',NULL,NULL),(53,'theme-martfury-contact_info_box_1_title','Contact Directly',NULL,NULL),(54,'theme-martfury-contact_info_box_1_subtitle','contact@martfury.com',NULL,NULL),(55,'theme-martfury-contact_info_box_1_details','(+004) 912-3548-07',NULL,NULL),(56,'theme-martfury-contact_info_box_2_title','Headquarters',NULL,NULL),(57,'theme-martfury-contact_info_box_2_subtitle','17 Queen St, Southbank, Melbourne 10560, Australia',NULL,NULL),(58,'theme-martfury-contact_info_box_2_details','',NULL,NULL),(59,'theme-martfury-contact_info_box_3_title','Work With Us',NULL,NULL),(60,'theme-martfury-contact_info_box_3_subtitle','Send your CV to our email:',NULL,NULL),(61,'theme-martfury-contact_info_box_3_details','career@martfury.com',NULL,NULL),(62,'theme-martfury-contact_info_box_4_title','Customer Service',NULL,NULL),(63,'theme-martfury-contact_info_box_4_subtitle','customercare@martfury.com',NULL,NULL),(64,'theme-martfury-contact_info_box_4_details','(800) 843-2446',NULL,NULL),(65,'theme-martfury-contact_info_box_5_title','Media Relations',NULL,NULL),(66,'theme-martfury-contact_info_box_5_subtitle','media@martfury.com',NULL,NULL),(67,'theme-martfury-contact_info_box_5_details','(801) 947-3564',NULL,NULL),(68,'theme-martfury-contact_info_box_6_title','Vendor Support',NULL,NULL),(69,'theme-martfury-contact_info_box_6_subtitle','vendorsupport@martfury.com',NULL,NULL),(70,'theme-martfury-contact_info_box_6_details','(801) 947-3100',NULL,NULL),(71,'theme-martfury-number_of_cross_sale_product','7',NULL,NULL),(72,'theme-martfury-logo_in_the_checkout_page','general/logo-dark.png',NULL,NULL),(73,'theme-martfury-logo_in_invoices','general/logo-dark.png',NULL,NULL),(74,'theme-martfury-logo_vendor_dashboard','general/logo-dark.png',NULL,NULL),(75,'theme-martfury-social-name-1','Facebook','2023-01-04 01:10:57','2023-01-04 01:10:57'),(76,'theme-martfury-social-url-1','https://www.facebook.com/','2023-01-04 01:10:57','2023-01-04 01:10:57'),(77,'theme-martfury-social-icon-1','fa-facebook','2023-01-04 01:10:57','2023-01-04 01:10:57'),(78,'theme-martfury-social-color-1','#3b5999','2023-01-04 01:10:57','2023-01-04 01:10:57'),(79,'theme-martfury-social-name-2','Twitter','2023-01-04 01:10:57','2023-01-04 01:10:57'),(80,'theme-martfury-social-url-2','https://www.twitter.com/','2023-01-04 01:10:57','2023-01-04 01:10:57'),(81,'theme-martfury-social-icon-2','fa-twitter','2023-01-04 01:10:57','2023-01-04 01:10:57'),(82,'theme-martfury-social-color-2','#55ACF9','2023-01-04 01:10:57','2023-01-04 01:10:57'),(83,'theme-martfury-social-name-3','Instagram','2023-01-04 01:10:57','2023-01-04 01:10:57'),(84,'theme-martfury-social-url-3','https://www.instagram.com/','2023-01-04 01:10:57','2023-01-04 01:10:57'),(85,'theme-martfury-social-icon-3','fa-instagram','2023-01-04 01:10:57','2023-01-04 01:10:57'),(86,'theme-martfury-social-color-3','#E1306C','2023-01-04 01:10:57','2023-01-04 01:10:57'),(87,'theme-martfury-social-name-4','Youtube','2023-01-04 01:10:57','2023-01-04 01:10:57'),(88,'theme-martfury-social-url-4','https://www.youtube.com/','2023-01-04 01:10:57','2023-01-04 01:10:57'),(89,'theme-martfury-social-icon-4','fa-youtube','2023-01-04 01:10:57','2023-01-04 01:10:57'),(90,'theme-martfury-social-color-4','#FF0000','2023-01-04 01:10:57','2023-01-04 01:10:57'),(91,'theme-martfury-vi-copyright','© 2023 Martfury. T?t c? quy?n ?? ???c b?o h?.',NULL,NULL),(92,'theme-martfury-vi-welcome_message','Chào m?ng ??n v?i Martfury - C?a Hàng Mua S?m Online!',NULL,NULL),(93,'theme-martfury-vi-homepage_id','1',NULL,NULL),(94,'theme-martfury-vi-blog_page_id','6',NULL,NULL),(95,'theme-martfury-vi-cookie_consent_message','Tr?i nghi?m c?a b?n trên trang web này s? ???c c?i thi?n b?ng c?ch cho phép cookie ',NULL,NULL),(96,'theme-martfury-vi-cookie_consent_learn_more_url','https://martfury.test/cookie-policy',NULL,NULL),(97,'theme-martfury-vi-cookie_consent_learn_more_text','Ch?nh s?ch cookie',NULL,NULL),(98,'theme-martfury-vi-product_feature_1_title','V?n chuy?n toàn c?u',NULL,NULL),(99,'theme-martfury-vi-product_feature_2_title','Mi?n ph? hoàn hàng 7 ngày',NULL,NULL),(100,'theme-martfury-vi-product_feature_3_title','Nhà cung c?p s? c?p h?a ??n cho s?n ph?m này',NULL,NULL),(101,'theme-martfury-vi-product_feature_4_title','Thanh to?n online ho?c tr?c ti?p',NULL,NULL);
/*!40000 ALTER TABLE `settings` ENABLE KEYS */;
UNLOCK TABLES;

--
-- Table structure for table `simple_slider_items`
--

DROP TABLE IF EXISTS `simple_slider_items`;
/*!40101 SET @saved_cs_client     = @@character_set_client */;
/*!50503 SET character_set_client = utf8mb4 */;
CREATE TABLE `simple_slider_items` (
  `id` bigint unsigned NOT NULL AUTO_INCREMENT,
  `simple_slider_id` int unsigned NOT NULL,
  `title` varchar(255) COLLATE utf8mb4_unicode_ci DEFAULT NULL,
  `image` varchar(255) COLLATE utf8mb4_unicode_ci NOT NULL,
  `link` varchar(255) COLLATE utf8mb4_unicode_ci DEFAULT NULL,
  `description` text COLLATE utf8mb4_unicode_ci,
  `order` int unsigned NOT NULL DEFAULT '0',
  `created_at` timestamp NULL DEFAULT NULL,
  `updated_at` timestamp NULL DEFAULT NULL,
  PRIMARY KEY (`id`)
) ENGINE=InnoDB AUTO_INCREMENT=7 DEFAULT CHARSET=utf8mb4 COLLATE=utf8mb4_unicode_ci;
/*!40101 SET character_set_client = @saved_cs_client */;

--
-- Dumping data for table `simple_slider_items`
--

LOCK TABLES `simple_slider_items` WRITE;
/*!40000 ALTER TABLE `simple_slider_items` DISABLE KEYS */;
INSERT INTO `simple_slider_items` VALUES (1,1,'Slider 1','sliders/1-lg.jpg','/products',NULL,1,'2023-01-04 01:10:56','2023-01-04 01:10:56'),(2,1,'Slider 2','sliders/2-lg.jpg','/products',NULL,2,'2023-01-04 01:10:56','2023-01-04 01:10:56'),(3,1,'Slider 3','sliders/3-lg.jpg','/products',NULL,3,'2023-01-04 01:10:56','2023-01-04 01:10:56'),(4,2,'Slider 1','sliders/1-lg.jpg','/products',NULL,1,'2023-01-04 01:10:56','2023-01-04 01:10:56'),(5,2,'Slider 2','sliders/2-lg.jpg','/products',NULL,2,'2023-01-04 01:10:56','2023-01-04 01:10:56'),(6,2,'Slider 3','sliders/3-lg.jpg','/products',NULL,3,'2023-01-04 01:10:56','2023-01-04 01:10:56');
/*!40000 ALTER TABLE `simple_slider_items` ENABLE KEYS */;
UNLOCK TABLES;

--
-- Table structure for table `simple_sliders`
--

DROP TABLE IF EXISTS `simple_sliders`;
/*!40101 SET @saved_cs_client     = @@character_set_client */;
/*!50503 SET character_set_client = utf8mb4 */;
CREATE TABLE `simple_sliders` (
  `id` bigint unsigned NOT NULL AUTO_INCREMENT,
  `name` varchar(120) COLLATE utf8mb4_unicode_ci NOT NULL,
  `key` varchar(120) COLLATE utf8mb4_unicode_ci NOT NULL,
  `description` varchar(255) COLLATE utf8mb4_unicode_ci DEFAULT NULL,
  `status` varchar(60) COLLATE utf8mb4_unicode_ci NOT NULL DEFAULT 'published',
  `created_at` timestamp NULL DEFAULT NULL,
  `updated_at` timestamp NULL DEFAULT NULL,
  PRIMARY KEY (`id`)
) ENGINE=InnoDB AUTO_INCREMENT=3 DEFAULT CHARSET=utf8mb4 COLLATE=utf8mb4_unicode_ci;
/*!40101 SET character_set_client = @saved_cs_client */;

--
-- Dumping data for table `simple_sliders`
--

LOCK TABLES `simple_sliders` WRITE;
/*!40000 ALTER TABLE `simple_sliders` DISABLE KEYS */;
INSERT INTO `simple_sliders` VALUES (1,'Home slider','home-slider','The main slider on homepage','published','2023-01-04 01:10:56','2023-01-04 01:10:56'),(2,'Slider trang ch?','slider-trang-chu','Slider ch?nh trên trang ch?','published','2023-01-04 01:10:56','2023-01-04 01:10:56');
/*!40000 ALTER TABLE `simple_sliders` ENABLE KEYS */;
UNLOCK TABLES;

--
-- Table structure for table `slugs`
--

DROP TABLE IF EXISTS `slugs`;
/*!40101 SET @saved_cs_client     = @@character_set_client */;
/*!50503 SET character_set_client = utf8mb4 */;
CREATE TABLE `slugs` (
  `id` bigint unsigned NOT NULL AUTO_INCREMENT,
  `key` varchar(255) COLLATE utf8mb4_unicode_ci NOT NULL,
  `reference_id` int unsigned NOT NULL,
  `reference_type` varchar(255) COLLATE utf8mb4_unicode_ci NOT NULL,
  `prefix` varchar(120) COLLATE utf8mb4_unicode_ci DEFAULT '',
  `created_at` timestamp NULL DEFAULT NULL,
  `updated_at` timestamp NULL DEFAULT NULL,
  PRIMARY KEY (`id`),
  KEY `slugs_reference_id_index` (`reference_id`)
) ENGINE=InnoDB AUTO_INCREMENT=110 DEFAULT CHARSET=utf8mb4 COLLATE=utf8mb4_unicode_ci;
/*!40101 SET character_set_client = @saved_cs_client */;

--
-- Dumping data for table `slugs`
--

LOCK TABLES `slugs` WRITE;
/*!40000 ALTER TABLE `slugs` DISABLE KEYS */;
INSERT INTO `slugs` VALUES (1,'fashion-live',1,'Botble\\Ecommerce\\Models\\Brand','brands','2023-01-04 01:10:49','2023-01-04 01:10:49'),(2,'hand-crafted',2,'Botble\\Ecommerce\\Models\\Brand','brands','2023-01-04 01:10:49','2023-01-04 01:10:49'),(3,'mestonix',3,'Botble\\Ecommerce\\Models\\Brand','brands','2023-01-04 01:10:49','2023-01-04 01:10:49'),(4,'sunshine',4,'Botble\\Ecommerce\\Models\\Brand','brands','2023-01-04 01:10:49','2023-01-04 01:10:49'),(5,'pure',5,'Botble\\Ecommerce\\Models\\Brand','brands','2023-01-04 01:10:49','2023-01-04 01:10:49'),(6,'anfold',6,'Botble\\Ecommerce\\Models\\Brand','brands','2023-01-04 01:10:49','2023-01-04 01:10:49'),(7,'automotive',7,'Botble\\Ecommerce\\Models\\Brand','brands','2023-01-04 01:10:49','2023-01-04 01:10:49'),(8,'hot-promotions',1,'Botble\\Ecommerce\\Models\\ProductCategory','product-categories','2023-01-04 01:10:49','2023-01-04 01:10:49'),(9,'electronics',2,'Botble\\Ecommerce\\Models\\ProductCategory','product-categories','2023-01-04 01:10:49','2023-01-04 01:10:49'),(10,'consumer-electronic',3,'Botble\\Ecommerce\\Models\\ProductCategory','product-categories','2023-01-04 01:10:49','2023-01-04 01:10:49'),(11,'home-audio-amp-theaters',4,'Botble\\Ecommerce\\Models\\ProductCategory','product-categories','2023-01-04 01:10:49','2023-01-04 01:10:49'),(12,'tv-amp-videos',5,'Botble\\Ecommerce\\Models\\ProductCategory','product-categories','2023-01-04 01:10:49','2023-01-04 01:10:49'),(13,'camera-photos-amp-videos',6,'Botble\\Ecommerce\\Models\\ProductCategory','product-categories','2023-01-04 01:10:49','2023-01-04 01:10:49'),(14,'cellphones-amp-accessories',7,'Botble\\Ecommerce\\Models\\ProductCategory','product-categories','2023-01-04 01:10:49','2023-01-04 01:10:49'),(15,'headphones',8,'Botble\\Ecommerce\\Models\\ProductCategory','product-categories','2023-01-04 01:10:49','2023-01-04 01:10:49'),(16,'videos-games',9,'Botble\\Ecommerce\\Models\\ProductCategory','product-categories','2023-01-04 01:10:49','2023-01-04 01:10:49'),(17,'wireless-speakers',10,'Botble\\Ecommerce\\Models\\ProductCategory','product-categories','2023-01-04 01:10:49','2023-01-04 01:10:49'),(18,'office-electronic',11,'Botble\\Ecommerce\\Models\\ProductCategory','product-categories','2023-01-04 01:10:49','2023-01-04 01:10:49'),(19,'accessories-amp-parts',12,'Botble\\Ecommerce\\Models\\ProductCategory','product-categories','2023-01-04 01:10:49','2023-01-04 01:10:49'),(20,'digital-cables',13,'Botble\\Ecommerce\\Models\\ProductCategory','product-categories','2023-01-04 01:10:49','2023-01-04 01:10:49'),(21,'audio-amp-video-cables',14,'Botble\\Ecommerce\\Models\\ProductCategory','product-categories','2023-01-04 01:10:49','2023-01-04 01:10:49'),(22,'batteries',15,'Botble\\Ecommerce\\Models\\ProductCategory','product-categories','2023-01-04 01:10:49','2023-01-04 01:10:49'),(23,'clothing',16,'Botble\\Ecommerce\\Models\\ProductCategory','product-categories','2023-01-04 01:10:49','2023-01-04 01:10:49'),(24,'computers',17,'Botble\\Ecommerce\\Models\\ProductCategory','product-categories','2023-01-04 01:10:49','2023-01-04 01:10:49'),(25,'computer-amp-technologies',18,'Botble\\Ecommerce\\Models\\ProductCategory','product-categories','2023-01-04 01:10:49','2023-01-04 01:10:49'),(26,'computer-amp-tablets',19,'Botble\\Ecommerce\\Models\\ProductCategory','product-categories','2023-01-04 01:10:49','2023-01-04 01:10:49'),(27,'laptop',20,'Botble\\Ecommerce\\Models\\ProductCategory','product-categories','2023-01-04 01:10:49','2023-01-04 01:10:49'),(28,'monitors',21,'Botble\\Ecommerce\\Models\\ProductCategory','product-categories','2023-01-04 01:10:49','2023-01-04 01:10:49'),(29,'computer-components',22,'Botble\\Ecommerce\\Models\\ProductCategory','product-categories','2023-01-04 01:10:49','2023-01-04 01:10:49'),(30,'networking',23,'Botble\\Ecommerce\\Models\\ProductCategory','product-categories','2023-01-04 01:10:49','2023-01-04 01:10:49'),(31,'drive-amp-storages',24,'Botble\\Ecommerce\\Models\\ProductCategory','product-categories','2023-01-04 01:10:49','2023-01-04 01:10:49'),(32,'gaming-laptop',25,'Botble\\Ecommerce\\Models\\ProductCategory','product-categories','2023-01-04 01:10:49','2023-01-04 01:10:49'),(33,'security-amp-protection',26,'Botble\\Ecommerce\\Models\\ProductCategory','product-categories','2023-01-04 01:10:49','2023-01-04 01:10:49'),(34,'accessories',27,'Botble\\Ecommerce\\Models\\ProductCategory','product-categories','2023-01-04 01:10:49','2023-01-04 01:10:49'),(35,'home-amp-kitchen',28,'Botble\\Ecommerce\\Models\\ProductCategory','product-categories','2023-01-04 01:10:49','2023-01-04 01:10:49'),(36,'health-amp-beauty',29,'Botble\\Ecommerce\\Models\\ProductCategory','product-categories','2023-01-04 01:10:49','2023-01-04 01:10:49'),(37,'jewelry-amp-watch',30,'Botble\\Ecommerce\\Models\\ProductCategory','product-categories','2023-01-04 01:10:49','2023-01-04 01:10:49'),(38,'technology-toys',31,'Botble\\Ecommerce\\Models\\ProductCategory','product-categories','2023-01-04 01:10:49','2023-01-04 01:10:49'),(39,'phones',32,'Botble\\Ecommerce\\Models\\ProductCategory','product-categories','2023-01-04 01:10:49','2023-01-04 01:10:49'),(40,'babies-amp-moms',33,'Botble\\Ecommerce\\Models\\ProductCategory','product-categories','2023-01-04 01:10:49','2023-01-04 01:10:49'),(41,'sport-amp-outdoor',34,'Botble\\Ecommerce\\Models\\ProductCategory','product-categories','2023-01-04 01:10:49','2023-01-04 01:10:49'),(42,'books-amp-office',35,'Botble\\Ecommerce\\Models\\ProductCategory','product-categories','2023-01-04 01:10:49','2023-01-04 01:10:49'),(43,'cars-amp-motorcycles',36,'Botble\\Ecommerce\\Models\\ProductCategory','product-categories','2023-01-04 01:10:49','2023-01-04 01:10:49'),(44,'home-improvements',37,'Botble\\Ecommerce\\Models\\ProductCategory','product-categories','2023-01-04 01:10:49','2023-01-04 01:10:49'),(45,'dual-camera-20mp',1,'Botble\\Ecommerce\\Models\\Product','products','2023-01-04 01:10:53','2023-01-04 01:10:53'),(46,'smart-watches',2,'Botble\\Ecommerce\\Models\\Product','products','2023-01-04 01:10:53','2023-01-04 01:10:53'),(47,'beat-headphone',3,'Botble\\Ecommerce\\Models\\Product','products','2023-01-04 01:10:53','2023-01-04 01:10:53'),(48,'red-black-headphone',4,'Botble\\Ecommerce\\Models\\Product','products','2023-01-04 01:10:53','2023-01-04 01:10:53'),(49,'smart-watch-external',5,'Botble\\Ecommerce\\Models\\Product','products','2023-01-04 01:10:53','2023-01-04 01:10:53'),(50,'nikon-hd-camera',6,'Botble\\Ecommerce\\Models\\Product','products','2023-01-04 01:10:53','2023-01-04 01:10:53'),(51,'audio-equipment',7,'Botble\\Ecommerce\\Models\\Product','products','2023-01-04 01:10:53','2023-01-04 01:10:53'),(52,'smart-televisions',8,'Botble\\Ecommerce\\Models\\Product','products','2023-01-04 01:10:53','2023-01-04 01:10:53'),(53,'samsung-smart-phone',9,'Botble\\Ecommerce\\Models\\Product','products','2023-01-04 01:10:53','2023-01-04 01:10:53'),(54,'herschel-leather-duffle-bag-in-brown-color',10,'Botble\\Ecommerce\\Models\\Product','products','2023-01-04 01:10:53','2023-01-04 01:10:53'),(55,'xbox-one-wireless-controller-black-color',11,'Botble\\Ecommerce\\Models\\Product','products','2023-01-04 01:10:53','2023-01-04 01:10:53'),(56,'epsion-plaster-printer',12,'Botble\\Ecommerce\\Models\\Product','products','2023-01-04 01:10:53','2023-01-04 01:10:53'),(57,'sound-intone-i65-earphone-white-version',13,'Botble\\Ecommerce\\Models\\Product','products','2023-01-04 01:10:53','2023-01-04 01:10:53'),(58,'bo-play-mini-bluetooth-speaker',14,'Botble\\Ecommerce\\Models\\Product','products','2023-01-04 01:10:53','2023-01-04 01:10:53'),(59,'apple-macbook-air-retina-133-inch-laptop',15,'Botble\\Ecommerce\\Models\\Product','products','2023-01-04 01:10:53','2023-01-04 01:10:53'),(60,'apple-macbook-air-retina-12-inch-laptop',16,'Botble\\Ecommerce\\Models\\Product','products','2023-01-04 01:10:53','2023-01-04 01:10:53'),(61,'samsung-gear-vr-virtual-reality-headset',17,'Botble\\Ecommerce\\Models\\Product','products','2023-01-04 01:10:53','2023-01-04 01:10:53'),(62,'aveeno-moisturizing-body-shower-450ml',18,'Botble\\Ecommerce\\Models\\Product','products','2023-01-04 01:10:53','2023-01-04 01:10:53'),(63,'nyx-beauty-couton-pallete-makeup-12',19,'Botble\\Ecommerce\\Models\\Product','products','2023-01-04 01:10:53','2023-01-04 01:10:53'),(64,'nyx-beauty-couton-pallete-makeup-12',20,'Botble\\Ecommerce\\Models\\Product','products','2023-01-04 01:10:53','2023-01-04 01:10:53'),(65,'mvmth-classical-leather-watch-in-black',21,'Botble\\Ecommerce\\Models\\Product','products','2023-01-04 01:10:53','2023-01-04 01:10:53'),(66,'baxter-care-hair-kit-for-bearded-mens',22,'Botble\\Ecommerce\\Models\\Product','products','2023-01-04 01:10:53','2023-01-04 01:10:53'),(67,'ciate-palemore-lipstick-bold-red-color',23,'Botble\\Ecommerce\\Models\\Product','products','2023-01-04 01:10:53','2023-01-04 01:10:53'),(68,'electronic',1,'Botble\\Ecommerce\\Models\\ProductTag','product-tags','2023-01-04 01:10:55','2023-01-04 01:10:55'),(69,'mobile',2,'Botble\\Ecommerce\\Models\\ProductTag','product-tags','2023-01-04 01:10:55','2023-01-04 01:10:55'),(70,'iphone',3,'Botble\\Ecommerce\\Models\\ProductTag','product-tags','2023-01-04 01:10:55','2023-01-04 01:10:55'),(71,'printer',4,'Botble\\Ecommerce\\Models\\ProductTag','product-tags','2023-01-04 01:10:55','2023-01-04 01:10:55'),(72,'office',5,'Botble\\Ecommerce\\Models\\ProductTag','product-tags','2023-01-04 01:10:55','2023-01-04 01:10:55'),(73,'it',6,'Botble\\Ecommerce\\Models\\ProductTag','product-tags','2023-01-04 01:10:55','2023-01-04 01:10:55'),(74,'ecommerce',1,'Botble\\Blog\\Models\\Category','blog','2023-01-04 01:10:56','2023-01-04 01:10:57'),(75,'fashion',2,'Botble\\Blog\\Models\\Category','blog','2023-01-04 01:10:56','2023-01-04 01:10:57'),(76,'electronic',3,'Botble\\Blog\\Models\\Category','blog','2023-01-04 01:10:56','2023-01-04 01:10:57'),(77,'commercial',4,'Botble\\Blog\\Models\\Category','blog','2023-01-04 01:10:56','2023-01-04 01:10:57'),(78,'general',1,'Botble\\Blog\\Models\\Tag','tag','2023-01-04 01:10:56','2023-01-04 01:10:56'),(79,'design',2,'Botble\\Blog\\Models\\Tag','tag','2023-01-04 01:10:56','2023-01-04 01:10:56'),(80,'fashion',3,'Botble\\Blog\\Models\\Tag','tag','2023-01-04 01:10:56','2023-01-04 01:10:56'),(81,'branding',4,'Botble\\Blog\\Models\\Tag','tag','2023-01-04 01:10:56','2023-01-04 01:10:56'),(82,'modern',5,'Botble\\Blog\\Models\\Tag','tag','2023-01-04 01:10:56','2023-01-04 01:10:56'),(83,'4-expert-tips-on-how-to-choose-the-right-mens-wallet',1,'Botble\\Blog\\Models\\Post','blog','2023-01-04 01:10:56','2023-01-04 01:10:57'),(84,'sexy-clutches-how-to-buy-amp-wear-a-designer-clutch-bag',2,'Botble\\Blog\\Models\\Post','blog','2023-01-04 01:10:56','2023-01-04 01:10:57'),(85,'the-top-2020-handbag-trends-to-know',3,'Botble\\Blog\\Models\\Post','blog','2023-01-04 01:10:56','2023-01-04 01:10:57'),(86,'how-to-match-the-color-of-your-handbag-with-an-outfit',4,'Botble\\Blog\\Models\\Post','blog','2023-01-04 01:10:56','2023-01-04 01:10:57'),(87,'how-to-care-for-leather-bags',5,'Botble\\Blog\\Models\\Post','blog','2023-01-04 01:10:56','2023-01-04 01:10:57'),(88,'were-crushing-hard-on-summers-10-biggest-bag-trends',6,'Botble\\Blog\\Models\\Post','blog','2023-01-04 01:10:56','2023-01-04 01:10:57'),(89,'essential-qualities-of-highly-successful-music',7,'Botble\\Blog\\Models\\Post','blog','2023-01-04 01:10:56','2023-01-04 01:10:57'),(90,'9-things-i-love-about-shaving-my-head',8,'Botble\\Blog\\Models\\Post','blog','2023-01-04 01:10:56','2023-01-04 01:10:57'),(91,'why-teamwork-really-makes-the-dream-work',9,'Botble\\Blog\\Models\\Post','blog','2023-01-04 01:10:56','2023-01-04 01:10:57'),(92,'the-world-caters-to-average-people',10,'Botble\\Blog\\Models\\Post','blog','2023-01-04 01:10:56','2023-01-04 01:10:57'),(93,'the-litigants-on-the-screen-are-not-actors',11,'Botble\\Blog\\Models\\Post','blog','2023-01-04 01:10:56','2023-01-04 01:10:57'),(94,'home',1,'Botble\\Page\\Models\\Page','','2023-01-04 01:10:56','2023-01-04 01:10:56'),(95,'about-us',2,'Botble\\Page\\Models\\Page','','2023-01-04 01:10:56','2023-01-04 01:10:56'),(96,'terms-of-use',3,'Botble\\Page\\Models\\Page','','2023-01-04 01:10:56','2023-01-04 01:10:56'),(97,'terms-amp-conditions',4,'Botble\\Page\\Models\\Page','','2023-01-04 01:10:56','2023-01-04 01:10:56'),(98,'refund-policy',5,'Botble\\Page\\Models\\Page','','2023-01-04 01:10:56','2023-01-04 01:10:56'),(99,'blog',6,'Botble\\Page\\Models\\Page','','2023-01-04 01:10:56','2023-01-04 01:10:56'),(100,'faqs',7,'Botble\\Page\\Models\\Page','','2023-01-04 01:10:56','2023-01-04 01:10:56'),(101,'contact',8,'Botble\\Page\\Models\\Page','','2023-01-04 01:10:56','2023-01-04 01:10:56'),(102,'cookie-policy',9,'Botble\\Page\\Models\\Page','','2023-01-04 01:10:56','2023-01-04 01:10:56'),(103,'affiliate',10,'Botble\\Page\\Models\\Page','','2023-01-04 01:10:56','2023-01-04 01:10:56'),(104,'career',11,'Botble\\Page\\Models\\Page','','2023-01-04 01:10:56','2023-01-04 01:10:56'),(105,'coming-soon',12,'Botble\\Page\\Models\\Page','','2023-01-04 01:10:56','2023-01-04 01:10:56'),(106,'gopro',1,'Botble\\Marketplace\\Models\\Store','stores','2023-01-04 01:10:58','2023-01-04 01:10:58'),(107,'global-office',2,'Botble\\Marketplace\\Models\\Store','stores','2023-01-04 01:10:58','2023-01-04 01:10:58'),(108,'young-shop',3,'Botble\\Marketplace\\Models\\Store','stores','2023-01-04 01:10:58','2023-01-04 01:10:58'),(109,'global-store',4,'Botble\\Marketplace\\Models\\Store','stores','2023-01-04 01:10:58','2023-01-04 01:10:58');
/*!40000 ALTER TABLE `slugs` ENABLE KEYS */;
UNLOCK TABLES;

--
-- Table structure for table `states`
--

DROP TABLE IF EXISTS `states`;
/*!40101 SET @saved_cs_client     = @@character_set_client */;
/*!50503 SET character_set_client = utf8mb4 */;
CREATE TABLE `states` (
  `id` bigint unsigned NOT NULL AUTO_INCREMENT,
  `name` varchar(120) COLLATE utf8mb4_unicode_ci NOT NULL,
  `abbreviation` varchar(3) CHARACTER SET utf8mb4 COLLATE utf8mb4_unicode_ci DEFAULT NULL,
  `country_id` int unsigned DEFAULT NULL,
  `order` tinyint NOT NULL DEFAULT '0',
  `is_default` tinyint unsigned NOT NULL DEFAULT '0',
  `status` varchar(60) COLLATE utf8mb4_unicode_ci NOT NULL DEFAULT 'published',
  `created_at` timestamp NULL DEFAULT NULL,
  `updated_at` timestamp NULL DEFAULT NULL,
  PRIMARY KEY (`id`)
) ENGINE=InnoDB DEFAULT CHARSET=utf8mb4 COLLATE=utf8mb4_unicode_ci;
/*!40101 SET character_set_client = @saved_cs_client */;

--
-- Dumping data for table `states`
--

LOCK TABLES `states` WRITE;
/*!40000 ALTER TABLE `states` DISABLE KEYS */;
/*!40000 ALTER TABLE `states` ENABLE KEYS */;
UNLOCK TABLES;

--
-- Table structure for table `states_translations`
--

DROP TABLE IF EXISTS `states_translations`;
/*!40101 SET @saved_cs_client     = @@character_set_client */;
/*!50503 SET character_set_client = utf8mb4 */;
CREATE TABLE `states_translations` (
  `lang_code` varchar(191) COLLATE utf8mb4_unicode_ci NOT NULL,
  `states_id` int NOT NULL,
  `name` varchar(120) COLLATE utf8mb4_unicode_ci DEFAULT NULL,
  `abbreviation` varchar(3) CHARACTER SET utf8mb4 COLLATE utf8mb4_unicode_ci DEFAULT NULL,
  PRIMARY KEY (`lang_code`,`states_id`)
) ENGINE=InnoDB DEFAULT CHARSET=utf8mb4 COLLATE=utf8mb4_unicode_ci;
/*!40101 SET character_set_client = @saved_cs_client */;

--
-- Dumping data for table `states_translations`
--

LOCK TABLES `states_translations` WRITE;
/*!40000 ALTER TABLE `states_translations` DISABLE KEYS */;
/*!40000 ALTER TABLE `states_translations` ENABLE KEYS */;
UNLOCK TABLES;

--
-- Table structure for table `tags`
--

DROP TABLE IF EXISTS `tags`;
/*!40101 SET @saved_cs_client     = @@character_set_client */;
/*!50503 SET character_set_client = utf8mb4 */;
CREATE TABLE `tags` (
  `id` bigint unsigned NOT NULL AUTO_INCREMENT,
  `name` varchar(120) COLLATE utf8mb4_unicode_ci NOT NULL,
  `author_id` int NOT NULL,
  `author_type` varchar(255) CHARACTER SET utf8mb4 COLLATE utf8mb4_unicode_ci NOT NULL DEFAULT 'Botble\\ACL\\Models\\User',
  `description` varchar(400) COLLATE utf8mb4_unicode_ci DEFAULT '',
  `status` varchar(60) COLLATE utf8mb4_unicode_ci NOT NULL DEFAULT 'published',
  `created_at` timestamp NULL DEFAULT NULL,
  `updated_at` timestamp NULL DEFAULT NULL,
  PRIMARY KEY (`id`)
) ENGINE=InnoDB AUTO_INCREMENT=6 DEFAULT CHARSET=utf8mb4 COLLATE=utf8mb4_unicode_ci;
/*!40101 SET character_set_client = @saved_cs_client */;

--
-- Dumping data for table `tags`
--

LOCK TABLES `tags` WRITE;
/*!40000 ALTER TABLE `tags` DISABLE KEYS */;
INSERT INTO `tags` VALUES (1,'General',1,'Botble\\ACL\\Models\\User','','published','2023-01-04 01:10:56','2023-01-04 01:10:56'),(2,'Design',1,'Botble\\ACL\\Models\\User','','published','2023-01-04 01:10:56','2023-01-04 01:10:56'),(3,'Fashion',1,'Botble\\ACL\\Models\\User','','published','2023-01-04 01:10:56','2023-01-04 01:10:56'),(4,'Branding',1,'Botble\\ACL\\Models\\User','','published','2023-01-04 01:10:56','2023-01-04 01:10:56'),(5,'Modern',1,'Botble\\ACL\\Models\\User','','published','2023-01-04 01:10:56','2023-01-04 01:10:56');
/*!40000 ALTER TABLE `tags` ENABLE KEYS */;
UNLOCK TABLES;

--
-- Table structure for table `tags_translations`
--

DROP TABLE IF EXISTS `tags_translations`;
/*!40101 SET @saved_cs_client     = @@character_set_client */;
/*!50503 SET character_set_client = utf8mb4 */;
CREATE TABLE `tags_translations` (
  `lang_code` varchar(191) COLLATE utf8mb4_unicode_ci NOT NULL,
  `tags_id` int NOT NULL,
  `name` varchar(255) COLLATE utf8mb4_unicode_ci DEFAULT NULL,
  `description` varchar(400) COLLATE utf8mb4_unicode_ci DEFAULT NULL,
  PRIMARY KEY (`lang_code`,`tags_id`)
) ENGINE=InnoDB DEFAULT CHARSET=utf8mb4 COLLATE=utf8mb4_unicode_ci;
/*!40101 SET character_set_client = @saved_cs_client */;

--
-- Dumping data for table `tags_translations`
--

LOCK TABLES `tags_translations` WRITE;
/*!40000 ALTER TABLE `tags_translations` DISABLE KEYS */;
INSERT INTO `tags_translations` VALUES ('vi',1,'Chung',NULL),('vi',2,'Thi?t k?',NULL),('vi',3,'Th?i trang',NULL),('vi',4,'Th??ng hi?u',NULL),('vi',5,'Hi?n ??i',NULL);
/*!40000 ALTER TABLE `tags_translations` ENABLE KEYS */;
UNLOCK TABLES;

--
-- Table structure for table `translations`
--

DROP TABLE IF EXISTS `translations`;
/*!40101 SET @saved_cs_client     = @@character_set_client */;
/*!50503 SET character_set_client = utf8mb4 */;
CREATE TABLE `translations` (
  `id` bigint unsigned NOT NULL AUTO_INCREMENT,
  `status` int NOT NULL DEFAULT '0',
  `locale` varchar(191) COLLATE utf8mb4_unicode_ci NOT NULL,
  `group` varchar(191) COLLATE utf8mb4_unicode_ci NOT NULL,
  `key` varchar(191) COLLATE utf8mb4_unicode_ci NOT NULL,
  `value` text COLLATE utf8mb4_unicode_ci,
  `created_at` timestamp NULL DEFAULT NULL,
  `updated_at` timestamp NULL DEFAULT NULL,
  PRIMARY KEY (`id`)
) ENGINE=InnoDB AUTO_INCREMENT=5050 DEFAULT CHARSET=utf8mb4 COLLATE=utf8mb4_unicode_ci;
/*!40101 SET character_set_client = @saved_cs_client */;

--
-- Dumping data for table `translations`
--

LOCK TABLES `translations` WRITE;
/*!40000 ALTER TABLE `translations` DISABLE KEYS */;
INSERT INTO `translations` VALUES (1,1,'en','auth','failed','These credentials do not match our records.','2023-01-04 01:11:03','2023-01-04 01:11:03'),(2,1,'en','auth','password','The provided password is incorrect.','2023-01-04 01:11:03','2023-01-04 01:11:03'),(3,1,'en','auth','throttle','Too many login attempts. Please try again in :seconds seconds.','2023-01-04 01:11:03','2023-01-04 01:11:03'),(4,1,'en','pagination','previous','&laquo; Previous','2023-01-04 01:11:03','2023-01-04 01:11:03'),(5,1,'en','pagination','next','Next &raquo;','2023-01-04 01:11:03','2023-01-04 01:11:03'),(6,1,'en','passwords','reset','Your password has been reset!','2023-01-04 01:11:03','2023-01-04 01:11:03'),(7,1,'en','passwords','sent','We have emailed your password reset link!','2023-01-04 01:11:03','2023-01-04 01:11:03'),(8,1,'en','passwords','throttled','Please wait before retrying.','2023-01-04 01:11:03','2023-01-04 01:11:03'),(9,1,'en','passwords','token','This password reset token is invalid.','2023-01-04 01:11:03','2023-01-04 01:11:03'),(10,1,'en','passwords','user','We can\'t find a user with that email address.','2023-01-04 01:11:03','2023-01-04 01:11:03'),(11,1,'en','validation','accepted','The :attribute must be accepted.','2023-01-04 01:11:03','2023-01-04 01:11:03'),(12,1,'en','validation','accepted_if','The :attribute must be accepted when :other is :value.','2023-01-04 01:11:03','2023-01-04 01:11:03'),(13,1,'en','validation','active_url','The :attribute is not a valid URL.','2023-01-04 01:11:03','2023-01-04 01:11:03'),(14,1,'en','validation','after','The :attribute must be a date after :date.','2023-01-04 01:11:03','2023-01-04 01:11:03'),(15,1,'en','validation','after_or_equal','The :attribute must be a date after or equal to :date.','2023-01-04 01:11:03','2023-01-04 01:11:03'),(16,1,'en','validation','alpha','The :attribute must only contain letters.','2023-01-04 01:11:03','2023-01-04 01:11:03'),(17,1,'en','validation','alpha_dash','The :attribute must only contain letters, numbers, dashes and underscores.','2023-01-04 01:11:03','2023-01-04 01:11:03'),(18,1,'en','validation','alpha_num','The :attribute must only contain letters and numbers.','2023-01-04 01:11:03','2023-01-04 01:11:03'),(19,1,'en','validation','array','The :attribute must be an array.','2023-01-04 01:11:03','2023-01-04 01:11:03'),(20,1,'en','validation','ascii','The :attribute must only contain single-byte alphanumeric characters and symbols.','2023-01-04 01:11:03','2023-01-04 01:11:03'),(21,1,'en','validation','before','The :attribute must be a date before :date.','2023-01-04 01:11:03','2023-01-04 01:11:03'),(22,1,'en','validation','before_or_equal','The :attribute must be a date before or equal to :date.','2023-01-04 01:11:03','2023-01-04 01:11:03'),(23,1,'en','validation','between.array','The :attribute must have between :min and :max items.','2023-01-04 01:11:03','2023-01-04 01:11:03'),(24,1,'en','validation','between.file','The :attribute must be between :min and :max kilobytes.','2023-01-04 01:11:03','2023-01-04 01:11:03'),(25,1,'en','validation','between.numeric','The :attribute must be between :min and :max.','2023-01-04 01:11:03','2023-01-04 01:11:03'),(26,1,'en','validation','between.string','The :attribute must be between :min and :max characters.','2023-01-04 01:11:03','2023-01-04 01:11:03'),(27,1,'en','validation','boolean','The :attribute field must be true or false.','2023-01-04 01:11:03','2023-01-04 01:11:03'),(28,1,'en','validation','confirmed','The :attribute confirmation does not match.','2023-01-04 01:11:03','2023-01-04 01:11:03'),(29,1,'en','validation','current_password','The password is incorrect.','2023-01-04 01:11:03','2023-01-04 01:11:03'),(30,1,'en','validation','date','The :attribute is not a valid date.','2023-01-04 01:11:03','2023-01-04 01:11:03'),(31,1,'en','validation','date_equals','The :attribute must be a date equal to :date.','2023-01-04 01:11:03','2023-01-04 01:11:03'),(32,1,'en','validation','date_format','The :attribute does not match the format :format.','2023-01-04 01:11:03','2023-01-04 01:11:03'),(33,1,'en','validation','decimal','The :attribute must have :decimal decimal places.','2023-01-04 01:11:03','2023-01-04 01:11:03'),(34,1,'en','validation','declined','The :attribute must be declined.','2023-01-04 01:11:03','2023-01-04 01:11:03'),(35,1,'en','validation','declined_if','The :attribute must be declined when :other is :value.','2023-01-04 01:11:03','2023-01-04 01:11:03'),(36,1,'en','validation','different','The :attribute and :other must be different.','2023-01-04 01:11:03','2023-01-04 01:11:03'),(37,1,'en','validation','digits','The :attribute must be :digits digits.','2023-01-04 01:11:03','2023-01-04 01:11:03'),(38,1,'en','validation','digits_between','The :attribute must be between :min and :max digits.','2023-01-04 01:11:03','2023-01-04 01:11:03'),(39,1,'en','validation','dimensions','The :attribute has invalid image dimensions.','2023-01-04 01:11:03','2023-01-04 01:11:03'),(40,1,'en','validation','distinct','The :attribute field has a duplicate value.','2023-01-04 01:11:03','2023-01-04 01:11:03'),(41,1,'en','validation','doesnt_end_with','The :attribute may not end with one of the following: :values.','2023-01-04 01:11:03','2023-01-04 01:11:03'),(42,1,'en','validation','doesnt_start_with','The :attribute may not start with one of the following: :values.','2023-01-04 01:11:03','2023-01-04 01:11:03'),(43,1,'en','validation','email','The :attribute must be a valid email address.','2023-01-04 01:11:03','2023-01-04 01:11:03'),(44,1,'en','validation','ends_with','The :attribute must end with one of the following: :values.','2023-01-04 01:11:03','2023-01-04 01:11:03'),(45,1,'en','validation','enum','The selected :attribute is invalid.','2023-01-04 01:11:03','2023-01-04 01:11:03'),(46,1,'en','validation','exists','The selected :attribute is invalid.','2023-01-04 01:11:03','2023-01-04 01:11:03'),(47,1,'en','validation','file','The :attribute must be a file.','2023-01-04 01:11:03','2023-01-04 01:11:03'),(48,1,'en','validation','filled','The :attribute field must have a value.','2023-01-04 01:11:03','2023-01-04 01:11:03'),(49,1,'en','validation','gt.array','The :attribute must have more than :value items.','2023-01-04 01:11:03','2023-01-04 01:11:03'),(50,1,'en','validation','gt.file','The :attribute must be greater than :value kilobytes.','2023-01-04 01:11:03','2023-01-04 01:11:03'),(51,1,'en','validation','gt.numeric','The :attribute must be greater than :value.','2023-01-04 01:11:03','2023-01-04 01:11:03'),(52,1,'en','validation','gt.string','The :attribute must be greater than :value characters.','2023-01-04 01:11:03','2023-01-04 01:11:03'),(53,1,'en','validation','gte.array','The :attribute must have :value items or more.','2023-01-04 01:11:03','2023-01-04 01:11:03'),(54,1,'en','validation','gte.file','The :attribute must be greater than or equal to :value kilobytes.','2023-01-04 01:11:03','2023-01-04 01:11:03'),(55,1,'en','validation','gte.numeric','The :attribute must be greater than or equal to :value.','2023-01-04 01:11:03','2023-01-04 01:11:03'),(56,1,'en','validation','gte.string','The :attribute must be greater than or equal to :value characters.','2023-01-04 01:11:03','2023-01-04 01:11:03'),(57,1,'en','validation','image','The :attribute must be an image.','2023-01-04 01:11:03','2023-01-04 01:11:03'),(58,1,'en','validation','in','The selected :attribute is invalid.','2023-01-04 01:11:03','2023-01-04 01:11:03'),(59,1,'en','validation','in_array','The :attribute field does not exist in :other.','2023-01-04 01:11:03','2023-01-04 01:11:03'),(60,1,'en','validation','integer','The :attribute must be an integer.','2023-01-04 01:11:03','2023-01-04 01:11:03'),(61,1,'en','validation','ip','The :attribute must be a valid IP address.','2023-01-04 01:11:03','2023-01-04 01:11:03'),(62,1,'en','validation','ipv4','The :attribute must be a valid IPv4 address.','2023-01-04 01:11:03','2023-01-04 01:11:03'),(63,1,'en','validation','ipv6','The :attribute must be a valid IPv6 address.','2023-01-04 01:11:03','2023-01-04 01:11:03'),(64,1,'en','validation','json','The :attribute must be a valid JSON string.','2023-01-04 01:11:03','2023-01-04 01:11:03'),(65,1,'en','validation','lowercase','The :attribute must be lowercase.','2023-01-04 01:11:03','2023-01-04 01:11:03'),(66,1,'en','validation','lt.array','The :attribute must have less than :value items.','2023-01-04 01:11:03','2023-01-04 01:11:03'),(67,1,'en','validation','lt.file','The :attribute must be less than :value kilobytes.','2023-01-04 01:11:03','2023-01-04 01:11:03'),(68,1,'en','validation','lt.numeric','The :attribute must be less than :value.','2023-01-04 01:11:03','2023-01-04 01:11:03'),(69,1,'en','validation','lt.string','The :attribute must be less than :value characters.','2023-01-04 01:11:03','2023-01-04 01:11:03'),(70,1,'en','validation','lte.array','The :attribute must not have more than :value items.','2023-01-04 01:11:03','2023-01-04 01:11:03'),(71,1,'en','validation','lte.file','The :attribute must be less than or equal to :value kilobytes.','2023-01-04 01:11:03','2023-01-04 01:11:03'),(72,1,'en','validation','lte.numeric','The :attribute must be less than or equal to :value.','2023-01-04 01:11:03','2023-01-04 01:11:03'),(73,1,'en','validation','lte.string','The :attribute must be less than or equal to :value characters.','2023-01-04 01:11:03','2023-01-04 01:11:03'),(74,1,'en','validation','mac_address','The :attribute must be a valid MAC address.','2023-01-04 01:11:03','2023-01-04 01:11:03'),(75,1,'en','validation','max.array','The :attribute must not have more than :max items.','2023-01-04 01:11:03','2023-01-04 01:11:03'),(76,1,'en','validation','max.file','The :attribute must not be greater than :max kilobytes.','2023-01-04 01:11:03','2023-01-04 01:11:03'),(77,1,'en','validation','max.numeric','The :attribute must not be greater than :max.','2023-01-04 01:11:03','2023-01-04 01:11:03'),(78,1,'en','validation','max.string','The :attribute must not be greater than :max characters.','2023-01-04 01:11:03','2023-01-04 01:11:03'),(79,1,'en','validation','max_digits','The :attribute must not have more than :max digits.','2023-01-04 01:11:03','2023-01-04 01:11:03'),(80,1,'en','validation','mimes','The :attribute must be a file of type: :values.','2023-01-04 01:11:03','2023-01-04 01:11:03'),(81,1,'en','validation','mimetypes','The :attribute must be a file of type: :values.','2023-01-04 01:11:03','2023-01-04 01:11:03'),(82,1,'en','validation','min.array','The :attribute must have at least :min items.','2023-01-04 01:11:03','2023-01-04 01:11:03'),(83,1,'en','validation','min.file','The :attribute must be at least :min kilobytes.','2023-01-04 01:11:03','2023-01-04 01:11:03'),(84,1,'en','validation','min.numeric','The :attribute must be at least :min.','2023-01-04 01:11:03','2023-01-04 01:11:03'),(85,1,'en','validation','min.string','The :attribute must be at least :min characters.','2023-01-04 01:11:03','2023-01-04 01:11:03'),(86,1,'en','validation','min_digits','The :attribute must have at least :min digits.','2023-01-04 01:11:03','2023-01-04 01:11:03'),(87,1,'en','validation','multiple_of','The :attribute must be a multiple of :value.','2023-01-04 01:11:03','2023-01-04 01:11:03'),(88,1,'en','validation','not_in','The selected :attribute is invalid.','2023-01-04 01:11:03','2023-01-04 01:11:03'),(89,1,'en','validation','not_regex','The :attribute format is invalid.','2023-01-04 01:11:03','2023-01-04 01:11:03'),(90,1,'en','validation','numeric','The :attribute must be a number.','2023-01-04 01:11:03','2023-01-04 01:11:03'),(91,1,'en','validation','password.letters','The :attribute must contain at least one letter.','2023-01-04 01:11:03','2023-01-04 01:11:03'),(92,1,'en','validation','password.mixed','The :attribute must contain at least one uppercase and one lowercase letter.','2023-01-04 01:11:03','2023-01-04 01:11:03'),(93,1,'en','validation','password.numbers','The :attribute must contain at least one number.','2023-01-04 01:11:03','2023-01-04 01:11:03'),(94,1,'en','validation','password.symbols','The :attribute must contain at least one symbol.','2023-01-04 01:11:03','2023-01-04 01:11:03'),(95,1,'en','validation','password.uncompromised','The given :attribute has appeared in a data leak. Please choose a different :attribute.','2023-01-04 01:11:03','2023-01-04 01:11:03'),(96,1,'en','validation','present','The :attribute field must be present.','2023-01-04 01:11:03','2023-01-04 01:11:03'),(97,1,'en','validation','prohibited','The :attribute field is prohibited.','2023-01-04 01:11:03','2023-01-04 01:11:03'),(98,1,'en','validation','prohibited_if','The :attribute field is prohibited when :other is :value.','2023-01-04 01:11:03','2023-01-04 01:11:03'),(99,1,'en','validation','prohibited_unless','The :attribute field is prohibited unless :other is in :values.','2023-01-04 01:11:03','2023-01-04 01:11:03'),(100,1,'en','validation','prohibits','The :attribute field prohibits :other from being present.','2023-01-04 01:11:03','2023-01-04 01:11:03'),(101,1,'en','validation','regex','The :attribute format is invalid.','2023-01-04 01:11:03','2023-01-04 01:11:03'),(102,1,'en','validation','required','The :attribute field is required.','2023-01-04 01:11:03','2023-01-04 01:11:03'),(103,1,'en','validation','required_array_keys','The :attribute field must contain entries for: :values.','2023-01-04 01:11:03','2023-01-04 01:11:03'),(104,1,'en','validation','required_if','The :attribute field is required when :other is :value.','2023-01-04 01:11:03','2023-01-04 01:11:03'),(105,1,'en','validation','required_if_accepted','The :attribute field is required when :other is accepted.','2023-01-04 01:11:03','2023-01-04 01:11:03'),(106,1,'en','validation','required_unless','The :attribute field is required unless :other is in :values.','2023-01-04 01:11:03','2023-01-04 01:11:03'),(107,1,'en','validation','required_with','The :attribute field is required when :values is present.','2023-01-04 01:11:03','2023-01-04 01:11:03'),(108,1,'en','validation','required_with_all','The :attribute field is required when :values are present.','2023-01-04 01:11:03','2023-01-04 01:11:03'),(109,1,'en','validation','required_without','The :attribute field is required when :values is not present.','2023-01-04 01:11:03','2023-01-04 01:11:03'),(110,1,'en','validation','required_without_all','The :attribute field is required when none of :values are present.','2023-01-04 01:11:03','2023-01-04 01:11:03'),(111,1,'en','validation','same','The :attribute and :other must match.','2023-01-04 01:11:03','2023-01-04 01:11:03'),(112,1,'en','validation','size.array','The :attribute must contain :size items.','2023-01-04 01:11:03','2023-01-04 01:11:03'),(113,1,'en','validation','size.file','The :attribute must be :size kilobytes.','2023-01-04 01:11:03','2023-01-04 01:11:03'),(114,1,'en','validation','size.numeric','The :attribute must be :size.','2023-01-04 01:11:03','2023-01-04 01:11:03'),(115,1,'en','validation','size.string','The :attribute must be :size characters.','2023-01-04 01:11:03','2023-01-04 01:11:03'),(116,1,'en','validation','starts_with','The :attribute must start with one of the following: :values.','2023-01-04 01:11:03','2023-01-04 01:11:03'),(117,1,'en','validation','string','The :attribute must be a string.','2023-01-04 01:11:03','2023-01-04 01:11:03'),(118,1,'en','validation','timezone','The :attribute must be a valid timezone.','2023-01-04 01:11:03','2023-01-04 01:11:03'),(119,1,'en','validation','unique','The :attribute has already been taken.','2023-01-04 01:11:03','2023-01-04 01:11:03'),(120,1,'en','validation','uploaded','The :attribute failed to upload.','2023-01-04 01:11:03','2023-01-04 01:11:03'),(121,1,'en','validation','uppercase','The :attribute must be uppercase.','2023-01-04 01:11:03','2023-01-04 01:11:03'),(122,1,'en','validation','url','The :attribute must be a valid URL.','2023-01-04 01:11:03','2023-01-04 01:11:03'),(123,1,'en','validation','ulid','The :attribute must be a valid ULID.','2023-01-04 01:11:03','2023-01-04 01:11:03'),(124,1,'en','validation','uuid','The :attribute must be a valid UUID.','2023-01-04 01:11:03','2023-01-04 01:11:03'),(125,1,'en','validation','custom.attribute-name.rule-name','custom-message','2023-01-04 01:11:03','2023-01-04 01:11:03'),(126,1,'en','core/acl/api','api_clients','API Clients','2023-01-04 01:11:03','2023-01-04 01:11:03'),(127,1,'en','core/acl/api','create_new_client','Create new client','2023-01-04 01:11:03','2023-01-04 01:11:03'),(128,1,'en','core/acl/api','create_new_client_success','Create new client successfully!','2023-01-04 01:11:03','2023-01-04 01:11:03'),(129,1,'en','core/acl/api','edit_client','Edit client \":name\"','2023-01-04 01:11:03','2023-01-04 01:11:03'),(130,1,'en','core/acl/api','edit_client_success','Updated client successfully!','2023-01-04 01:11:03','2023-01-04 01:11:03'),(131,1,'en','core/acl/api','delete_success','Deleted client successfully!','2023-01-04 01:11:03','2023-01-04 01:11:03'),(132,1,'en','core/acl/api','confirm_delete_title','Confirm delete client \":name\"','2023-01-04 01:11:03','2023-01-04 01:11:03'),(133,1,'en','core/acl/api','confirm_delete_description','Do you really want to delete client \":name\"?','2023-01-04 01:11:03','2023-01-04 01:11:03'),(134,1,'en','core/acl/api','cancel_delete','No','2023-01-04 01:11:03','2023-01-04 01:11:03'),(135,1,'en','core/acl/api','continue_delete','Yes, let\'s delete it!','2023-01-04 01:11:03','2023-01-04 01:11:03'),(136,1,'en','core/acl/api','name','Name','2023-01-04 01:11:03','2023-01-04 01:11:03'),(137,1,'en','core/acl/api','cancel','Cancel','2023-01-04 01:11:03','2023-01-04 01:11:03'),(138,1,'en','core/acl/api','save','Save','2023-01-04 01:11:03','2023-01-04 01:11:03'),(139,1,'en','core/acl/api','edit','Edit','2023-01-04 01:11:03','2023-01-04 01:11:03'),(140,1,'en','core/acl/api','delete','Delete','2023-01-04 01:11:03','2023-01-04 01:11:03'),(141,1,'en','core/acl/api','client_id','Client ID','2023-01-04 01:11:03','2023-01-04 01:11:03'),(142,1,'en','core/acl/api','secret','Secret','2023-01-04 01:11:03','2023-01-04 01:11:03'),(143,1,'en','core/acl/auth','login.username','Email/Username','2023-01-04 01:11:03','2023-01-04 01:11:03'),(144,1,'en','core/acl/auth','login.email','Email','2023-01-04 01:11:03','2023-01-04 01:11:03'),(145,1,'en','core/acl/auth','login.password','Password','2023-01-04 01:11:03','2023-01-04 01:11:03'),(146,1,'en','core/acl/auth','login.title','User Login','2023-01-04 01:11:03','2023-01-04 01:11:03'),(147,1,'en','core/acl/auth','login.remember','Remember me?','2023-01-04 01:11:03','2023-01-04 01:11:03'),(148,1,'en','core/acl/auth','login.login','Sign in','2023-01-04 01:11:03','2023-01-04 01:11:03'),(149,1,'en','core/acl/auth','login.placeholder.username','Please enter your username','2023-01-04 01:11:03','2023-01-04 01:11:03'),(150,1,'en','core/acl/auth','login.placeholder.email','Please enter your email','2023-01-04 01:11:03','2023-01-04 01:11:03'),(151,1,'en','core/acl/auth','login.success','Login successfully!','2023-01-04 01:11:03','2023-01-04 01:11:03'),(152,1,'en','core/acl/auth','login.fail','Wrong username or password.','2023-01-04 01:11:03','2023-01-04 01:11:03'),(153,1,'en','core/acl/auth','login.not_active','Your account has not been activated yet!','2023-01-04 01:11:03','2023-01-04 01:11:03'),(154,1,'en','core/acl/auth','login.banned','This account is banned.','2023-01-04 01:11:03','2023-01-04 01:11:03'),(155,1,'en','core/acl/auth','login.logout_success','Logout successfully!','2023-01-04 01:11:03','2023-01-04 01:11:03'),(156,1,'en','core/acl/auth','login.dont_have_account','You don\'t have account on this system, please contact administrator for more information!','2023-01-04 01:11:03','2023-01-04 01:11:03'),(157,1,'en','core/acl/auth','forgot_password.title','Forgot Password','2023-01-04 01:11:03','2023-01-04 01:11:03'),(158,1,'en','core/acl/auth','forgot_password.message','<p>Have you forgotten your password?</p><p>Please enter your email account. System will send a email with active link to reset your password.</p>','2023-01-04 01:11:03','2023-01-04 01:11:03'),(159,1,'en','core/acl/auth','forgot_password.submit','Submit','2023-01-04 01:11:03','2023-01-04 01:11:03'),(160,1,'en','core/acl/auth','reset.new_password','New password','2023-01-04 01:11:03','2023-01-04 01:11:03'),(161,1,'en','core/acl/auth','reset.password_confirmation','Confirm new password','2023-01-04 01:11:03','2023-01-04 01:11:03'),(162,1,'en','core/acl/auth','reset.email','Email','2023-01-04 01:11:03','2023-01-04 01:11:03'),(163,1,'en','core/acl/auth','reset.title','Reset your password','2023-01-04 01:11:03','2023-01-04 01:11:03'),(164,1,'en','core/acl/auth','reset.update','Update','2023-01-04 01:11:03','2023-01-04 01:11:03'),(165,1,'en','core/acl/auth','reset.wrong_token','This link is invalid or expired. Please try using reset form again.','2023-01-04 01:11:03','2023-01-04 01:11:03'),(166,1,'en','core/acl/auth','reset.user_not_found','This username is not exist.','2023-01-04 01:11:03','2023-01-04 01:11:03'),(167,1,'en','core/acl/auth','reset.success','Reset password successfully!','2023-01-04 01:11:03','2023-01-04 01:11:03'),(168,1,'en','core/acl/auth','reset.fail','Token is invalid, the reset password link has been expired!','2023-01-04 01:11:03','2023-01-04 01:11:03'),(169,1,'en','core/acl/auth','reset.reset.title','Email reset password','2023-01-04 01:11:03','2023-01-04 01:11:03'),(170,1,'en','core/acl/auth','reset.send.success','A email was sent to your email account. Please check and complete this action.','2023-01-04 01:11:03','2023-01-04 01:11:03'),(171,1,'en','core/acl/auth','reset.send.fail','Can not send email in this time. Please try again later.','2023-01-04 01:11:03','2023-01-04 01:11:03'),(172,1,'en','core/acl/auth','reset.new-password','New password','2023-01-04 01:11:03','2023-01-04 01:11:03'),(173,1,'en','core/acl/auth','email.reminder.title','Email reset password','2023-01-04 01:11:03','2023-01-04 01:11:03'),(174,1,'en','core/acl/auth','password_confirmation','Password confirm','2023-01-04 01:11:03','2023-01-04 01:11:03'),(175,1,'en','core/acl/auth','failed','Failed','2023-01-04 01:11:03','2023-01-04 01:11:03'),(176,1,'en','core/acl/auth','throttle','Throttle','2023-01-04 01:11:03','2023-01-04 01:11:03'),(177,1,'en','core/acl/auth','not_member','Not a member yet?','2023-01-04 01:11:03','2023-01-04 01:11:03'),(178,1,'en','core/acl/auth','register_now','Register now','2023-01-04 01:11:03','2023-01-04 01:11:03'),(179,1,'en','core/acl/auth','lost_your_password','Lost your password?','2023-01-04 01:11:03','2023-01-04 01:11:03'),(180,1,'en','core/acl/auth','login_title','Admin','2023-01-04 01:11:03','2023-01-04 01:11:03'),(181,1,'en','core/acl/auth','login_via_social','Login with social networks','2023-01-04 01:11:03','2023-01-04 01:11:03'),(182,1,'en','core/acl/auth','back_to_login','Back to login page','2023-01-04 01:11:03','2023-01-04 01:11:03'),(183,1,'en','core/acl/auth','sign_in_below','Sign In Below','2023-01-04 01:11:03','2023-01-04 01:11:03'),(184,1,'en','core/acl/auth','languages','Languages','2023-01-04 01:11:03','2023-01-04 01:11:03'),(185,1,'en','core/acl/auth','reset_password','Reset Password','2023-01-04 01:11:03','2023-01-04 01:11:03'),(186,1,'en','core/acl/auth','settings.email.title','ACL','2023-01-04 01:11:03','2023-01-04 01:11:03'),(187,1,'en','core/acl/auth','settings.email.description','ACL email configuration','2023-01-04 01:11:03','2023-01-04 01:11:03'),(188,1,'en','core/acl/permissions','notices.role_in_use','Cannot delete this role, it is still in use!','2023-01-04 01:11:03','2023-01-04 01:11:03'),(189,1,'en','core/acl/permissions','notices.role_delete_belong_user','You are not able to delete this role; it belongs to someone else!','2023-01-04 01:11:03','2023-01-04 01:11:03'),(190,1,'en','core/acl/permissions','notices.role_edit_belong_user','You are not able to edit this role; it belongs to someone else!','2023-01-04 01:11:03','2023-01-04 01:11:03'),(191,1,'en','core/acl/permissions','notices.delete_global_role','You are not allowed to delete global roles!','2023-01-04 01:11:03','2023-01-04 01:11:03'),(192,1,'en','core/acl/permissions','notices.delete_success','The selected role was deleted successfully!','2023-01-04 01:11:03','2023-01-04 01:11:03'),(193,1,'en','core/acl/permissions','notices.modified_success','The selected role was modified successfully!','2023-01-04 01:11:03','2023-01-04 01:11:03'),(194,1,'en','core/acl/permissions','notices.create_success','The new role was successfully created','2023-01-04 01:11:03','2023-01-04 01:11:03'),(195,1,'en','core/acl/permissions','notices.duplicated_success','The selected role was duplicated successfully','2023-01-04 01:11:03','2023-01-04 01:11:03'),(196,1,'en','core/acl/permissions','notices.no_select','Please select at least one record to take this action!','2023-01-04 01:11:03','2023-01-04 01:11:03'),(197,1,'en','core/acl/permissions','notices.not_found','Role not found','2023-01-04 01:11:03','2023-01-04 01:11:03'),(198,1,'en','core/acl/permissions','name','Name','2023-01-04 01:11:03','2023-01-04 01:11:03'),(199,1,'en','core/acl/permissions','current_role','Current Role','2023-01-04 01:11:03','2023-01-04 01:11:03'),(200,1,'en','core/acl/permissions','no_role_assigned','No role assigned','2023-01-04 01:11:03','2023-01-04 01:11:03'),(201,1,'en','core/acl/permissions','role_assigned','Assigned Role','2023-01-04 01:11:03','2023-01-04 01:11:03'),(202,1,'en','core/acl/permissions','create_role','Create New Role','2023-01-04 01:11:03','2023-01-04 01:11:03'),(203,1,'en','core/acl/permissions','role_name','Name','2023-01-04 01:11:03','2023-01-04 01:11:03'),(204,1,'en','core/acl/permissions','role_description','Description','2023-01-04 01:11:03','2023-01-04 01:11:03'),(205,1,'en','core/acl/permissions','permission_flags','Permission Flags','2023-01-04 01:11:03','2023-01-04 01:11:03'),(206,1,'en','core/acl/permissions','cancel','Cancel','2023-01-04 01:11:03','2023-01-04 01:11:03'),(207,1,'en','core/acl/permissions','reset','Reset','2023-01-04 01:11:03','2023-01-04 01:11:03'),(208,1,'en','core/acl/permissions','save','Save','2023-01-04 01:11:03','2023-01-04 01:11:03'),(209,1,'en','core/acl/permissions','global_role_msg','This is a global role and cannot be modified.  You can use the Duplicate button to make a copy of this role that you can then modify.','2023-01-04 01:11:03','2023-01-04 01:11:03'),(210,1,'en','core/acl/permissions','details','Details','2023-01-04 01:11:03','2023-01-04 01:11:03'),(211,1,'en','core/acl/permissions','duplicate','Duplicate','2023-01-04 01:11:03','2023-01-04 01:11:03'),(212,1,'en','core/acl/permissions','all','All Permissions','2023-01-04 01:11:03','2023-01-04 01:11:03'),(213,1,'en','core/acl/permissions','list_role','List Roles','2023-01-04 01:11:03','2023-01-04 01:11:03'),(214,1,'en','core/acl/permissions','created_on','Created On','2023-01-04 01:11:03','2023-01-04 01:11:03'),(215,1,'en','core/acl/permissions','created_by','Created By','2023-01-04 01:11:03','2023-01-04 01:11:03'),(216,1,'en','core/acl/permissions','actions','Actions','2023-01-04 01:11:03','2023-01-04 01:11:03'),(217,1,'en','core/acl/permissions','role_in_use','Cannot delete this role, it is still in use!','2023-01-04 01:11:03','2023-01-04 01:11:03'),(218,1,'en','core/acl/permissions','role_delete_belong_user','You are not able to delete this role; it belongs to someone else!','2023-01-04 01:11:03','2023-01-04 01:11:03'),(219,1,'en','core/acl/permissions','delete_global_role','Can not delete global role','2023-01-04 01:11:03','2023-01-04 01:11:03'),(220,1,'en','core/acl/permissions','delete_success','Delete role successfully','2023-01-04 01:11:03','2023-01-04 01:11:03'),(221,1,'en','core/acl/permissions','no_select','Please select at least one role to take this action!','2023-01-04 01:11:03','2023-01-04 01:11:03'),(222,1,'en','core/acl/permissions','not_found','No role found!','2023-01-04 01:11:03','2023-01-04 01:11:03'),(223,1,'en','core/acl/permissions','role_edit_belong_user','You are not able to edit this role; it belongs to someone else!','2023-01-04 01:11:03','2023-01-04 01:11:03'),(224,1,'en','core/acl/permissions','modified_success','Modified successfully','2023-01-04 01:11:03','2023-01-04 01:11:03'),(225,1,'en','core/acl/permissions','create_success','Create successfully','2023-01-04 01:11:03','2023-01-04 01:11:03'),(226,1,'en','core/acl/permissions','duplicated_success','Duplicated successfully','2023-01-04 01:11:03','2023-01-04 01:11:03'),(227,1,'en','core/acl/permissions','options','Options','2023-01-04 01:11:03','2023-01-04 01:11:03'),(228,1,'en','core/acl/permissions','access_denied_message','You are not allowed to do this action','2023-01-04 01:11:03','2023-01-04 01:11:03'),(229,1,'en','core/acl/permissions','roles','Roles','2023-01-04 01:11:03','2023-01-04 01:11:03'),(230,1,'en','core/acl/permissions','role_permission','Roles and Permissions','2023-01-04 01:11:03','2023-01-04 01:11:03'),(231,1,'en','core/acl/permissions','user_management','User Management','2023-01-04 01:11:03','2023-01-04 01:11:03'),(232,1,'en','core/acl/permissions','super_user_management','Super User Management','2023-01-04 01:11:03','2023-01-04 01:11:03'),(233,1,'en','core/acl/permissions','action_unauthorized','This action is unauthorized.','2023-01-04 01:11:03','2023-01-04 01:11:03'),(234,1,'en','core/acl/reminders','password','Passwords must be at least six characters and match the confirmation.','2023-01-04 01:11:03','2023-01-04 01:11:03'),(235,1,'en','core/acl/reminders','user','We can\'t find a user with that e-mail address.','2023-01-04 01:11:03','2023-01-04 01:11:03'),(236,1,'en','core/acl/reminders','token','This password reset token is invalid.','2023-01-04 01:11:03','2023-01-04 01:11:03'),(237,1,'en','core/acl/reminders','sent','Password reminder sent!','2023-01-04 01:11:03','2023-01-04 01:11:03'),(238,1,'en','core/acl/reminders','reset','Password has been reset!','2023-01-04 01:11:03','2023-01-04 01:11:03'),(239,1,'en','core/acl/users','delete_user_logged_in','Can\'t delete this user. This user is logged on!','2023-01-04 01:11:03','2023-01-04 01:11:03'),(240,1,'en','core/acl/users','no_select','Please select at least one record to take this action!','2023-01-04 01:11:03','2023-01-04 01:11:03'),(241,1,'en','core/acl/users','lock_user_logged_in','Can\'t lock this user. This user is logged on!','2023-01-04 01:11:03','2023-01-04 01:11:03'),(242,1,'en','core/acl/users','update_success','Update status successfully!','2023-01-04 01:11:03','2023-01-04 01:11:03'),(243,1,'en','core/acl/users','save_setting_failed','Something went wrong when save your setting','2023-01-04 01:11:03','2023-01-04 01:11:03'),(244,1,'en','core/acl/users','not_found','User not found','2023-01-04 01:11:03','2023-01-04 01:11:03'),(245,1,'en','core/acl/users','email_exist','That email address already belongs to an existing account','2023-01-04 01:11:03','2023-01-04 01:11:03'),(246,1,'en','core/acl/users','username_exist','That username address already belongs to an existing account','2023-01-04 01:11:03','2023-01-04 01:11:03'),(247,1,'en','core/acl/users','update_profile_success','Your profile changes were successfully saved','2023-01-04 01:11:03','2023-01-04 01:11:03'),(248,1,'en','core/acl/users','password_update_success','Password successfully changed','2023-01-04 01:11:03','2023-01-04 01:11:03'),(249,1,'en','core/acl/users','current_password_not_valid','Current password is not valid','2023-01-04 01:11:03','2023-01-04 01:11:03'),(250,1,'en','core/acl/users','user_exist_in','User is already a member','2023-01-04 01:11:03','2023-01-04 01:11:03'),(251,1,'en','core/acl/users','email','Email','2023-01-04 01:11:03','2023-01-04 01:11:03'),(252,1,'en','core/acl/users','role','Role','2023-01-04 01:11:03','2023-01-04 01:11:03'),(253,1,'en','core/acl/users','username','Username','2023-01-04 01:11:03','2023-01-04 01:11:03'),(254,1,'en','core/acl/users','last_name','Last Name','2023-01-04 01:11:03','2023-01-04 01:11:03'),(255,1,'en','core/acl/users','first_name','First Name','2023-01-04 01:11:03','2023-01-04 01:11:03'),(256,1,'en','core/acl/users','message','Message','2023-01-04 01:11:03','2023-01-04 01:11:03'),(257,1,'en','core/acl/users','cancel_btn','Cancel','2023-01-04 01:11:03','2023-01-04 01:11:03'),(258,1,'en','core/acl/users','change_password','Change password','2023-01-04 01:11:03','2023-01-04 01:11:03'),(259,1,'en','core/acl/users','current_password','Current password','2023-01-04 01:11:03','2023-01-04 01:11:03'),(260,1,'en','core/acl/users','new_password','New Password','2023-01-04 01:11:03','2023-01-04 01:11:03'),(261,1,'en','core/acl/users','confirm_new_password','Confirm New Password','2023-01-04 01:11:03','2023-01-04 01:11:03'),(262,1,'en','core/acl/users','password','Password','2023-01-04 01:11:03','2023-01-04 01:11:03'),(263,1,'en','core/acl/users','save','Save','2023-01-04 01:11:03','2023-01-04 01:11:03'),(264,1,'en','core/acl/users','cannot_delete','User could not be deleted','2023-01-04 01:11:03','2023-01-04 01:11:03'),(265,1,'en','core/acl/users','deleted','User deleted','2023-01-04 01:11:03','2023-01-04 01:11:03'),(266,1,'en','core/acl/users','last_login','Last Login','2023-01-04 01:11:03','2023-01-04 01:11:03'),(267,1,'en','core/acl/users','error_update_profile_image','Error when update profile image','2023-01-04 01:11:03','2023-01-04 01:11:03'),(268,1,'en','core/acl/users','email_reminder_template','<h3>Hello :name</h3><p>The system has received a request to restore the password for your account, to complete this task please click the link below.</p><p><a href=\":link\">Reset password now</a></p><p>If not you ask recover password, please ignore this email.</p><p>This email is valid for 60 minutes after receiving the email.</p>','2023-01-04 01:11:03','2023-01-04 01:11:03'),(269,1,'en','core/acl/users','change_profile_image','Change Profile Image','2023-01-04 01:11:03','2023-01-04 01:11:03'),(270,1,'en','core/acl/users','new_image','New Image','2023-01-04 01:11:03','2023-01-04 01:11:03'),(271,1,'en','core/acl/users','loading','Loading','2023-01-04 01:11:03','2023-01-04 01:11:03'),(272,1,'en','core/acl/users','close','Close','2023-01-04 01:11:03','2023-01-04 01:11:03'),(273,1,'en','core/acl/users','update','Update','2023-01-04 01:11:03','2023-01-04 01:11:03'),(274,1,'en','core/acl/users','read_image_failed','Failed to read the image file','2023-01-04 01:11:03','2023-01-04 01:11:03'),(275,1,'en','core/acl/users','users','Users','2023-01-04 01:11:03','2023-01-04 01:11:03'),(276,1,'en','core/acl/users','update_avatar_success','Update profile image successfully!','2023-01-04 01:11:03','2023-01-04 01:11:03'),(277,1,'en','core/acl/users','info.title','User profile','2023-01-04 01:11:03','2023-01-04 01:11:03'),(278,1,'en','core/acl/users','info.first_name','First Name','2023-01-04 01:11:03','2023-01-04 01:11:03'),(279,1,'en','core/acl/users','info.last_name','Last Name','2023-01-04 01:11:03','2023-01-04 01:11:03'),(280,1,'en','core/acl/users','total_users','Total users','2023-01-04 01:11:03','2023-01-04 01:11:03'),(281,1,'en','core/acl/users','statuses.activated','Activated','2023-01-04 01:11:03','2023-01-04 01:11:03'),(282,1,'en','core/acl/users','statuses.deactivated','Deactivated','2023-01-04 01:11:03','2023-01-04 01:11:03'),(283,1,'en','core/acl/users','make_super','Make super','2023-01-04 01:11:03','2023-01-04 01:11:03'),(284,1,'en','core/acl/users','remove_super','Remove super','2023-01-04 01:11:03','2023-01-04 01:11:03'),(285,1,'en','core/acl/users','is_super','Is super?','2023-01-04 01:11:03','2023-01-04 01:11:03'),(286,1,'en','core/acl/users','email_placeholder','Ex: example@gmail.com','2023-01-04 01:11:03','2023-01-04 01:11:03'),(287,1,'en','core/acl/users','password_confirmation','Re-type password','2023-01-04 01:11:04','2023-01-04 01:11:04'),(288,1,'en','core/acl/users','select_role','Select role','2023-01-04 01:11:04','2023-01-04 01:11:04'),(289,1,'en','core/acl/users','create_new_user','Create a new user','2023-01-04 01:11:04','2023-01-04 01:11:04'),(290,1,'en','core/acl/users','cannot_delete_super_user','Permission denied. Cannot delete a super user!','2023-01-04 01:11:04','2023-01-04 01:11:04'),(291,1,'en','core/acl/users','assigned_role','Assigned Role','2023-01-04 01:11:04','2023-01-04 01:11:04'),(292,1,'en','core/acl/users','no_role_assigned','No role assigned','2023-01-04 01:11:04','2023-01-04 01:11:04'),(293,1,'en','core/acl/users','view_user_profile','View user\'s profile','2023-01-04 01:11:04','2023-01-04 01:11:04'),(294,1,'vi','core/acl/auth','login.username','Email/Tên truy câ?p','2023-01-04 01:11:04','2023-01-04 01:11:04'),(295,1,'vi','core/acl/auth','login.password','Mâ?t khâ?u','2023-01-04 01:11:04','2023-01-04 01:11:04'),(296,1,'vi','core/acl/auth','login.title','??ng nh?p vào qu?n tr?','2023-01-04 01:11:04','2023-01-04 01:11:04'),(297,1,'vi','core/acl/auth','login.remember','Nh?? mâ?t khâ?u?','2023-01-04 01:11:04','2023-01-04 01:11:04'),(298,1,'vi','core/acl/auth','login.login','??ng nhâ?p','2023-01-04 01:11:04','2023-01-04 01:11:04'),(299,1,'vi','core/acl/auth','login.placeholder.username','Vui lo?ng nhâ?p tên truy câ?p','2023-01-04 01:11:04','2023-01-04 01:11:04'),(300,1,'vi','core/acl/auth','login.placeholder.email','Vui l?ng nh?p email','2023-01-04 01:11:04','2023-01-04 01:11:04'),(301,1,'vi','core/acl/auth','login.success','??ng nhâ?p tha?nh công!','2023-01-04 01:11:04','2023-01-04 01:11:04'),(302,1,'vi','core/acl/auth','login.fail','Sai tên truy câ?p ho??c mâ?t khâ?u.','2023-01-04 01:11:04','2023-01-04 01:11:04'),(303,1,'vi','core/acl/auth','login.not_active','Ta?i khoa?n cu?a ba?n ch?a ????c ki?ch hoa?t!','2023-01-04 01:11:04','2023-01-04 01:11:04'),(304,1,'vi','core/acl/auth','login.banned','Ta?i khoa?n na?y ?a? bi? kho?a.','2023-01-04 01:11:04','2023-01-04 01:11:04'),(305,1,'vi','core/acl/auth','login.logout_success','??ng xuâ?t tha?nh công!','2023-01-04 01:11:04','2023-01-04 01:11:04'),(306,1,'vi','core/acl/auth','login.dont_have_account','B?n không c? tài kho?n trong h? th?ng, vui l?ng liên h? qu?n tr? viên!','2023-01-04 01:11:04','2023-01-04 01:11:04'),(307,1,'vi','core/acl/auth','login.email','Email','2023-01-04 01:11:04','2023-01-04 01:11:04'),(308,1,'vi','core/acl/auth','forgot_password.title','Quên mâ?t khâ?u','2023-01-04 01:11:04','2023-01-04 01:11:04'),(309,1,'vi','core/acl/auth','forgot_password.message','<p>Quên mâ?t khâ?u?</p><p>Vui l?ng nh?p email ??ng nh?p tài kho?n c?a b?n ?? h? th?ng g?i liên k?t khôi ph?c m?t kh?u.</p>','2023-01-04 01:11:04','2023-01-04 01:11:04'),(310,1,'vi','core/acl/auth','forgot_password.submit','Hoa?n tâ?t','2023-01-04 01:11:04','2023-01-04 01:11:04'),(311,1,'vi','core/acl/auth','reset.new_password','Mâ?t khâ?u m??i','2023-01-04 01:11:04','2023-01-04 01:11:04'),(312,1,'vi','core/acl/auth','reset.title','Khôi phu?c mâ?t khâ?u','2023-01-04 01:11:04','2023-01-04 01:11:04'),(313,1,'vi','core/acl/auth','reset.update','Câ?p nhâ?t','2023-01-04 01:11:04','2023-01-04 01:11:04'),(314,1,'vi','core/acl/auth','reset.wrong_token','Liên kê?t na?y không chi?nh xa?c ho??c ?a? hê?t hiê?u l??c, vui lo?ng yêu câ?u khôi phu?c mâ?t khâ?u la?i!','2023-01-04 01:11:04','2023-01-04 01:11:04'),(315,1,'vi','core/acl/auth','reset.user_not_found','Tên ??ng nhâ?p không tô?n ta?i.','2023-01-04 01:11:04','2023-01-04 01:11:04'),(316,1,'vi','core/acl/auth','reset.success','Khôi phu?c mâ?t khâ?u tha?nh công!','2023-01-04 01:11:04','2023-01-04 01:11:04'),(317,1,'vi','core/acl/auth','reset.fail','Token không h??p lê? ho??c liên kê?t khôi phu?c mâ?t khâ?u ?a? hê?t th??i gian hiê?u l??c!','2023-01-04 01:11:04','2023-01-04 01:11:04'),(318,1,'vi','core/acl/auth','reset.reset.title','Email khôi phu?c mâ?t khâ?u','2023-01-04 01:11:04','2023-01-04 01:11:04'),(319,1,'vi','core/acl/auth','reset.send.success','Mô?t email khôi phu?c mâ?t khâ?u ?a? ????c g??i t??i email cu?a ba?n, vui lo?ng kiê?m tra va? hoa?n tâ?t yêu câ?u.','2023-01-04 01:11:04','2023-01-04 01:11:04'),(320,1,'vi','core/acl/auth','reset.send.fail','Không thê? g??i email trong lu?c na?y. Vui lo?ng th??c hiê?n la?i sau.','2023-01-04 01:11:04','2023-01-04 01:11:04'),(321,1,'vi','core/acl/auth','reset.new-password','Mâ?t khâ?u m??i','2023-01-04 01:11:04','2023-01-04 01:11:04'),(322,1,'vi','core/acl/auth','reset.email','Email','2023-01-04 01:11:04','2023-01-04 01:11:04'),(323,1,'vi','core/acl/auth','reset.password_confirmation','X?c nh?n m?t kh?u m?i','2023-01-04 01:11:04','2023-01-04 01:11:04'),(324,1,'vi','core/acl/auth','email.reminder.title','Email khôi phu?c mâ?t khâ?u','2023-01-04 01:11:04','2023-01-04 01:11:04'),(325,1,'vi','core/acl/auth','failed','Không tha?nh công','2023-01-04 01:11:04','2023-01-04 01:11:04'),(326,1,'vi','core/acl/auth','throttle','Throttle','2023-01-04 01:11:04','2023-01-04 01:11:04'),(327,1,'vi','core/acl/auth','back_to_login','Quay l?i trang ??ng nh?p','2023-01-04 01:11:04','2023-01-04 01:11:04'),(328,1,'vi','core/acl/auth','login_title','??ng nh?p vào qu?n tr?','2023-01-04 01:11:04','2023-01-04 01:11:04'),(329,1,'vi','core/acl/auth','login_via_social','??ng nh?p thông qua m?ng x? h?i','2023-01-04 01:11:04','2023-01-04 01:11:04'),(330,1,'vi','core/acl/auth','lost_your_password','Quên m?t kh?u?','2023-01-04 01:11:04','2023-01-04 01:11:04'),(331,1,'vi','core/acl/auth','not_member','Ch?a là thành viên?','2023-01-04 01:11:04','2023-01-04 01:11:04'),(332,1,'vi','core/acl/auth','register_now','??ng k? ngay','2023-01-04 01:11:04','2023-01-04 01:11:04'),(333,1,'vi','core/acl/auth','languages','Ngôn ng?','2023-01-04 01:11:04','2023-01-04 01:11:04'),(334,1,'vi','core/acl/auth','password_confirmation','X?c nh?n m?t kh?u','2023-01-04 01:11:04','2023-01-04 01:11:04'),(335,1,'vi','core/acl/auth','reset_password','Khôi ph?c m?t kh?u','2023-01-04 01:11:04','2023-01-04 01:11:04'),(336,1,'vi','core/acl/auth','sign_in_below','??ng nh?p','2023-01-04 01:11:04','2023-01-04 01:11:04'),(337,1,'vi','core/acl/permissions','notices.role_in_use','Không thê? xo?a quyê?n ng???i du?ng na?y vi? no? ?ang ????c s?? du?ng!','2023-01-04 01:11:04','2023-01-04 01:11:04'),(338,1,'vi','core/acl/permissions','notices.role_delete_belong_user','Không thê? xo?a quyê?n ha?n na?y vi? no? thuô?c vê? ng???i kha?c!','2023-01-04 01:11:04','2023-01-04 01:11:04'),(339,1,'vi','core/acl/permissions','notices.role_edit_belong_user','Ba?n không ????c phe?p s??a quyê?n na?y vi? no? thuô?c vê? ng???i kha?c','2023-01-04 01:11:04','2023-01-04 01:11:04'),(340,1,'vi','core/acl/permissions','notices.delete_global_role','Ba?n không thê? xo?a quyê?n ng???i du?ng hê? thô?ng!','2023-01-04 01:11:04','2023-01-04 01:11:04'),(341,1,'vi','core/acl/permissions','notices.delete_success','Quyê?n ng???i du?ng ?a? ????c xo?a!','2023-01-04 01:11:04','2023-01-04 01:11:04'),(342,1,'vi','core/acl/permissions','notices.modified_success','Quyê?n ng???i du?ng ?a? ????c câ?p nhâ?t tha?nh công!','2023-01-04 01:11:04','2023-01-04 01:11:04'),(343,1,'vi','core/acl/permissions','notices.create_success','Quyê?n ng???i du?ng m??i ?a? ????c ta?o tha?nh công!','2023-01-04 01:11:04','2023-01-04 01:11:04'),(344,1,'vi','core/acl/permissions','notices.duplicated_success','Quyê?n ng???i du?ng ?a? ????c sao che?p tha?nh công!','2023-01-04 01:11:04','2023-01-04 01:11:04'),(345,1,'vi','core/acl/permissions','notices.no_select','Ha?y cho?n i?t nhâ?t mô?t quyê?n ng???i du?ng ?ê? th??c hiê?n ha?nh ?ô?ng na?y!','2023-01-04 01:11:04','2023-01-04 01:11:04'),(346,1,'vi','core/acl/permissions','notices.not_found','Không ti?m thâ?y quyê?n ng???i du?ng na?y','2023-01-04 01:11:04','2023-01-04 01:11:04'),(347,1,'vi','core/acl/permissions','name','Tên','2023-01-04 01:11:04','2023-01-04 01:11:04'),(348,1,'vi','core/acl/permissions','current_role','Quyê?n hiê?n ta?i','2023-01-04 01:11:04','2023-01-04 01:11:04'),(349,1,'vi','core/acl/permissions','no_role_assigned','Không co? quyê?n ha?n na?o','2023-01-04 01:11:04','2023-01-04 01:11:04'),(350,1,'vi','core/acl/permissions','role_assigned','Quyê?n ?a? ????c ga?n','2023-01-04 01:11:04','2023-01-04 01:11:04'),(351,1,'vi','core/acl/permissions','create_role','Ta?o quyê?n m??i','2023-01-04 01:11:04','2023-01-04 01:11:04'),(352,1,'vi','core/acl/permissions','role_name','Tên','2023-01-04 01:11:04','2023-01-04 01:11:04'),(353,1,'vi','core/acl/permissions','role_description','Mô ta?','2023-01-04 01:11:04','2023-01-04 01:11:04'),(354,1,'vi','core/acl/permissions','permission_flags','C?? ?a?nh dâ?u quyê?n ha?n','2023-01-04 01:11:04','2023-01-04 01:11:04'),(355,1,'vi','core/acl/permissions','cancel','Hu?y bo?','2023-01-04 01:11:04','2023-01-04 01:11:04'),(356,1,'vi','core/acl/permissions','reset','La?m la?i','2023-01-04 01:11:04','2023-01-04 01:11:04'),(357,1,'vi','core/acl/permissions','save','L?u','2023-01-04 01:11:04','2023-01-04 01:11:04'),(358,1,'vi','core/acl/permissions','global_role_msg','?ây la? mô?t phân quyê?n toa?n cu?c va? không thê? thay ?ô?i.  Ba?n co? thê? s?? du?ng nu?t \"Nhân ba?n\" ?ê? ta?o mô?t ba?n sao che?p cho phân quyê?n na?y va? chi?nh s??a.','2023-01-04 01:11:04','2023-01-04 01:11:04'),(359,1,'vi','core/acl/permissions','details','Chi tiê?t','2023-01-04 01:11:04','2023-01-04 01:11:04'),(360,1,'vi','core/acl/permissions','duplicate','Nhân ba?n','2023-01-04 01:11:04','2023-01-04 01:11:04'),(361,1,'vi','core/acl/permissions','all','Tâ?t ca? phân quyê?n','2023-01-04 01:11:04','2023-01-04 01:11:04'),(362,1,'vi','core/acl/permissions','list_role','Danh sa?ch quyê?n','2023-01-04 01:11:04','2023-01-04 01:11:04'),(363,1,'vi','core/acl/permissions','created_on','Nga?y ta?o','2023-01-04 01:11:04','2023-01-04 01:11:04'),(364,1,'vi','core/acl/permissions','created_by','????c ta?o b??i','2023-01-04 01:11:04','2023-01-04 01:11:04'),(365,1,'vi','core/acl/permissions','actions','Ta?c vu?','2023-01-04 01:11:04','2023-01-04 01:11:04'),(366,1,'vi','core/acl/permissions','create_success','Ta?o tha?nh công!','2023-01-04 01:11:04','2023-01-04 01:11:04'),(367,1,'vi','core/acl/permissions','delete_global_role','Không thê? xo?a quyê?n hê? thô?ng','2023-01-04 01:11:04','2023-01-04 01:11:04'),(368,1,'vi','core/acl/permissions','delete_success','Xo?a quyê?n tha?nh công','2023-01-04 01:11:04','2023-01-04 01:11:04'),(369,1,'vi','core/acl/permissions','duplicated_success','Nhân ba?n tha?nh công','2023-01-04 01:11:04','2023-01-04 01:11:04'),(370,1,'vi','core/acl/permissions','modified_success','S??a tha?nh công','2023-01-04 01:11:04','2023-01-04 01:11:04'),(371,1,'vi','core/acl/permissions','no_select','Ha?y cho?n i?t nhâ?t mô?t quyê?n ?ê? th??c hiê?n ha?nh ?ô?ng na?y!','2023-01-04 01:11:04','2023-01-04 01:11:04'),(372,1,'vi','core/acl/permissions','not_found','Không ti?m thâ?y quyê?n tha?nh viên na?o!','2023-01-04 01:11:04','2023-01-04 01:11:04'),(373,1,'vi','core/acl/permissions','options','Tu?y cho?n','2023-01-04 01:11:04','2023-01-04 01:11:04'),(374,1,'vi','core/acl/permissions','role_delete_belong_user','Không thê? xo?a quyê?n ha?n na?y vi? no? thuô?c vê? ng???i kha?c!','2023-01-04 01:11:04','2023-01-04 01:11:04'),(375,1,'vi','core/acl/permissions','role_edit_belong_user','Ba?n không ????c phe?p s??a quyê?n na?y vi? no? thuô?c vê? ng???i kha?c','2023-01-04 01:11:04','2023-01-04 01:11:04'),(376,1,'vi','core/acl/permissions','role_in_use','Không thê? xo?a quyê?n ng???i du?ng na?y vi? no? ?ang ????c s?? du?ng!','2023-01-04 01:11:04','2023-01-04 01:11:04'),(377,1,'vi','core/acl/permissions','access_denied_message','Ba?n không co? quyê?n s?? du?ng ch??c n?ng na?y!','2023-01-04 01:11:04','2023-01-04 01:11:04'),(378,1,'vi','core/acl/permissions','roles','Quy?n','2023-01-04 01:11:04','2023-01-04 01:11:04'),(379,1,'vi','core/acl/permissions','role_permission','Nh?m và phân quy?n','2023-01-04 01:11:04','2023-01-04 01:11:04'),(380,1,'vi','core/acl/permissions','user_management','Qu?n l? ng??i dùng h? th?ng','2023-01-04 01:11:04','2023-01-04 01:11:04'),(381,1,'vi','core/acl/permissions','super_user_management','Qu?n l? ng??i dùng c?p cao','2023-01-04 01:11:04','2023-01-04 01:11:04'),(382,1,'vi','core/acl/permissions','action_unauthorized','Hành ??ng này không ???c phép','2023-01-04 01:11:04','2023-01-04 01:11:04'),(383,1,'vi','core/acl/reminders','password','M?t kh?u ph?i ?t nh?t 6 k? t? và trùng kh?p v?i m?t kh?u x?c nh?n.','2023-01-04 01:11:04','2023-01-04 01:11:04'),(384,1,'vi','core/acl/reminders','user','H? th?ng không th? t?m th?y tài kho?n v?i email này.','2023-01-04 01:11:04','2023-01-04 01:11:04'),(385,1,'vi','core/acl/reminders','token','M? khôi ph?c m?t kh?u này không h?p l?.','2023-01-04 01:11:04','2023-01-04 01:11:04'),(386,1,'vi','core/acl/reminders','sent','Liên k?t khôi ph?c m?t kh?u ?? ???c g?i!','2023-01-04 01:11:04','2023-01-04 01:11:04'),(387,1,'vi','core/acl/reminders','reset','M?t kh?u ?? ???c thay ??i!','2023-01-04 01:11:04','2023-01-04 01:11:04'),(388,1,'vi','core/acl/users','delete_user_logged_in','Không thê? xo?a ng???i du?ng ?ang ??ng nhâ?p hê? thô?ng!','2023-01-04 01:11:04','2023-01-04 01:11:04'),(389,1,'vi','core/acl/users','no_select','Ha?y cho?n i?t nhâ?t mô?t tr???ng ?ê? th??c hiê?n ha?nh ?ô?ng na?y!','2023-01-04 01:11:04','2023-01-04 01:11:04'),(390,1,'vi','core/acl/users','lock_user_logged_in','Không thê? kho?a ng???i du?ng ?ang ??ng nhâ?p hê? thô?ng!','2023-01-04 01:11:04','2023-01-04 01:11:04'),(391,1,'vi','core/acl/users','update_success','Câ?p nhâ?t tra?ng tha?i tha?nh công!','2023-01-04 01:11:04','2023-01-04 01:11:04'),(392,1,'vi','core/acl/users','save_setting_failed','Co? lô?i xa?y ra trong qua? tri?nh l?u ca?i ???t cu?a ng???i du?ng','2023-01-04 01:11:04','2023-01-04 01:11:04'),(393,1,'vi','core/acl/users','not_found','Không ti?m thâ?y ng???i du?ng','2023-01-04 01:11:04','2023-01-04 01:11:04'),(394,1,'vi','core/acl/users','email_exist','Email na?y ?a? ????c s?? du?ng b??i ng???i du?ng kha?c trong hê? thô?ng','2023-01-04 01:11:04','2023-01-04 01:11:04'),(395,1,'vi','core/acl/users','username_exist','Tên ??ng nhâ?p na?y ?a? ????c s?? du?ng b??i ng???i du?ng kha?c trong hê? thô?ng','2023-01-04 01:11:04','2023-01-04 01:11:04'),(396,1,'vi','core/acl/users','update_profile_success','Thông tin ta?i khoa?n cu?a ba?n ?a? ????c câ?p nhâ?t tha?nh công','2023-01-04 01:11:04','2023-01-04 01:11:04'),(397,1,'vi','core/acl/users','password_update_success','Câ?p nhâ?t mâ?t khâ?u tha?nh công','2023-01-04 01:11:04','2023-01-04 01:11:04'),(398,1,'vi','core/acl/users','current_password_not_valid','Mâ?t khâ?u hiê?n ta?i không chi?nh xa?c','2023-01-04 01:11:04','2023-01-04 01:11:04'),(399,1,'vi','core/acl/users','user_exist_in','Ng???i du?ng ?a? la? tha?nh viên','2023-01-04 01:11:04','2023-01-04 01:11:04'),(400,1,'vi','core/acl/users','email','Email','2023-01-04 01:11:04','2023-01-04 01:11:04'),(401,1,'vi','core/acl/users','username','Tên ??ng nhâ?p','2023-01-04 01:11:04','2023-01-04 01:11:04'),(402,1,'vi','core/acl/users','role','Phân quyê?n','2023-01-04 01:11:04','2023-01-04 01:11:04'),(403,1,'vi','core/acl/users','first_name','Ho?','2023-01-04 01:11:04','2023-01-04 01:11:04'),(404,1,'vi','core/acl/users','last_name','Tên','2023-01-04 01:11:04','2023-01-04 01:11:04'),(405,1,'vi','core/acl/users','message','Thông ?iê?p','2023-01-04 01:11:04','2023-01-04 01:11:04'),(406,1,'vi','core/acl/users','cancel_btn','Hu?y bo?','2023-01-04 01:11:04','2023-01-04 01:11:04'),(407,1,'vi','core/acl/users','password','Mâ?t khâ?u','2023-01-04 01:11:04','2023-01-04 01:11:04'),(408,1,'vi','core/acl/users','new_password','Mâ?t khâ?u m??i','2023-01-04 01:11:04','2023-01-04 01:11:04'),(409,1,'vi','core/acl/users','save','L?u','2023-01-04 01:11:04','2023-01-04 01:11:04'),(410,1,'vi','core/acl/users','confirm_new_password','Xa?c nhâ?n mâ?t khâ?u m??i','2023-01-04 01:11:04','2023-01-04 01:11:04'),(411,1,'vi','core/acl/users','deleted','Xo?a tha?nh viên tha?nh công','2023-01-04 01:11:04','2023-01-04 01:11:04'),(412,1,'vi','core/acl/users','cannot_delete','Không thê? xo?a tha?nh viên','2023-01-04 01:11:04','2023-01-04 01:11:04'),(413,1,'vi','core/acl/users','last_login','L?n cu?i ??ng nh?p','2023-01-04 01:11:04','2023-01-04 01:11:04'),(414,1,'vi','core/acl/users','error_update_profile_image','C? l?i trong qu? tr?nh ??i ?nh ??i di?n','2023-01-04 01:11:04','2023-01-04 01:11:04'),(415,1,'vi','core/acl/users','email_reminder_template','<h3>Xin cha?o :name</h3><p>H? th?ng v?a nh?n ???c yêu c?u khôi ph?c m?t kh?u cho tài kho?n c?a b?n, ?? hoàn t?t t?c v? này vui l?ng click vào ???ng link bên d??i.</p><p><a href=\":link\">Khôi phu?c mâ?t khâ?u</a></p><p>N?u không ph?i b?n yêu c?u khôi ph?c m?t kh?u, vui l?ng b? qua email này.</p><p>Email này c? gi? tr? trong v?ng 60 ph?t k? t? l?c nh?n ???c email.</p>','2023-01-04 01:11:04','2023-01-04 01:11:04'),(416,1,'vi','core/acl/users','change_profile_image','Thay ??i ?nh ??i di?n','2023-01-04 01:11:04','2023-01-04 01:11:04'),(417,1,'vi','core/acl/users','new_image','?nh m?i','2023-01-04 01:11:04','2023-01-04 01:11:04'),(418,1,'vi','core/acl/users','loading','?ang t?i','2023-01-04 01:11:04','2023-01-04 01:11:04'),(419,1,'vi','core/acl/users','close','??ng','2023-01-04 01:11:04','2023-01-04 01:11:04'),(420,1,'vi','core/acl/users','update','C?p nh?t','2023-01-04 01:11:04','2023-01-04 01:11:04'),(421,1,'vi','core/acl/users','read_image_failed','Không ??c ???c n?i dung c?a h?nh ?nh','2023-01-04 01:11:04','2023-01-04 01:11:04'),(422,1,'vi','core/acl/users','update_avatar_success','C?p nh?t ?nh ??i di?n thành công!','2023-01-04 01:11:04','2023-01-04 01:11:04'),(423,1,'vi','core/acl/users','users','Qu?n tr? viên','2023-01-04 01:11:04','2023-01-04 01:11:04'),(424,1,'vi','core/acl/users','info.title','Thông tin ng??i dùng','2023-01-04 01:11:04','2023-01-04 01:11:04'),(425,1,'vi','core/acl/users','info.first_name','H?','2023-01-04 01:11:04','2023-01-04 01:11:04'),(426,1,'vi','core/acl/users','info.last_name','Tên','2023-01-04 01:11:04','2023-01-04 01:11:04'),(427,1,'vi','core/acl/users','statuses.activated','?ang ho?t ??ng','2023-01-04 01:11:04','2023-01-04 01:11:04'),(428,1,'vi','core/acl/users','statuses.deactivated','?? kho?','2023-01-04 01:11:04','2023-01-04 01:11:04'),(429,1,'vi','core/acl/users','change_password','Thay ??i m?t kh?u','2023-01-04 01:11:04','2023-01-04 01:11:04'),(430,1,'vi','core/acl/users','current_password','M?t kh?u hi?n t?i','2023-01-04 01:11:04','2023-01-04 01:11:04'),(431,1,'vi','core/acl/users','make_super','Thi?t l?p quy?n cao nh?t','2023-01-04 01:11:04','2023-01-04 01:11:04'),(432,1,'vi','core/acl/users','remove_super','Lo?i b? quy?n cao nh?t','2023-01-04 01:11:04','2023-01-04 01:11:04'),(433,1,'vi','core/acl/users','is_super','Quy?n cao nh?t?','2023-01-04 01:11:04','2023-01-04 01:11:04'),(434,1,'vi','core/acl/users','email_placeholder','Ex: example@gmail.com','2023-01-04 01:11:04','2023-01-04 01:11:04'),(435,1,'vi','core/acl/users','password_confirmation','Nh?p l?i m?t kh?u','2023-01-04 01:11:04','2023-01-04 01:11:04'),(436,1,'vi','core/acl/users','select_role','Ch?n nh?m','2023-01-04 01:11:04','2023-01-04 01:11:04'),(437,1,'vi','core/acl/users','create_new_user','T?o tài kho?n qu?n tr? viên m?i','2023-01-04 01:11:04','2023-01-04 01:11:04'),(438,1,'vi','core/acl/users','cannot_delete_super_user','V??t quy?n h?n, không th? xo? qu?n tr? viên c?p cao nh?t!','2023-01-04 01:11:04','2023-01-04 01:11:04'),(439,1,'vi','core/acl/users','assigned_role','C?p quy?n','2023-01-04 01:11:04','2023-01-04 01:11:04'),(440,1,'vi','core/acl/users','total_users','T?ng s? ng??i dùng','2023-01-04 01:11:04','2023-01-04 01:11:04'),(441,1,'vi','core/acl/users','view_user_profile','Xem thông tin ng??i dùng','2023-01-04 01:11:04','2023-01-04 01:11:04'),(442,1,'vi','core/acl/users','no_role_assigned','Ch?a c? quy?n nào','2023-01-04 01:11:04','2023-01-04 01:11:04'),(443,1,'en','core/base/base','yes','Yes','2023-01-04 01:11:04','2023-01-04 01:11:04'),(444,1,'en','core/base/base','no','No','2023-01-04 01:11:04','2023-01-04 01:11:04'),(445,1,'en','core/base/base','is_default','Is default?','2023-01-04 01:11:04','2023-01-04 01:11:04'),(446,1,'en','core/base/base','proc_close_disabled_error','Function proc_close() is disabled. Please contact your hosting provider to enable\n    it. Or you can add to .env: CAN_EXECUTE_COMMAND=false to disable this feature.','2023-01-04 01:11:04','2023-01-04 01:11:04'),(447,1,'en','core/base/base','email_template.header','Email template header','2023-01-04 01:11:04','2023-01-04 01:11:04'),(448,1,'en','core/base/base','email_template.footer','Email template footer','2023-01-04 01:11:04','2023-01-04 01:11:04'),(449,1,'en','core/base/base','email_template.site_title','Site title','2023-01-04 01:11:04','2023-01-04 01:11:04'),(450,1,'en','core/base/base','email_template.site_url','Site URL','2023-01-04 01:11:04','2023-01-04 01:11:04'),(451,1,'en','core/base/base','email_template.site_logo','Site Logo','2023-01-04 01:11:04','2023-01-04 01:11:04'),(452,1,'en','core/base/base','email_template.date_time','Current date time','2023-01-04 01:11:04','2023-01-04 01:11:04'),(453,1,'en','core/base/base','email_template.date_year','Current year','2023-01-04 01:11:04','2023-01-04 01:11:04'),(454,1,'en','core/base/base','email_template.site_admin_email','Site admin email','2023-01-04 01:11:04','2023-01-04 01:11:04'),(455,1,'en','core/base/base','change_image','Change image','2023-01-04 01:11:04','2023-01-04 01:11:04'),(456,1,'en','core/base/base','delete_image','Delete image','2023-01-04 01:11:04','2023-01-04 01:11:04'),(457,1,'en','core/base/base','preview_image','Preview image','2023-01-04 01:11:04','2023-01-04 01:11:04'),(458,1,'en','core/base/base','image','Image','2023-01-04 01:11:04','2023-01-04 01:11:04'),(459,1,'en','core/base/base','using_button','Using button','2023-01-04 01:11:04','2023-01-04 01:11:04'),(460,1,'en','core/base/base','select_image','Select image','2023-01-04 01:11:04','2023-01-04 01:11:04'),(461,1,'en','core/base/base','to_add_more_image','to add more images','2023-01-04 01:11:04','2023-01-04 01:11:04'),(462,1,'en','core/base/base','add_image','Add image','2023-01-04 01:11:04','2023-01-04 01:11:04'),(463,1,'en','core/base/base','tools','Tools','2023-01-04 01:11:04','2023-01-04 01:11:04'),(464,1,'en','core/base/cache','cache_management','Cache management','2023-01-04 01:11:04','2023-01-04 01:11:04'),(465,1,'en','core/base/cache','cache_commands','Clear cache commands','2023-01-04 01:11:04','2023-01-04 01:11:04'),(466,1,'en','core/base/cache','commands.clear_cms_cache.title','Clear all CMS cache','2023-01-04 01:11:04','2023-01-04 01:11:04'),(467,1,'en','core/base/cache','commands.clear_cms_cache.description','Clear CMS caching: database caching, static blocks... Run this command when you don\'t see the changes after updating data.','2023-01-04 01:11:04','2023-01-04 01:11:04'),(468,1,'en','core/base/cache','commands.clear_cms_cache.success_msg','Cache cleaned','2023-01-04 01:11:04','2023-01-04 01:11:04'),(469,1,'en','core/base/cache','commands.refresh_compiled_views.title','Refresh compiled views','2023-01-04 01:11:04','2023-01-04 01:11:04'),(470,1,'en','core/base/cache','commands.refresh_compiled_views.description','Clear compiled views to make views up to date.','2023-01-04 01:11:04','2023-01-04 01:11:04'),(471,1,'en','core/base/cache','commands.refresh_compiled_views.success_msg','Cache view refreshed','2023-01-04 01:11:04','2023-01-04 01:11:04'),(472,1,'en','core/base/cache','commands.clear_config_cache.title','Clear config cache','2023-01-04 01:11:04','2023-01-04 01:11:04'),(473,1,'en','core/base/cache','commands.clear_config_cache.description','You might need to refresh the config caching when you change something on production environment.','2023-01-04 01:11:04','2023-01-04 01:11:04'),(474,1,'en','core/base/cache','commands.clear_config_cache.success_msg','Config cache cleaned','2023-01-04 01:11:04','2023-01-04 01:11:04'),(475,1,'en','core/base/cache','commands.clear_route_cache.title','Clear route cache','2023-01-04 01:11:04','2023-01-04 01:11:04'),(476,1,'en','core/base/cache','commands.clear_route_cache.description','Clear cache routing.','2023-01-04 01:11:04','2023-01-04 01:11:04'),(477,1,'en','core/base/cache','commands.clear_route_cache.success_msg','The route cache has been cleaned','2023-01-04 01:11:04','2023-01-04 01:11:04'),(478,1,'en','core/base/cache','commands.clear_log.title','Clear log','2023-01-04 01:11:04','2023-01-04 01:11:04'),(479,1,'en','core/base/cache','commands.clear_log.description','Clear system log files','2023-01-04 01:11:04','2023-01-04 01:11:04'),(480,1,'en','core/base/cache','commands.clear_log.success_msg','The system log has been cleaned','2023-01-04 01:11:04','2023-01-04 01:11:04'),(481,1,'en','core/base/enums','statuses.draft','Draft','2023-01-04 01:11:04','2023-01-04 01:11:04'),(482,1,'en','core/base/enums','statuses.pending','Pending','2023-01-04 01:11:04','2023-01-04 01:11:04'),(483,1,'en','core/base/enums','statuses.published','Published','2023-01-04 01:11:04','2023-01-04 01:11:04'),(484,1,'en','core/base/errors','401_title','Permission Denied','2023-01-04 01:11:04','2023-01-04 01:11:04'),(485,1,'en','core/base/errors','401_msg','<li>You have not been granted access to the section by the administrator.</li>\n	                <li>You may have the wrong account type.</li>\n	                <li>You are not authorized to view the requested resource.</li>\n	                <li>Your subscription may have expired.</li>','2023-01-04 01:11:04','2023-01-04 01:11:04'),(486,1,'en','core/base/errors','404_title','Page could not be found','2023-01-04 01:11:04','2023-01-04 01:11:04'),(487,1,'en','core/base/errors','404_msg','<li>The page you requested does not exist.</li>\n	                <li>The link you clicked is no longer.</li>\n	                <li>The page may have moved to a new location.</li>\n	                <li>An error may have occurred.</li>\n	                <li>You are not authorized to view the requested resource.</li>','2023-01-04 01:11:04','2023-01-04 01:11:04'),(488,1,'en','core/base/errors','500_title','Page could not be loaded','2023-01-04 01:11:04','2023-01-04 01:11:04'),(489,1,'en','core/base/errors','500_msg','<li>The page you requested does not exist.</li>\n	                <li>The link you clicked is no longer.</li>\n	                <li>The page may have moved to a new location.</li>\n	                <li>An error may have occurred.</li>\n	                <li>You are not authorized to view the requested resource.</li>','2023-01-04 01:11:04','2023-01-04 01:11:04'),(490,1,'en','core/base/errors','reasons','This may have occurred because of several reasons','2023-01-04 01:11:04','2023-01-04 01:11:04'),(491,1,'en','core/base/errors','try_again','Please try again in a few minutes, or alternatively return to the homepage by <a href=\"https://martfury.test/admin\">clicking here</a>.','2023-01-04 01:11:04','2023-01-04 01:11:04'),(492,1,'en','core/base/errors','not_found','Not Found','2023-01-04 01:11:04','2023-01-04 01:11:04'),(493,1,'en','core/base/forms','choose_image','Choose image','2023-01-04 01:11:04','2023-01-04 01:11:04'),(494,1,'en','core/base/forms','actions','Actions','2023-01-04 01:11:04','2023-01-04 01:11:04'),(495,1,'en','core/base/forms','save','Save','2023-01-04 01:11:04','2023-01-04 01:11:04'),(496,1,'en','core/base/forms','save_and_continue','Save & Edit','2023-01-04 01:11:04','2023-01-04 01:11:04'),(497,1,'en','core/base/forms','image','Image','2023-01-04 01:11:04','2023-01-04 01:11:04'),(498,1,'en','core/base/forms','image_placeholder','Insert path of image or click upload button','2023-01-04 01:11:04','2023-01-04 01:11:04'),(499,1,'en','core/base/forms','create','Create','2023-01-04 01:11:04','2023-01-04 01:11:04'),(500,1,'en','core/base/forms','edit','Edit','2023-01-04 01:11:04','2023-01-04 01:11:04'),(501,1,'en','core/base/forms','permalink','Permalink','2023-01-04 01:11:04','2023-01-04 01:11:04'),(502,1,'en','core/base/forms','ok','OK','2023-01-04 01:11:04','2023-01-04 01:11:04'),(503,1,'en','core/base/forms','cancel','Cancel','2023-01-04 01:11:04','2023-01-04 01:11:04'),(504,1,'en','core/base/forms','character_remain','character(s) remain','2023-01-04 01:11:04','2023-01-04 01:11:04'),(505,1,'en','core/base/forms','template','Template','2023-01-04 01:11:04','2023-01-04 01:11:04'),(506,1,'en','core/base/forms','choose_file','Choose file','2023-01-04 01:11:04','2023-01-04 01:11:04'),(507,1,'en','core/base/forms','file','File','2023-01-04 01:11:04','2023-01-04 01:11:04'),(508,1,'en','core/base/forms','content','Content','2023-01-04 01:11:04','2023-01-04 01:11:04'),(509,1,'en','core/base/forms','description','Description','2023-01-04 01:11:04','2023-01-04 01:11:04'),(510,1,'en','core/base/forms','name','Name','2023-01-04 01:11:04','2023-01-04 01:11:04'),(511,1,'en','core/base/forms','slug','Slug','2023-01-04 01:11:04','2023-01-04 01:11:04'),(512,1,'en','core/base/forms','title','Title','2023-01-04 01:11:04','2023-01-04 01:11:04'),(513,1,'en','core/base/forms','value','Value','2023-01-04 01:11:04','2023-01-04 01:11:04'),(514,1,'en','core/base/forms','name_placeholder','Name','2023-01-04 01:11:04','2023-01-04 01:11:04'),(515,1,'en','core/base/forms','alias_placeholder','Alias','2023-01-04 01:11:04','2023-01-04 01:11:04'),(516,1,'en','core/base/forms','description_placeholder','Short description','2023-01-04 01:11:04','2023-01-04 01:11:04'),(517,1,'en','core/base/forms','parent','Parent','2023-01-04 01:11:04','2023-01-04 01:11:04'),(518,1,'en','core/base/forms','icon','Icon','2023-01-04 01:11:04','2023-01-04 01:11:04'),(519,1,'en','core/base/forms','icon_placeholder','Ex: fa fa-home','2023-01-04 01:11:04','2023-01-04 01:11:04'),(520,1,'en','core/base/forms','order_by','Order by','2023-01-04 01:11:04','2023-01-04 01:11:04'),(521,1,'en','core/base/forms','order_by_placeholder','Order by','2023-01-04 01:11:04','2023-01-04 01:11:04'),(522,1,'en','core/base/forms','is_featured','Is featured?','2023-01-04 01:11:04','2023-01-04 01:11:04'),(523,1,'en','core/base/forms','is_default','Is default?','2023-01-04 01:11:04','2023-01-04 01:11:04'),(524,1,'en','core/base/forms','update','Update','2023-01-04 01:11:04','2023-01-04 01:11:04'),(525,1,'en','core/base/forms','publish','Publish','2023-01-04 01:11:04','2023-01-04 01:11:04'),(526,1,'en','core/base/forms','remove_image','Remove image','2023-01-04 01:11:04','2023-01-04 01:11:04'),(527,1,'en','core/base/forms','remove_file','Remove file','2023-01-04 01:11:04','2023-01-04 01:11:04'),(528,1,'en','core/base/forms','order','Order','2023-01-04 01:11:04','2023-01-04 01:11:04'),(529,1,'en','core/base/forms','alias','Alias','2023-01-04 01:11:04','2023-01-04 01:11:04'),(530,1,'en','core/base/forms','basic_information','Basic information','2023-01-04 01:11:04','2023-01-04 01:11:04'),(531,1,'en','core/base/forms','short_code','Shortcode','2023-01-04 01:11:04','2023-01-04 01:11:04'),(532,1,'en','core/base/forms','add_short_code','Add a shortcode','2023-01-04 01:11:04','2023-01-04 01:11:04'),(533,1,'en','core/base/forms','add','Add','2023-01-04 01:11:04','2023-01-04 01:11:04'),(534,1,'en','core/base/forms','link','Link','2023-01-04 01:11:04','2023-01-04 01:11:04'),(535,1,'en','core/base/forms','show_hide_editor','Show/Hide Editor','2023-01-04 01:11:04','2023-01-04 01:11:04'),(536,1,'en','core/base/forms','basic_info_title','Basic information','2023-01-04 01:11:04','2023-01-04 01:11:04'),(537,1,'en','core/base/forms','expand_all','Expand all','2023-01-04 01:11:04','2023-01-04 01:11:04'),(538,1,'en','core/base/forms','collapse_all','Collapse all','2023-01-04 01:11:04','2023-01-04 01:11:04'),(539,1,'en','core/base/forms','view_new_tab','Open in new tab','2023-01-04 01:11:04','2023-01-04 01:11:04'),(540,1,'en','core/base/forms','view_preview_image','View preview image','2023-01-04 01:11:04','2023-01-04 01:11:04'),(541,1,'en','core/base/layouts','platform_admin','Platform Administration','2023-01-04 01:11:04','2023-01-04 01:11:04'),(542,1,'en','core/base/layouts','dashboard','Dashboard','2023-01-04 01:11:04','2023-01-04 01:11:04'),(543,1,'en','core/base/layouts','widgets','Widgets','2023-01-04 01:11:04','2023-01-04 01:11:04'),(544,1,'en','core/base/layouts','plugins','Plugins','2023-01-04 01:11:04','2023-01-04 01:11:04'),(545,1,'en','core/base/layouts','settings','Settings','2023-01-04 01:11:04','2023-01-04 01:11:04'),(546,1,'en','core/base/layouts','setting_general','General','2023-01-04 01:11:04','2023-01-04 01:11:04'),(547,1,'en','core/base/layouts','setting_email','Email','2023-01-04 01:11:04','2023-01-04 01:11:04'),(548,1,'en','core/base/layouts','system_information','System information','2023-01-04 01:11:04','2023-01-04 01:11:04'),(549,1,'en','core/base/layouts','theme','Theme','2023-01-04 01:11:04','2023-01-04 01:11:04'),(550,1,'en','core/base/layouts','copyright','Copyright :year &copy; :company. Version: <span>:version</span>','2023-01-04 01:11:04','2023-01-04 01:11:04'),(551,1,'en','core/base/layouts','profile','Profile','2023-01-04 01:11:04','2023-01-04 01:11:04'),(552,1,'en','core/base/layouts','logout','Logout','2023-01-04 01:11:04','2023-01-04 01:11:04'),(553,1,'en','core/base/layouts','no_search_result','No results found, please try with different keywords.','2023-01-04 01:11:04','2023-01-04 01:11:04'),(554,1,'en','core/base/layouts','home','Home','2023-01-04 01:11:04','2023-01-04 01:11:04'),(555,1,'en','core/base/layouts','search','Search','2023-01-04 01:11:04','2023-01-04 01:11:04'),(556,1,'en','core/base/layouts','add_new','Add new','2023-01-04 01:11:04','2023-01-04 01:11:04'),(557,1,'en','core/base/layouts','n_a','N/A','2023-01-04 01:11:04','2023-01-04 01:11:04'),(558,1,'en','core/base/layouts','page_loaded_time','Page loaded in','2023-01-04 01:11:04','2023-01-04 01:11:04'),(559,1,'en','core/base/layouts','view_website','View website','2023-01-04 01:11:04','2023-01-04 01:11:04'),(560,1,'en','core/base/mail','send-fail','Send email failed','2023-01-04 01:11:04','2023-01-04 01:11:04'),(561,1,'en','core/base/notices','create_success_message','Created successfully','2023-01-04 01:11:04','2023-01-04 01:11:04'),(562,1,'en','core/base/notices','update_success_message','Updated successfully','2023-01-04 01:11:04','2023-01-04 01:11:04'),(563,1,'en','core/base/notices','delete_success_message','Deleted successfully','2023-01-04 01:11:04','2023-01-04 01:11:04'),(564,1,'en','core/base/notices','success_header','Success!','2023-01-04 01:11:04','2023-01-04 01:11:04'),(565,1,'en','core/base/notices','error_header','Error!','2023-01-04 01:11:04','2023-01-04 01:11:04'),(566,1,'en','core/base/notices','no_select','Please select at least one record to perform this action!','2023-01-04 01:11:04','2023-01-04 01:11:04'),(567,1,'en','core/base/notices','processing_request','We are processing your request.','2023-01-04 01:11:04','2023-01-04 01:11:04'),(568,1,'en','core/base/notices','error','Error!','2023-01-04 01:11:04','2023-01-04 01:11:04'),(569,1,'en','core/base/notices','success','Success!','2023-01-04 01:11:04','2023-01-04 01:11:04'),(570,1,'en','core/base/notices','info','Info!','2023-01-04 01:11:04','2023-01-04 01:11:04'),(571,1,'en','core/base/notices','enum.validate_message','The :attribute value you have entered is invalid.','2023-01-04 01:11:04','2023-01-04 01:11:04'),(572,1,'en','core/base/system','no_select','Please select at least one record to take this action!','2023-01-04 01:11:04','2023-01-04 01:11:04'),(573,1,'en','core/base/system','cannot_find_user','Unable to find specified user','2023-01-04 01:11:04','2023-01-04 01:11:04'),(574,1,'en','core/base/system','supper_revoked','Super user access revoked','2023-01-04 01:11:04','2023-01-04 01:11:04'),(575,1,'en','core/base/system','cannot_revoke_yourself','Can not revoke supper user access permission yourself!','2023-01-04 01:11:04','2023-01-04 01:11:04'),(576,1,'en','core/base/system','cant_remove_supper','You don\'t has permission to remove this super user','2023-01-04 01:11:04','2023-01-04 01:11:04'),(577,1,'en','core/base/system','cant_find_user_with_email','Unable to find user with specified email address','2023-01-04 01:11:04','2023-01-04 01:11:04'),(578,1,'en','core/base/system','supper_granted','Super user access granted','2023-01-04 01:11:04','2023-01-04 01:11:04'),(579,1,'en','core/base/system','delete_log_success','Delete log file successfully!','2023-01-04 01:11:04','2023-01-04 01:11:04'),(580,1,'en','core/base/system','get_member_success','Member list retrieved successfully','2023-01-04 01:11:04','2023-01-04 01:11:04'),(581,1,'en','core/base/system','error_occur','The following errors occurred','2023-01-04 01:11:04','2023-01-04 01:11:04'),(582,1,'en','core/base/system','user_management','User Management','2023-01-04 01:11:04','2023-01-04 01:11:04'),(583,1,'en','core/base/system','user_management_description','Manage users.','2023-01-04 01:11:04','2023-01-04 01:11:04'),(584,1,'en','core/base/system','role_and_permission','Roles and Permissions','2023-01-04 01:11:04','2023-01-04 01:11:04'),(585,1,'en','core/base/system','role_and_permission_description','Manage the available roles.','2023-01-04 01:11:04','2023-01-04 01:11:04'),(586,1,'en','core/base/system','user.list_super','List Super Users','2023-01-04 01:11:04','2023-01-04 01:11:04'),(587,1,'en','core/base/system','user.email','Email','2023-01-04 01:11:04','2023-01-04 01:11:04'),(588,1,'en','core/base/system','user.last_login','Last Login','2023-01-04 01:11:04','2023-01-04 01:11:04'),(589,1,'en','core/base/system','user.username','Username','2023-01-04 01:11:04','2023-01-04 01:11:04'),(590,1,'en','core/base/system','user.add_user','Add Super User','2023-01-04 01:11:04','2023-01-04 01:11:04'),(591,1,'en','core/base/system','user.cancel','Cancel','2023-01-04 01:11:04','2023-01-04 01:11:04'),(592,1,'en','core/base/system','user.create','Create','2023-01-04 01:11:04','2023-01-04 01:11:04'),(593,1,'en','core/base/system','options.features','Feature Access Control','2023-01-04 01:11:04','2023-01-04 01:11:04'),(594,1,'en','core/base/system','options.feature_description','Manage the available.','2023-01-04 01:11:04','2023-01-04 01:11:04'),(595,1,'en','core/base/system','options.manage_super','Super User Management','2023-01-04 01:11:04','2023-01-04 01:11:04'),(596,1,'en','core/base/system','options.manage_super_description','Add/remove super users.','2023-01-04 01:11:04','2023-01-04 01:11:04'),(597,1,'en','core/base/system','options.info','System information','2023-01-04 01:11:04','2023-01-04 01:11:04'),(598,1,'en','core/base/system','options.info_description','All information about current system configuration.','2023-01-04 01:11:04','2023-01-04 01:11:04'),(599,1,'en','core/base/system','info.title','System information','2023-01-04 01:11:04','2023-01-04 01:11:04'),(600,1,'en','core/base/system','info.cache','Cache','2023-01-04 01:11:04','2023-01-04 01:11:04'),(601,1,'en','core/base/system','info.locale','Active locale','2023-01-04 01:11:04','2023-01-04 01:11:04'),(602,1,'en','core/base/system','info.environment','Environment','2023-01-04 01:11:04','2023-01-04 01:11:04'),(603,1,'en','core/base/system','disabled_in_demo_mode','You cannot do it in demo mode!','2023-01-04 01:11:04','2023-01-04 01:11:04'),(604,1,'en','core/base/system','report_description','Please share this information for troubleshooting','2023-01-04 01:11:04','2023-01-04 01:11:04'),(605,1,'en','core/base/system','get_system_report','Get System Report','2023-01-04 01:11:04','2023-01-04 01:11:04'),(606,1,'en','core/base/system','system_environment','System Environment','2023-01-04 01:11:04','2023-01-04 01:11:04'),(607,1,'en','core/base/system','framework_version','Framework Version','2023-01-04 01:11:04','2023-01-04 01:11:04'),(608,1,'en','core/base/system','timezone','Timezone','2023-01-04 01:11:04','2023-01-04 01:11:04'),(609,1,'en','core/base/system','debug_mode','Debug Mode','2023-01-04 01:11:04','2023-01-04 01:11:04'),(610,1,'en','core/base/system','storage_dir_writable','Storage Dir Writable','2023-01-04 01:11:04','2023-01-04 01:11:04'),(611,1,'en','core/base/system','cache_dir_writable','Cache Dir Writable','2023-01-04 01:11:04','2023-01-04 01:11:04'),(612,1,'en','core/base/system','app_size','App Size','2023-01-04 01:11:04','2023-01-04 01:11:04'),(613,1,'en','core/base/system','server_environment','Server Environment','2023-01-04 01:11:04','2023-01-04 01:11:04'),(614,1,'en','core/base/system','php_version','PHP Version','2023-01-04 01:11:04','2023-01-04 01:11:04'),(615,1,'en','core/base/system','php_version_error','PHP must be >= :version','2023-01-04 01:11:04','2023-01-04 01:11:04'),(616,1,'en','core/base/system','server_software','Server Software','2023-01-04 01:11:04','2023-01-04 01:11:04'),(617,1,'en','core/base/system','server_os','Server OS','2023-01-04 01:11:04','2023-01-04 01:11:04'),(618,1,'en','core/base/system','database','Database','2023-01-04 01:11:04','2023-01-04 01:11:04'),(619,1,'en','core/base/system','ssl_installed','SSL Installed','2023-01-04 01:11:04','2023-01-04 01:11:04'),(620,1,'en','core/base/system','cache_driver','Cache Driver','2023-01-04 01:11:04','2023-01-04 01:11:04'),(621,1,'en','core/base/system','session_driver','Session Driver','2023-01-04 01:11:04','2023-01-04 01:11:04'),(622,1,'en','core/base/system','queue_connection','Queue Connection','2023-01-04 01:11:04','2023-01-04 01:11:04'),(623,1,'en','core/base/system','mbstring_ext','Mbstring Ext','2023-01-04 01:11:04','2023-01-04 01:11:04'),(624,1,'en','core/base/system','openssl_ext','OpenSSL Ext','2023-01-04 01:11:04','2023-01-04 01:11:04'),(625,1,'en','core/base/system','pdo_ext','PDO Ext','2023-01-04 01:11:04','2023-01-04 01:11:04'),(626,1,'en','core/base/system','curl_ext','CURL Ext','2023-01-04 01:11:04','2023-01-04 01:11:04'),(627,1,'en','core/base/system','exif_ext','Exif Ext','2023-01-04 01:11:04','2023-01-04 01:11:04'),(628,1,'en','core/base/system','file_info_ext','File info Ext','2023-01-04 01:11:04','2023-01-04 01:11:04'),(629,1,'en','core/base/system','tokenizer_ext','Tokenizer Ext','2023-01-04 01:11:04','2023-01-04 01:11:04'),(630,1,'en','core/base/system','extra_stats','Extra Stats','2023-01-04 01:11:04','2023-01-04 01:11:04'),(631,1,'en','core/base/system','installed_packages','Installed packages and their version numbers','2023-01-04 01:11:04','2023-01-04 01:11:04'),(632,1,'en','core/base/system','extra_information','Extra Information','2023-01-04 01:11:04','2023-01-04 01:11:04'),(633,1,'en','core/base/system','copy_report','Copy Report','2023-01-04 01:11:04','2023-01-04 01:11:04'),(634,1,'en','core/base/system','package_name','Package Name','2023-01-04 01:11:04','2023-01-04 01:11:04'),(635,1,'en','core/base/system','dependency_name','Dependency Name','2023-01-04 01:11:04','2023-01-04 01:11:04'),(636,1,'en','core/base/system','version','Version','2023-01-04 01:11:04','2023-01-04 01:11:04'),(637,1,'en','core/base/system','cms_version','CMS Version','2023-01-04 01:11:04','2023-01-04 01:11:04'),(638,1,'en','core/base/system','imagick_or_gd_ext','Imagick/GD Ext','2023-01-04 01:11:04','2023-01-04 01:11:04'),(639,1,'en','core/base/system','updater','System Updater','2023-01-04 01:11:04','2023-01-04 01:11:04'),(640,1,'en','core/base/system','zip','Zip Ext','2023-01-04 01:11:04','2023-01-04 01:11:04'),(641,1,'en','core/base/system','memory_limit','Memory limit','2023-01-04 01:11:04','2023-01-04 01:11:04'),(642,1,'en','core/base/system','max_execution_time','Max execution time (s)','2023-01-04 01:11:04','2023-01-04 01:11:04'),(643,1,'en','core/base/system','php_version_warning','You are using an out of date PHP version (:version). Please upgrade PHP version on your server to >= 8.0.2 for better security and performance!','2023-01-04 01:11:04','2023-01-04 01:11:04'),(644,1,'en','core/base/system','upgrade_php_version_required','You are using an unsupported PHP version (:version). You need to upgrade PHP version on your server to greater than or equal to 8.0.2 before upgrading to this version!','2023-01-04 01:11:04','2023-01-04 01:11:04'),(645,1,'en','core/base/tables','id','ID','2023-01-04 01:11:04','2023-01-04 01:11:04'),(646,1,'en','core/base/tables','name','Name','2023-01-04 01:11:04','2023-01-04 01:11:04'),(647,1,'en','core/base/tables','slug','Slug','2023-01-04 01:11:04','2023-01-04 01:11:04'),(648,1,'en','core/base/tables','title','Title','2023-01-04 01:11:04','2023-01-04 01:11:04'),(649,1,'en','core/base/tables','order_by','Order By','2023-01-04 01:11:04','2023-01-04 01:11:04'),(650,1,'en','core/base/tables','order','Order','2023-01-04 01:11:04','2023-01-04 01:11:04'),(651,1,'en','core/base/tables','status','Status','2023-01-04 01:11:04','2023-01-04 01:11:04'),(652,1,'en','core/base/tables','created_at','Created At','2023-01-04 01:11:04','2023-01-04 01:11:04'),(653,1,'en','core/base/tables','updated_at','Updated At','2023-01-04 01:11:04','2023-01-04 01:11:04'),(654,1,'en','core/base/tables','description','Description','2023-01-04 01:11:04','2023-01-04 01:11:04'),(655,1,'en','core/base/tables','operations','Operations','2023-01-04 01:11:04','2023-01-04 01:11:04'),(656,1,'en','core/base/tables','url','URL','2023-01-04 01:11:04','2023-01-04 01:11:04'),(657,1,'en','core/base/tables','author','Author','2023-01-04 01:11:04','2023-01-04 01:11:04'),(658,1,'en','core/base/tables','notes','Notes','2023-01-04 01:11:04','2023-01-04 01:11:04'),(659,1,'en','core/base/tables','column','Column','2023-01-04 01:11:04','2023-01-04 01:11:04'),(660,1,'en','core/base/tables','origin','Origin','2023-01-04 01:11:04','2023-01-04 01:11:04'),(661,1,'en','core/base/tables','after_change','After changes','2023-01-04 01:11:04','2023-01-04 01:11:04'),(662,1,'en','core/base/tables','views','Views','2023-01-04 01:11:04','2023-01-04 01:11:04'),(663,1,'en','core/base/tables','browser','Browser','2023-01-04 01:11:04','2023-01-04 01:11:04'),(664,1,'en','core/base/tables','session','Session','2023-01-04 01:11:04','2023-01-04 01:11:04'),(665,1,'en','core/base/tables','activated','activated','2023-01-04 01:11:04','2023-01-04 01:11:04'),(666,1,'en','core/base/tables','deactivated','deactivated','2023-01-04 01:11:04','2023-01-04 01:11:04'),(667,1,'en','core/base/tables','is_featured','Is featured','2023-01-04 01:11:04','2023-01-04 01:11:04'),(668,1,'en','core/base/tables','edit','Edit','2023-01-04 01:11:04','2023-01-04 01:11:04'),(669,1,'en','core/base/tables','delete','Delete','2023-01-04 01:11:04','2023-01-04 01:11:04'),(670,1,'en','core/base/tables','restore','Restore','2023-01-04 01:11:04','2023-01-04 01:11:04'),(671,1,'en','core/base/tables','activate','Activate','2023-01-04 01:11:04','2023-01-04 01:11:04'),(672,1,'en','core/base/tables','deactivate','Deactivate','2023-01-04 01:11:04','2023-01-04 01:11:04'),(673,1,'en','core/base/tables','excel','Excel','2023-01-04 01:11:04','2023-01-04 01:11:04'),(674,1,'en','core/base/tables','export','Export','2023-01-04 01:11:04','2023-01-04 01:11:04'),(675,1,'en','core/base/tables','csv','CSV','2023-01-04 01:11:04','2023-01-04 01:11:04'),(676,1,'en','core/base/tables','pdf','PDF','2023-01-04 01:11:04','2023-01-04 01:11:04'),(677,1,'en','core/base/tables','print','Print','2023-01-04 01:11:04','2023-01-04 01:11:04'),(678,1,'en','core/base/tables','reset','Reset','2023-01-04 01:11:04','2023-01-04 01:11:04'),(679,1,'en','core/base/tables','reload','Reload','2023-01-04 01:11:04','2023-01-04 01:11:04'),(680,1,'en','core/base/tables','display','Display','2023-01-04 01:11:04','2023-01-04 01:11:04'),(681,1,'en','core/base/tables','all','All','2023-01-04 01:11:04','2023-01-04 01:11:04'),(682,1,'en','core/base/tables','add_new','Add New','2023-01-04 01:11:04','2023-01-04 01:11:04'),(683,1,'en','core/base/tables','action','Actions','2023-01-04 01:11:04','2023-01-04 01:11:04'),(684,1,'en','core/base/tables','delete_entry','Delete','2023-01-04 01:11:04','2023-01-04 01:11:04'),(685,1,'en','core/base/tables','view','View Detail','2023-01-04 01:11:04','2023-01-04 01:11:04'),(686,1,'en','core/base/tables','save','Save','2023-01-04 01:11:04','2023-01-04 01:11:04'),(687,1,'en','core/base/tables','show_from','Show from','2023-01-04 01:11:04','2023-01-04 01:11:04'),(688,1,'en','core/base/tables','to','to','2023-01-04 01:11:04','2023-01-04 01:11:04'),(689,1,'en','core/base/tables','in','in','2023-01-04 01:11:04','2023-01-04 01:11:04'),(690,1,'en','core/base/tables','records','records','2023-01-04 01:11:04','2023-01-04 01:11:04'),(691,1,'en','core/base/tables','no_data','No data to display','2023-01-04 01:11:04','2023-01-04 01:11:04'),(692,1,'en','core/base/tables','no_record','No record','2023-01-04 01:11:04','2023-01-04 01:11:04'),(693,1,'en','core/base/tables','confirm_delete','Confirm delete','2023-01-04 01:11:04','2023-01-04 01:11:04'),(694,1,'en','core/base/tables','confirm_delete_msg','Do you really want to delete this record?','2023-01-04 01:11:04','2023-01-04 01:11:04'),(695,1,'en','core/base/tables','confirm_delete_many_msg','Do you really want to delete selected record(s)?','2023-01-04 01:11:04','2023-01-04 01:11:04'),(696,1,'en','core/base/tables','cancel','Cancel','2023-01-04 01:11:04','2023-01-04 01:11:04'),(697,1,'en','core/base/tables','template','Template','2023-01-04 01:11:04','2023-01-04 01:11:04'),(698,1,'en','core/base/tables','email','Email','2023-01-04 01:11:04','2023-01-04 01:11:04'),(699,1,'en','core/base/tables','last_login','Last login','2023-01-04 01:11:04','2023-01-04 01:11:04'),(700,1,'en','core/base/tables','shortcode','Shortcode','2023-01-04 01:11:04','2023-01-04 01:11:04'),(701,1,'en','core/base/tables','image','Image','2023-01-04 01:11:04','2023-01-04 01:11:04'),(702,1,'en','core/base/tables','bulk_changes','Bulk changes','2023-01-04 01:11:04','2023-01-04 01:11:04'),(703,1,'en','core/base/tables','submit','Submit','2023-01-04 01:11:04','2023-01-04 01:11:04'),(704,1,'en','core/base/tables','please_select_record','Please select at least one record to perform this action!','2023-01-04 01:11:04','2023-01-04 01:11:04'),(705,1,'en','core/base/tabs','detail','Detail','2023-01-04 01:11:04','2023-01-04 01:11:04'),(706,1,'en','core/base/tabs','file','Files','2023-01-04 01:11:04','2023-01-04 01:11:04'),(707,1,'en','core/base/tabs','record_note','Record Note','2023-01-04 01:11:04','2023-01-04 01:11:04'),(708,1,'en','core/base/tabs','revision','Revision History','2023-01-04 01:11:04','2023-01-04 01:11:04'),(709,1,'vi','core/base/base','yes','C?','2023-01-04 01:11:04','2023-01-04 01:11:04'),(710,1,'vi','core/base/base','no','Không','2023-01-04 01:11:04','2023-01-04 01:11:04'),(711,1,'vi','core/base/base','is_default','M?c ??nh?','2023-01-04 01:11:04','2023-01-04 01:11:04'),(712,1,'vi','core/base/base','proc_close_disabled_error','Hàm proc_close() ?? b? t?t. Vui l?ng liên h? nhà cung c?p hosting ?? m? hàm này. Ho?c c? th? thêm vào .env: CAN_EXECUTE_COMMAND=false ?? t?t t?nh n?ng này.','2023-01-04 01:11:04','2023-01-04 01:11:04'),(713,1,'vi','core/base/base','add_image','Thêm ?nh','2023-01-04 01:11:04','2023-01-04 01:11:04'),(714,1,'vi','core/base/base','change_image','??i ?nh','2023-01-04 01:11:04','2023-01-04 01:11:04'),(715,1,'vi','core/base/base','delete_image','X?a ?nh','2023-01-04 01:11:04','2023-01-04 01:11:04'),(716,1,'vi','core/base/base','email_template.date_time','Ngày gi? hi?n t?i','2023-01-04 01:11:04','2023-01-04 01:11:04'),(717,1,'vi','core/base/base','email_template.date_year','N?m hi?n t?i','2023-01-04 01:11:04','2023-01-04 01:11:04'),(718,1,'vi','core/base/base','email_template.footer','M?u chân trang email','2023-01-04 01:11:04','2023-01-04 01:11:04'),(719,1,'vi','core/base/base','email_template.header','M?u ??u trang email','2023-01-04 01:11:04','2023-01-04 01:11:04'),(720,1,'vi','core/base/base','email_template.site_admin_email','Email qu?n tr? viên','2023-01-04 01:11:04','2023-01-04 01:11:04'),(721,1,'vi','core/base/base','email_template.site_logo','Logo c?a trang','2023-01-04 01:11:04','2023-01-04 01:11:04'),(722,1,'vi','core/base/base','email_template.site_title','Tiêu ?? trang','2023-01-04 01:11:04','2023-01-04 01:11:04'),(723,1,'vi','core/base/base','email_template.site_url','URL trang','2023-01-04 01:11:04','2023-01-04 01:11:04'),(724,1,'vi','core/base/base','image','H?nh ?nh','2023-01-04 01:11:04','2023-01-04 01:11:04'),(725,1,'vi','core/base/base','preview_image','?nh xem tr??c','2023-01-04 01:11:04','2023-01-04 01:11:04'),(726,1,'vi','core/base/base','select_image','Ch?n ?nh','2023-01-04 01:11:04','2023-01-04 01:11:04'),(727,1,'vi','core/base/base','to_add_more_image','?? thêm h?nh ?nh','2023-01-04 01:11:04','2023-01-04 01:11:04'),(728,1,'vi','core/base/base','using_button','S? d?ng n?t','2023-01-04 01:11:04','2023-01-04 01:11:04'),(729,1,'vi','core/base/cache','cache_management','Qu?n l? b? nh? ??m','2023-01-04 01:11:04','2023-01-04 01:11:04'),(730,1,'vi','core/base/cache','cache_commands','C?c l?nh xo? b? nh? ??m c? b?n','2023-01-04 01:11:04','2023-01-04 01:11:04'),(731,1,'vi','core/base/cache','commands.clear_cms_cache.title','X?a t?t c? b? ??m hi?n c? c?a ?ng d?ng','2023-01-04 01:11:04','2023-01-04 01:11:04'),(732,1,'vi','core/base/cache','commands.clear_cms_cache.description','X?a c?c b? nh? ??m c?a ?ng d?ng: c? s? d? li?u, n?i dung t?nh... Ch?y l?nh này khi b?n th? c?p nh?t d? li?u nh?ng giao di?n không thay ??i','2023-01-04 01:11:04','2023-01-04 01:11:04'),(733,1,'vi','core/base/cache','commands.clear_cms_cache.success_msg','B? ??m ?? ???c x?a','2023-01-04 01:11:04','2023-01-04 01:11:04'),(734,1,'vi','core/base/cache','commands.refresh_compiled_views.title','Làm m?i b? ??m giao di?n','2023-01-04 01:11:04','2023-01-04 01:11:04'),(735,1,'vi','core/base/cache','commands.refresh_compiled_views.description','Làm m?i b? ??m giao di?n gi?p ph?n giao di?n luôn m?i nh?t','2023-01-04 01:11:04','2023-01-04 01:11:04'),(736,1,'vi','core/base/cache','commands.refresh_compiled_views.success_msg','B? ??m giao di?n ?? ???c làm m?i','2023-01-04 01:11:04','2023-01-04 01:11:04'),(737,1,'vi','core/base/cache','commands.clear_config_cache.title','X?a b? nh? ??m c?a ph?n c?u h?nh','2023-01-04 01:11:04','2023-01-04 01:11:04'),(738,1,'vi','core/base/cache','commands.clear_config_cache.description','B?n c?n làm m?i b? ??m c?u h?nh khi b?n t?o ra s? thay ??i nào ?? ? môi tr??ng thành ph?m.','2023-01-04 01:11:04','2023-01-04 01:11:04'),(739,1,'vi','core/base/cache','commands.clear_config_cache.success_msg','B? ??m c?u h?nh ?? ???c x?a','2023-01-04 01:11:04','2023-01-04 01:11:04'),(740,1,'vi','core/base/cache','commands.clear_route_cache.title','Xo? cache ???ng d?n','2023-01-04 01:11:04','2023-01-04 01:11:04'),(741,1,'vi','core/base/cache','commands.clear_route_cache.description','C?n th?c hi?n thao t?c này khi th?y không xu?t hi?n ???ng d?n m?i.','2023-01-04 01:11:04','2023-01-04 01:11:04'),(742,1,'vi','core/base/cache','commands.clear_route_cache.success_msg','B? ??m ?i?u h??ng ?? b? x?a','2023-01-04 01:11:04','2023-01-04 01:11:04'),(743,1,'vi','core/base/cache','commands.clear_log.description','Xo? l?ch s? l?i','2023-01-04 01:11:04','2023-01-04 01:11:04'),(744,1,'vi','core/base/cache','commands.clear_log.success_msg','L?ch s? l?i ?? ???c làm s?ch','2023-01-04 01:11:04','2023-01-04 01:11:04'),(745,1,'vi','core/base/cache','commands.clear_log.title','Xo? l?ch s? l?i','2023-01-04 01:11:04','2023-01-04 01:11:04'),(746,1,'vi','core/base/enums','statuses.draft','B?n nh?p','2023-01-04 01:11:04','2023-01-04 01:11:04'),(747,1,'vi','core/base/enums','statuses.pending','?ang ch? x? l?','2023-01-04 01:11:04','2023-01-04 01:11:04'),(748,1,'vi','core/base/enums','statuses.published','?? xu?t b?n','2023-01-04 01:11:04','2023-01-04 01:11:04'),(749,1,'vi','core/base/errors','401_title','Ba?n không co? quyê?n truy câ?p trang na?y','2023-01-04 01:11:04','2023-01-04 01:11:04'),(750,1,'vi','core/base/errors','401_msg','<li>Ba?n không ????c câ?p quyê?n truy câ?p b??i qua?n tri? viên.</li>\n	                <li>Ba?n s?? du?ng sai loa?i ta?i khoa?n.</li>\n	                <li>Ba?n không ????c câ?p quyê?n ?ê? co? thê? truy câ?p trang na?y</li>','2023-01-04 01:11:04','2023-01-04 01:11:04'),(751,1,'vi','core/base/errors','404_title','Không ti?m thâ?y trang yêu câ?u','2023-01-04 01:11:04','2023-01-04 01:11:04'),(752,1,'vi','core/base/errors','404_msg','<li>Trang ba?n yêu câ?u không tô?n ta?i.</li>\n	                <li>Liên kê?t ba?n v??a nhâ?n không co?n ????c s?? du?ng.</li>\n	                <li>Trang na?y co? thê? ?a? ????c chuyê?n sang vi? tri? kha?c.</li>\n	                <li>Co? thê? co? lô?i xa?y ra.</li>\n	                <li>Ba?n không ????c câ?p quyê?n ?ê? co? thê? truy câ?p trang na?y</li>','2023-01-04 01:11:04','2023-01-04 01:11:04'),(753,1,'vi','core/base/errors','500_title','Không thê? ta?i trang','2023-01-04 01:11:04','2023-01-04 01:11:04'),(754,1,'vi','core/base/errors','500_msg','<li>Trang ba?n yêu câ?u không tô?n ta?i.</li>\n	                <li>Liên kê?t ba?n v??a nhâ?n không co?n ????c s?? du?ng.</li>\n	                <li>Trang na?y co? thê? ?a? ????c chuyê?n sang vi? tri? kha?c.</li>\n	                <li>Co? thê? co? lô?i xa?y ra.</li>\n	                <li>Ba?n không ????c câ?p quyê?n ?ê? co? thê? truy câ?p trang na?y</li>','2023-01-04 01:11:04','2023-01-04 01:11:04'),(755,1,'vi','core/base/errors','reasons','?i?u này c? th? x?y ra v? nhi?u l? do.','2023-01-04 01:11:04','2023-01-04 01:11:04'),(756,1,'vi','core/base/errors','try_again','Vui l?ng th? l?i trong vài ph?t, ho?c quay tr? l?i trang chu? b?ng ca?ch <a href=\"http://cms.local/admin\"> nh?n vào ?ây </a>.','2023-01-04 01:11:04','2023-01-04 01:11:04'),(757,1,'vi','core/base/errors','not_found','Không t?m th?y','2023-01-04 01:11:04','2023-01-04 01:11:04'),(758,1,'vi','core/base/forms','choose_image','Ch?n ?nh','2023-01-04 01:11:04','2023-01-04 01:11:04'),(759,1,'vi','core/base/forms','actions','T?c v?','2023-01-04 01:11:04','2023-01-04 01:11:04'),(760,1,'vi','core/base/forms','save','L?u','2023-01-04 01:11:04','2023-01-04 01:11:04'),(761,1,'vi','core/base/forms','save_and_continue','L?u & ch?nh s?a','2023-01-04 01:11:04','2023-01-04 01:11:04'),(762,1,'vi','core/base/forms','image','H?nh ?nh','2023-01-04 01:11:04','2023-01-04 01:11:04'),(763,1,'vi','core/base/forms','image_placeholder','Chèn ???ng d?n h?nh ?nh ho?c nh?n n?t ?? ch?n h?nh','2023-01-04 01:11:04','2023-01-04 01:11:04'),(764,1,'vi','core/base/forms','create','T?o m?i','2023-01-04 01:11:04','2023-01-04 01:11:04'),(765,1,'vi','core/base/forms','edit','S?a','2023-01-04 01:11:04','2023-01-04 01:11:04'),(766,1,'vi','core/base/forms','permalink','????ng dâ?n','2023-01-04 01:11:04','2023-01-04 01:11:04'),(767,1,'vi','core/base/forms','ok','OK','2023-01-04 01:11:04','2023-01-04 01:11:04'),(768,1,'vi','core/base/forms','cancel','Hu?y bo?','2023-01-04 01:11:04','2023-01-04 01:11:04'),(769,1,'vi','core/base/forms','character_remain','k? t? c?n l?i','2023-01-04 01:11:04','2023-01-04 01:11:04'),(770,1,'vi','core/base/forms','template','Template','2023-01-04 01:11:04','2023-01-04 01:11:04'),(771,1,'vi','core/base/forms','choose_file','Ch?n t?p tin','2023-01-04 01:11:04','2023-01-04 01:11:04'),(772,1,'vi','core/base/forms','file','T?p tin','2023-01-04 01:11:04','2023-01-04 01:11:04'),(773,1,'vi','core/base/forms','content','N?i dung','2023-01-04 01:11:04','2023-01-04 01:11:04'),(774,1,'vi','core/base/forms','description','Mô t?','2023-01-04 01:11:04','2023-01-04 01:11:04'),(775,1,'vi','core/base/forms','name','Tên','2023-01-04 01:11:04','2023-01-04 01:11:04'),(776,1,'vi','core/base/forms','name_placeholder','Nh?p tên','2023-01-04 01:11:04','2023-01-04 01:11:04'),(777,1,'vi','core/base/forms','description_placeholder','Mô t? ng?n','2023-01-04 01:11:04','2023-01-04 01:11:04'),(778,1,'vi','core/base/forms','parent','Cha','2023-01-04 01:11:04','2023-01-04 01:11:04'),(779,1,'vi','core/base/forms','icon','Bi?u t??ng','2023-01-04 01:11:04','2023-01-04 01:11:04'),(780,1,'vi','core/base/forms','order_by','S?p x?p','2023-01-04 01:11:04','2023-01-04 01:11:04'),(781,1,'vi','core/base/forms','order_by_placeholder','S?p x?p','2023-01-04 01:11:04','2023-01-04 01:11:04'),(782,1,'vi','core/base/forms','slug','Slug','2023-01-04 01:11:04','2023-01-04 01:11:04'),(783,1,'vi','core/base/forms','is_featured','N?i b?t?','2023-01-04 01:11:04','2023-01-04 01:11:04'),(784,1,'vi','core/base/forms','is_default','M?c ??nh?','2023-01-04 01:11:04','2023-01-04 01:11:04'),(785,1,'vi','core/base/forms','icon_placeholder','V? d?: fa fa-home','2023-01-04 01:11:04','2023-01-04 01:11:04'),(786,1,'vi','core/base/forms','update','C?p nh?t','2023-01-04 01:11:04','2023-01-04 01:11:04'),(787,1,'vi','core/base/forms','publish','Xu?t b?n','2023-01-04 01:11:04','2023-01-04 01:11:04'),(788,1,'vi','core/base/forms','remove_image','Xo? ?nh','2023-01-04 01:11:04','2023-01-04 01:11:04'),(789,1,'vi','core/base/forms','add','Thêm','2023-01-04 01:11:04','2023-01-04 01:11:04'),(790,1,'vi','core/base/forms','add_short_code','Thêm shortcode','2023-01-04 01:11:04','2023-01-04 01:11:04'),(791,1,'vi','core/base/forms','alias','M? thay th?','2023-01-04 01:11:04','2023-01-04 01:11:04'),(792,1,'vi','core/base/forms','alias_placeholder','M? thay th?','2023-01-04 01:11:04','2023-01-04 01:11:04'),(793,1,'vi','core/base/forms','basic_information','Thông tin c? b?n','2023-01-04 01:11:04','2023-01-04 01:11:04'),(794,1,'vi','core/base/forms','link','Liên k?t','2023-01-04 01:11:04','2023-01-04 01:11:04'),(795,1,'vi','core/base/forms','order','Th? t?','2023-01-04 01:11:04','2023-01-04 01:11:04'),(796,1,'vi','core/base/forms','short_code','Shortcode','2023-01-04 01:11:04','2023-01-04 01:11:04'),(797,1,'vi','core/base/forms','title','Tiêu ??','2023-01-04 01:11:04','2023-01-04 01:11:04'),(798,1,'vi','core/base/forms','value','Gi? tr?','2023-01-04 01:11:04','2023-01-04 01:11:04'),(799,1,'vi','core/base/forms','show_hide_editor','?n/Hi?n tr?nh so?n th?o','2023-01-04 01:11:04','2023-01-04 01:11:04'),(800,1,'vi','core/base/forms','basic_info_title','Thông tin c? b?n','2023-01-04 01:11:04','2023-01-04 01:11:04'),(801,1,'vi','core/base/forms','remove_file','X?a t?p tin','2023-01-04 01:11:04','2023-01-04 01:11:04'),(802,1,'vi','core/base/layouts','platform_admin','Qu?n tr? h? th?ng','2023-01-04 01:11:04','2023-01-04 01:11:04'),(803,1,'vi','core/base/layouts','dashboard','B?ng ?i?u khi?n','2023-01-04 01:11:04','2023-01-04 01:11:04'),(804,1,'vi','core/base/layouts','widgets','Ti?n ?ch','2023-01-04 01:11:04','2023-01-04 01:11:04'),(805,1,'vi','core/base/layouts','plugins','Ti?n ?ch m? r?ng','2023-01-04 01:11:04','2023-01-04 01:11:04'),(806,1,'vi','core/base/layouts','settings','Cài ??t','2023-01-04 01:11:04','2023-01-04 01:11:04'),(807,1,'vi','core/base/layouts','setting_general','C? b?n','2023-01-04 01:11:04','2023-01-04 01:11:04'),(808,1,'vi','core/base/layouts','system_information','Thông tin h? th?ng','2023-01-04 01:11:04','2023-01-04 01:11:04'),(809,1,'vi','core/base/layouts','theme','Giao di?n','2023-01-04 01:11:04','2023-01-04 01:11:04'),(810,1,'vi','core/base/layouts','copyright','B?n quy?n :year &copy; :company. Phiên b?n: <span>:version</span>','2023-01-04 01:11:04','2023-01-04 01:11:04'),(811,1,'vi','core/base/layouts','profile','Thông tin c? nhân','2023-01-04 01:11:04','2023-01-04 01:11:04'),(812,1,'vi','core/base/layouts','logout','??ng xu?t','2023-01-04 01:11:04','2023-01-04 01:11:04'),(813,1,'vi','core/base/layouts','no_search_result','Không c? k?t qu? t?m ki?m, h?y th? l?i v?i t? kh?a kh?c.','2023-01-04 01:11:04','2023-01-04 01:11:04'),(814,1,'vi','core/base/layouts','home','Trang ch?','2023-01-04 01:11:04','2023-01-04 01:11:04'),(815,1,'vi','core/base/layouts','search','T?m ki?m','2023-01-04 01:11:04','2023-01-04 01:11:04'),(816,1,'vi','core/base/layouts','add_new','Thêm m?i','2023-01-04 01:11:04','2023-01-04 01:11:04'),(817,1,'vi','core/base/layouts','n_a','N/A','2023-01-04 01:11:04','2023-01-04 01:11:04'),(818,1,'vi','core/base/layouts','page_loaded_time','Trang t?i xong trong','2023-01-04 01:11:04','2023-01-04 01:11:04'),(819,1,'vi','core/base/layouts','view_website','Xem trang ngoài','2023-01-04 01:11:04','2023-01-04 01:11:04'),(820,1,'vi','core/base/layouts','setting_email','Email','2023-01-04 01:11:04','2023-01-04 01:11:04'),(821,1,'vi','core/base/mail','send-fail','G??i email không tha?nh công','2023-01-04 01:11:04','2023-01-04 01:11:04'),(822,1,'vi','core/base/notices','create_success_message','T?o thành công','2023-01-04 01:11:04','2023-01-04 01:11:04'),(823,1,'vi','core/base/notices','update_success_message','C?p nh?t thành công','2023-01-04 01:11:04','2023-01-04 01:11:04'),(824,1,'vi','core/base/notices','delete_success_message','X?a thành công','2023-01-04 01:11:04','2023-01-04 01:11:04'),(825,1,'vi','core/base/notices','success_header','Thành công!','2023-01-04 01:11:04','2023-01-04 01:11:04'),(826,1,'vi','core/base/notices','error_header','L?i!','2023-01-04 01:11:04','2023-01-04 01:11:04'),(827,1,'vi','core/base/notices','no_select','Cho?n i?t nhâ?t 1 tr??ng ?ê? th??c hiê?n ha?nh ?ô?ng na?y!','2023-01-04 01:11:04','2023-01-04 01:11:04'),(828,1,'vi','core/base/notices','processing_request','H? th?ng ?ang x? l? yêu c?u.','2023-01-04 01:11:04','2023-01-04 01:11:04'),(829,1,'vi','core/base/notices','error','L?i!','2023-01-04 01:11:04','2023-01-04 01:11:04'),(830,1,'vi','core/base/notices','success','Thành công!','2023-01-04 01:11:04','2023-01-04 01:11:04'),(831,1,'vi','core/base/notices','info','Thông tin!','2023-01-04 01:11:04','2023-01-04 01:11:04'),(832,1,'vi','core/base/notices','enum.validate_message','Gi? tr? c?a :attribute không h?p l?','2023-01-04 01:11:04','2023-01-04 01:11:04'),(833,1,'vi','core/base/system','no_select','Ha?y cho?n i?t nhâ?t 1 tr???ng ?ê? th??c hiê?n ha?nh ?ô?ng na?y!','2023-01-04 01:11:04','2023-01-04 01:11:04'),(834,1,'vi','core/base/system','cannot_find_user','Không thê? ta?i ????c thông tin ng???i du?ng','2023-01-04 01:11:04','2023-01-04 01:11:04'),(835,1,'vi','core/base/system','supper_revoked','Quyê?n qua?n tri? viên cao nhâ?t ?a? ????c g?? bo?','2023-01-04 01:11:04','2023-01-04 01:11:04'),(836,1,'vi','core/base/system','cannot_revoke_yourself','Không th? g? b? quy?n qu?n tr? c?p cao c?a ch?nh b?n!','2023-01-04 01:11:04','2023-01-04 01:11:04'),(837,1,'vi','core/base/system','cant_remove_supper','Ba?n không co? quyê?n xo?a qua?n tri? viên câ?p cao','2023-01-04 01:11:04','2023-01-04 01:11:04'),(838,1,'vi','core/base/system','cant_find_user_with_email','Không thê? ti?m thâ?y ng???i du?ng v??i email na?y','2023-01-04 01:11:04','2023-01-04 01:11:04'),(839,1,'vi','core/base/system','supper_granted','Quyê?n qua?n tri? cao nhâ?t ?a? ????c ga?n','2023-01-04 01:11:04','2023-01-04 01:11:04'),(840,1,'vi','core/base/system','delete_log_success','Xo?a tâ?p tin log tha?nh công!','2023-01-04 01:11:04','2023-01-04 01:11:04'),(841,1,'vi','core/base/system','get_member_success','Hiê?n thi? danh sa?ch tha?nh viên tha?nh công','2023-01-04 01:11:04','2023-01-04 01:11:04'),(842,1,'vi','core/base/system','error_occur','C? l?i d??i ?ây','2023-01-04 01:11:04','2023-01-04 01:11:04'),(843,1,'vi','core/base/system','role_and_permission','Phân quyê?n hê? thô?ng','2023-01-04 01:11:04','2023-01-04 01:11:04'),(844,1,'vi','core/base/system','role_and_permission_description','Qua?n ly? nh??ng phân quyê?n trong hê? thô?ng','2023-01-04 01:11:04','2023-01-04 01:11:04'),(845,1,'vi','core/base/system','user.list_super','Danh sa?ch qua?n tri? viên câ?p cao','2023-01-04 01:11:04','2023-01-04 01:11:04'),(846,1,'vi','core/base/system','user.username','Tên ??ng nhâ?p','2023-01-04 01:11:04','2023-01-04 01:11:04'),(847,1,'vi','core/base/system','user.email','Email','2023-01-04 01:11:04','2023-01-04 01:11:04'),(848,1,'vi','core/base/system','user.last_login','??ng nhâ?p lâ?n cuô?i	','2023-01-04 01:11:04','2023-01-04 01:11:04'),(849,1,'vi','core/base/system','user.add_user','Thêm qua?n tri? viên câ?p cao','2023-01-04 01:11:04','2023-01-04 01:11:04'),(850,1,'vi','core/base/system','user.cancel','Hu?y bo?','2023-01-04 01:11:04','2023-01-04 01:11:04'),(851,1,'vi','core/base/system','user.create','Thêm','2023-01-04 01:11:04','2023-01-04 01:11:04'),(852,1,'vi','core/base/system','options.features','Kiê?m soa?t truy câ?p ca?c ti?nh n?ng','2023-01-04 01:11:04','2023-01-04 01:11:04'),(853,1,'vi','core/base/system','options.feature_description','Bâ?t/t??t ca?c ti?nh n?ng.','2023-01-04 01:11:04','2023-01-04 01:11:04'),(854,1,'vi','core/base/system','options.manage_super','Qua?n ly? qua?n tri? viên câ?p cao','2023-01-04 01:11:04','2023-01-04 01:11:04'),(855,1,'vi','core/base/system','options.manage_super_description','Thêm/xo?a qua?n tri? viên câ?p cao','2023-01-04 01:11:04','2023-01-04 01:11:04'),(856,1,'vi','core/base/system','options.info','Thông tin hê? thô?ng','2023-01-04 01:11:04','2023-01-04 01:11:04'),(857,1,'vi','core/base/system','options.info_description','Nh??ng thông tin vê? câ?u hi?nh hiê?n ta?i cu?a hê? thô?ng.','2023-01-04 01:11:04','2023-01-04 01:11:04'),(858,1,'vi','core/base/system','info.title','Thông tin hê? thô?ng','2023-01-04 01:11:04','2023-01-04 01:11:04'),(859,1,'vi','core/base/system','info.cache','B? nh? ??m','2023-01-04 01:11:04','2023-01-04 01:11:04'),(860,1,'vi','core/base/system','info.environment','Môi tr??ng','2023-01-04 01:11:04','2023-01-04 01:11:04'),(861,1,'vi','core/base/system','info.locale','Ngôn ng? h? th?ng','2023-01-04 01:11:04','2023-01-04 01:11:04'),(862,1,'vi','core/base/system','user_management','Qu?n l? thành viên','2023-01-04 01:11:04','2023-01-04 01:11:04'),(863,1,'vi','core/base/system','user_management_description','Qu?n l? ng??i dùng trong h? th?ng','2023-01-04 01:11:04','2023-01-04 01:11:04'),(864,1,'vi','core/base/system','app_size','K?ch th??c ?ng d?ng','2023-01-04 01:11:04','2023-01-04 01:11:04'),(865,1,'vi','core/base/system','cache_dir_writable','C? th? ghi b? nh? ??m','2023-01-04 01:11:04','2023-01-04 01:11:04'),(866,1,'vi','core/base/system','cache_driver','Lo?i l?u tr? b? nh? ??m','2023-01-04 01:11:04','2023-01-04 01:11:04'),(867,1,'vi','core/base/system','copy_report','Sao chép b?o c?o','2023-01-04 01:11:04','2023-01-04 01:11:04'),(868,1,'vi','core/base/system','curl_ext','CURL Ext','2023-01-04 01:11:04','2023-01-04 01:11:04'),(869,1,'vi','core/base/system','database','H? th?ng d? li?u','2023-01-04 01:11:04','2023-01-04 01:11:04'),(870,1,'vi','core/base/system','debug_mode','Ch? ?? s?a l?i','2023-01-04 01:11:04','2023-01-04 01:11:04'),(871,1,'vi','core/base/system','dependency_name','Tên g?i','2023-01-04 01:11:04','2023-01-04 01:11:04'),(872,1,'vi','core/base/system','exif_ext','Exif Ext','2023-01-04 01:11:04','2023-01-04 01:11:04'),(873,1,'vi','core/base/system','extra_information','Thông tin m? r?ng','2023-01-04 01:11:04','2023-01-04 01:11:04'),(874,1,'vi','core/base/system','extra_stats','Th?ng kê thêm','2023-01-04 01:11:04','2023-01-04 01:11:04'),(875,1,'vi','core/base/system','file_info_ext','File info Ext','2023-01-04 01:11:04','2023-01-04 01:11:04'),(876,1,'vi','core/base/system','framework_version','Phiên b?n framework','2023-01-04 01:11:04','2023-01-04 01:11:04'),(877,1,'vi','core/base/system','get_system_report','L?y thông tin h? th?ng','2023-01-04 01:11:04','2023-01-04 01:11:04'),(878,1,'vi','core/base/system','installed_packages','C?c g?i ?? cài ??t và phiên b?n','2023-01-04 01:11:04','2023-01-04 01:11:04'),(879,1,'vi','core/base/system','mbstring_ext','Mbstring Ext','2023-01-04 01:11:04','2023-01-04 01:11:04'),(880,1,'vi','core/base/system','openssl_ext','OpenSSL Ext','2023-01-04 01:11:04','2023-01-04 01:11:04'),(881,1,'vi','core/base/system','package_name','Tên g?i','2023-01-04 01:11:04','2023-01-04 01:11:04'),(882,1,'vi','core/base/system','pdo_ext','PDO Ext','2023-01-04 01:11:04','2023-01-04 01:11:04'),(883,1,'vi','core/base/system','php_version','Phiên b?n PHP','2023-01-04 01:11:04','2023-01-04 01:11:04'),(884,1,'vi','core/base/system','report_description','Vui l?ng chia s? thông tin này nh?m m?c ??ch ?i?u tra nguyên nhân gây l?i','2023-01-04 01:11:04','2023-01-04 01:11:04'),(885,1,'vi','core/base/system','server_environment','Môi tr??ng m?y ch?','2023-01-04 01:11:04','2023-01-04 01:11:04'),(886,1,'vi','core/base/system','server_os','H? ?i?u hành c?a m?y ch?','2023-01-04 01:11:04','2023-01-04 01:11:04'),(887,1,'vi','core/base/system','server_software','Ph?n m?m','2023-01-04 01:11:04','2023-01-04 01:11:04'),(888,1,'vi','core/base/system','session_driver','Lo?i l?u tr? phiên làm vi?c','2023-01-04 01:11:04','2023-01-04 01:11:04'),(889,1,'vi','core/base/system','ssl_installed','?? cài ??t ch?ng ch? SSL','2023-01-04 01:11:04','2023-01-04 01:11:04'),(890,1,'vi','core/base/system','storage_dir_writable','C? th? l?u tr? d? li?u t?m','2023-01-04 01:11:04','2023-01-04 01:11:04'),(891,1,'vi','core/base/system','system_environment','Môi tr??ng h? th?ng','2023-01-04 01:11:04','2023-01-04 01:11:04'),(892,1,'vi','core/base/system','timezone','M?i gi?','2023-01-04 01:11:04','2023-01-04 01:11:04'),(893,1,'vi','core/base/system','tokenizer_ext','Tokenizer Ext','2023-01-04 01:11:04','2023-01-04 01:11:04'),(894,1,'vi','core/base/system','version','Phiên b?n','2023-01-04 01:11:04','2023-01-04 01:11:04'),(895,1,'vi','core/base/system','cms_version','Phiên b?n CMS','2023-01-04 01:11:04','2023-01-04 01:11:04'),(896,1,'vi','core/base/system','queue_connection','Queue Connection','2023-01-04 01:11:04','2023-01-04 01:11:04'),(897,1,'vi','core/base/system','disabled_in_demo_mode','B?n không th? th?c hi?n hành ??ng này ? ch? ?? demo!','2023-01-04 01:11:04','2023-01-04 01:11:04'),(898,1,'vi','core/base/system','imagick_or_gd_ext','Imagick/GD Ext','2023-01-04 01:11:04','2023-01-04 01:11:04'),(899,1,'vi','core/base/system','php_version_error','Phiên b?n PHP ph?i >= :version','2023-01-04 01:11:04','2023-01-04 01:11:04'),(900,1,'vi','core/base/system','updater','Nâng c?p h? th?ng','2023-01-04 01:11:04','2023-01-04 01:11:04'),(901,1,'vi','core/base/tables','id','ID','2023-01-04 01:11:04','2023-01-04 01:11:04'),(902,1,'vi','core/base/tables','name','Tên','2023-01-04 01:11:04','2023-01-04 01:11:04'),(903,1,'vi','core/base/tables','order_by','Th? t?','2023-01-04 01:11:04','2023-01-04 01:11:04'),(904,1,'vi','core/base/tables','status','Tr?ng th?i','2023-01-04 01:11:04','2023-01-04 01:11:04'),(905,1,'vi','core/base/tables','created_at','Ngày t?o','2023-01-04 01:11:04','2023-01-04 01:11:04'),(906,1,'vi','core/base/tables','updated_at','Ngày c?p nh?t','2023-01-04 01:11:04','2023-01-04 01:11:04'),(907,1,'vi','core/base/tables','operations','T?c v?','2023-01-04 01:11:04','2023-01-04 01:11:04'),(908,1,'vi','core/base/tables','url','URL','2023-01-04 01:11:04','2023-01-04 01:11:04'),(909,1,'vi','core/base/tables','author','Ng???i ta?o','2023-01-04 01:11:04','2023-01-04 01:11:04'),(910,1,'vi','core/base/tables','column','Cô?t','2023-01-04 01:11:04','2023-01-04 01:11:04'),(911,1,'vi','core/base/tables','origin','Ba?n cu?','2023-01-04 01:11:04','2023-01-04 01:11:04'),(912,1,'vi','core/base/tables','after_change','Sau khi thay ?ô?i','2023-01-04 01:11:04','2023-01-04 01:11:04'),(913,1,'vi','core/base/tables','notes','Ghi chu?','2023-01-04 01:11:04','2023-01-04 01:11:04'),(914,1,'vi','core/base/tables','activated','k?ch ho?t','2023-01-04 01:11:04','2023-01-04 01:11:04'),(915,1,'vi','core/base/tables','browser','Tr?nh duy?t','2023-01-04 01:11:04','2023-01-04 01:11:04'),(916,1,'vi','core/base/tables','deactivated','h?y k?ch ho?t','2023-01-04 01:11:04','2023-01-04 01:11:04'),(917,1,'vi','core/base/tables','description','Mô t?','2023-01-04 01:11:04','2023-01-04 01:11:04'),(918,1,'vi','core/base/tables','session','Phiên','2023-01-04 01:11:04','2023-01-04 01:11:04'),(919,1,'vi','core/base/tables','views','L??t xem','2023-01-04 01:11:04','2023-01-04 01:11:04'),(920,1,'vi','core/base/tables','restore','Khôi ph?c','2023-01-04 01:11:04','2023-01-04 01:11:04'),(921,1,'vi','core/base/tables','edit','S?a','2023-01-04 01:11:04','2023-01-04 01:11:04'),(922,1,'vi','core/base/tables','delete','X?a','2023-01-04 01:11:04','2023-01-04 01:11:04'),(923,1,'vi','core/base/tables','action','Hành ??ng','2023-01-04 01:11:04','2023-01-04 01:11:04'),(924,1,'vi','core/base/tables','activate','K?ch ho?t','2023-01-04 01:11:04','2023-01-04 01:11:04'),(925,1,'vi','core/base/tables','add_new','Thêm m?i','2023-01-04 01:11:04','2023-01-04 01:11:04'),(926,1,'vi','core/base/tables','all','T?t c?','2023-01-04 01:11:04','2023-01-04 01:11:04'),(927,1,'vi','core/base/tables','cancel','H?y b?','2023-01-04 01:11:04','2023-01-04 01:11:04'),(928,1,'vi','core/base/tables','confirm_delete','X?c nh?n x?a','2023-01-04 01:11:04','2023-01-04 01:11:04'),(929,1,'vi','core/base/tables','confirm_delete_msg','B?n c? ch?c ch?n mu?n x?a b?n ghi này?','2023-01-04 01:11:04','2023-01-04 01:11:04'),(930,1,'vi','core/base/tables','csv','CSV','2023-01-04 01:11:04','2023-01-04 01:11:04'),(931,1,'vi','core/base/tables','deactivate','H?y k?ch ho?t','2023-01-04 01:11:04','2023-01-04 01:11:04'),(932,1,'vi','core/base/tables','delete_entry','X?a b?n ghi','2023-01-04 01:11:04','2023-01-04 01:11:04'),(933,1,'vi','core/base/tables','display','Hi?n th?','2023-01-04 01:11:04','2023-01-04 01:11:04'),(934,1,'vi','core/base/tables','excel','Excel','2023-01-04 01:11:04','2023-01-04 01:11:04'),(935,1,'vi','core/base/tables','export','Xu?t b?n','2023-01-04 01:11:04','2023-01-04 01:11:04'),(936,1,'vi','core/base/tables','in','trong t?ng s?','2023-01-04 01:11:04','2023-01-04 01:11:04'),(937,1,'vi','core/base/tables','no_data','Không c? d? li?u ?? hi?n th?','2023-01-04 01:11:04','2023-01-04 01:11:04'),(938,1,'vi','core/base/tables','no_record','Không c? d? li?u','2023-01-04 01:11:04','2023-01-04 01:11:04'),(939,1,'vi','core/base/tables','pdf','PDF','2023-01-04 01:11:04','2023-01-04 01:11:04'),(940,1,'vi','core/base/tables','print','In','2023-01-04 01:11:04','2023-01-04 01:11:04'),(941,1,'vi','core/base/tables','records','b?n ghi','2023-01-04 01:11:04','2023-01-04 01:11:04'),(942,1,'vi','core/base/tables','reload','T?i l?i','2023-01-04 01:11:04','2023-01-04 01:11:04'),(943,1,'vi','core/base/tables','reset','Làm m?i','2023-01-04 01:11:04','2023-01-04 01:11:04'),(944,1,'vi','core/base/tables','save','L?u','2023-01-04 01:11:04','2023-01-04 01:11:04'),(945,1,'vi','core/base/tables','show_from','Hi?n th? t?','2023-01-04 01:11:04','2023-01-04 01:11:04'),(946,1,'vi','core/base/tables','template','Giao di?n','2023-01-04 01:11:04','2023-01-04 01:11:04'),(947,1,'vi','core/base/tables','to','??n','2023-01-04 01:11:04','2023-01-04 01:11:04'),(948,1,'vi','core/base/tables','view','Xem chi ti?t','2023-01-04 01:11:04','2023-01-04 01:11:04'),(949,1,'vi','core/base/tables','email','Email','2023-01-04 01:11:04','2023-01-04 01:11:04'),(950,1,'vi','core/base/tables','image','H?nh ?nh','2023-01-04 01:11:04','2023-01-04 01:11:04'),(951,1,'vi','core/base/tables','is_featured','N?i b?t','2023-01-04 01:11:04','2023-01-04 01:11:04'),(952,1,'vi','core/base/tables','last_login','L?n cu?i ??ng nh?p','2023-01-04 01:11:04','2023-01-04 01:11:04'),(953,1,'vi','core/base/tables','order','Th? t?','2023-01-04 01:11:04','2023-01-04 01:11:04'),(954,1,'vi','core/base/tables','shortcode','Shortcode','2023-01-04 01:11:04','2023-01-04 01:11:04'),(955,1,'vi','core/base/tables','slug','Slug','2023-01-04 01:11:04','2023-01-04 01:11:04'),(956,1,'vi','core/base/tables','title','Tiêu ??','2023-01-04 01:11:04','2023-01-04 01:11:04'),(957,1,'vi','core/base/tables','bulk_changes','Thay ??i hàng lo?t','2023-01-04 01:11:04','2023-01-04 01:11:04'),(958,1,'vi','core/base/tables','confirm_delete_many_msg','B?n c? ch?c ch?n mu?n x?a nh?ng b?n ghi này?','2023-01-04 01:11:04','2023-01-04 01:11:04'),(959,1,'vi','core/base/tables','submit','Hoàn t?t','2023-01-04 01:11:04','2023-01-04 01:11:04'),(960,1,'vi','core/base/tables','please_select_record','Vui l?ng ch?n ?t nh?t 1 b?n ghi ?? th?c hi?n hành ??ng này!','2023-01-04 01:11:04','2023-01-04 01:11:04'),(961,1,'vi','core/base/tabs','detail','Chi ti?t','2023-01-04 01:11:04','2023-01-04 01:11:04'),(962,1,'vi','core/base/tabs','file','T?p tin','2023-01-04 01:11:04','2023-01-04 01:11:04'),(963,1,'vi','core/base/tabs','record_note','Ghi ch?','2023-01-04 01:11:04','2023-01-04 01:11:04'),(964,1,'vi','core/base/tabs','revision','L?ch s? thay ??i','2023-01-04 01:11:04','2023-01-04 01:11:04'),(965,1,'en','core/dashboard/dashboard','update_position_success','Update widget position successfully!','2023-01-04 01:11:04','2023-01-04 01:11:04'),(966,1,'en','core/dashboard/dashboard','hide_success','Update widget successfully!','2023-01-04 01:11:04','2023-01-04 01:11:04'),(967,1,'en','core/dashboard/dashboard','confirm_hide','Are you sure?','2023-01-04 01:11:04','2023-01-04 01:11:04'),(968,1,'en','core/dashboard/dashboard','hide_message','Do you really want to hide this widget? It will be disappear on Dashboard!','2023-01-04 01:11:04','2023-01-04 01:11:04'),(969,1,'en','core/dashboard/dashboard','confirm_hide_btn','Yes, hide this widget','2023-01-04 01:11:04','2023-01-04 01:11:04'),(970,1,'en','core/dashboard/dashboard','cancel_hide_btn','Cancel','2023-01-04 01:11:04','2023-01-04 01:11:04'),(971,1,'en','core/dashboard/dashboard','collapse_expand','Collapse/Expand','2023-01-04 01:11:04','2023-01-04 01:11:04'),(972,1,'en','core/dashboard/dashboard','hide','Hide','2023-01-04 01:11:04','2023-01-04 01:11:04'),(973,1,'en','core/dashboard/dashboard','reload','Reload','2023-01-04 01:11:04','2023-01-04 01:11:04'),(974,1,'en','core/dashboard/dashboard','save_setting_success','Save widget settings successfully!','2023-01-04 01:11:04','2023-01-04 01:11:04'),(975,1,'en','core/dashboard/dashboard','widget_not_exists','Widget is not exits!','2023-01-04 01:11:04','2023-01-04 01:11:04'),(976,1,'en','core/dashboard/dashboard','manage_widgets','Manage Widgets','2023-01-04 01:11:04','2023-01-04 01:11:04'),(977,1,'en','core/dashboard/dashboard','fullscreen','Full screen','2023-01-04 01:11:04','2023-01-04 01:11:04'),(978,1,'en','core/dashboard/dashboard','title','Dashboard','2023-01-04 01:11:04','2023-01-04 01:11:04'),(979,1,'en','core/dashboard/dashboard','predefined_ranges.today','Today','2023-01-04 01:11:04','2023-01-04 01:11:04'),(980,1,'en','core/dashboard/dashboard','predefined_ranges.yesterday','Yesterday','2023-01-04 01:11:04','2023-01-04 01:11:04'),(981,1,'en','core/dashboard/dashboard','predefined_ranges.this_week','This Week','2023-01-04 01:11:04','2023-01-04 01:11:04'),(982,1,'en','core/dashboard/dashboard','predefined_ranges.last_7_days','Last 7 Days','2023-01-04 01:11:04','2023-01-04 01:11:04'),(983,1,'en','core/dashboard/dashboard','predefined_ranges.this_month','This Month','2023-01-04 01:11:04','2023-01-04 01:11:04'),(984,1,'en','core/dashboard/dashboard','predefined_ranges.last_30_days','Last 30 Days','2023-01-04 01:11:04','2023-01-04 01:11:04'),(985,1,'en','core/dashboard/dashboard','predefined_ranges.this_year','This Year','2023-01-04 01:11:04','2023-01-04 01:11:04'),(986,1,'vi','core/dashboard/dashboard','cancel_hide_btn','H?y b?','2023-01-04 01:11:04','2023-01-04 01:11:04'),(987,1,'vi','core/dashboard/dashboard','collapse_expand','M? r?ng','2023-01-04 01:11:04','2023-01-04 01:11:04'),(988,1,'vi','core/dashboard/dashboard','confirm_hide','B?n c? ch?c?','2023-01-04 01:11:04','2023-01-04 01:11:04'),(989,1,'vi','core/dashboard/dashboard','confirm_hide_btn','Vâng, ?n ti?n ?ch này','2023-01-04 01:11:04','2023-01-04 01:11:04'),(990,1,'vi','core/dashboard/dashboard','hide','?n','2023-01-04 01:11:04','2023-01-04 01:11:04'),(991,1,'vi','core/dashboard/dashboard','hide_message','B?n c? ch?c ch?n mu?n ?n ti?n ?ch này? N? s? không ???c hi?n th? trên trang ch? n?a!','2023-01-04 01:11:04','2023-01-04 01:11:04'),(992,1,'vi','core/dashboard/dashboard','hide_success','?n ti?n ?ch thành công!','2023-01-04 01:11:04','2023-01-04 01:11:04'),(993,1,'vi','core/dashboard/dashboard','manage_widgets','Qu?n l? ti?n ?ch','2023-01-04 01:11:04','2023-01-04 01:11:04'),(994,1,'vi','core/dashboard/dashboard','reload','Làm m?i','2023-01-04 01:11:04','2023-01-04 01:11:04'),(995,1,'vi','core/dashboard/dashboard','save_setting_success','L?u ti?n ?ch thành công','2023-01-04 01:11:04','2023-01-04 01:11:04'),(996,1,'vi','core/dashboard/dashboard','update_position_success','C?p nh?t v? tr? ti?n ?ch thành công!','2023-01-04 01:11:04','2023-01-04 01:11:04'),(997,1,'vi','core/dashboard/dashboard','widget_not_exists','Ti?n ?ch này không t?n t?i!','2023-01-04 01:11:04','2023-01-04 01:11:04'),(998,1,'vi','core/dashboard/dashboard','fullscreen','Toàn màn h?nh','2023-01-04 01:11:04','2023-01-04 01:11:04'),(999,1,'vi','core/dashboard/dashboard','title','Trang qu?n tr?','2023-01-04 01:11:04','2023-01-04 01:11:04'),(1000,1,'en','core/media/media','filter','Filter','2023-01-04 01:11:04','2023-01-04 01:11:04'),(1001,1,'en','core/media/media','everything','Everything','2023-01-04 01:11:04','2023-01-04 01:11:04'),(1002,1,'en','core/media/media','image','Image','2023-01-04 01:11:04','2023-01-04 01:11:04'),(1003,1,'en','core/media/media','video','Video','2023-01-04 01:11:04','2023-01-04 01:11:04'),(1004,1,'en','core/media/media','document','Document','2023-01-04 01:11:04','2023-01-04 01:11:04'),(1005,1,'en','core/media/media','view_in','View in','2023-01-04 01:11:04','2023-01-04 01:11:04'),(1006,1,'en','core/media/media','all_media','All media','2023-01-04 01:11:04','2023-01-04 01:11:04'),(1007,1,'en','core/media/media','trash','Trash','2023-01-04 01:11:04','2023-01-04 01:11:04'),(1008,1,'en','core/media/media','recent','Recent','2023-01-04 01:11:04','2023-01-04 01:11:04'),(1009,1,'en','core/media/media','favorites','Favorites','2023-01-04 01:11:04','2023-01-04 01:11:04'),(1010,1,'en','core/media/media','upload','Upload','2023-01-04 01:11:04','2023-01-04 01:11:04'),(1011,1,'en','core/media/media','create_folder','Create folder','2023-01-04 01:11:04','2023-01-04 01:11:04'),(1012,1,'en','core/media/media','refresh','Refresh','2023-01-04 01:11:04','2023-01-04 01:11:04'),(1013,1,'en','core/media/media','empty_trash','Empty trash','2023-01-04 01:11:04','2023-01-04 01:11:04'),(1014,1,'en','core/media/media','search_file_and_folder','Search in current folder','2023-01-04 01:11:04','2023-01-04 01:11:04'),(1015,1,'en','core/media/media','sort','Sort','2023-01-04 01:11:04','2023-01-04 01:11:04'),(1016,1,'en','core/media/media','file_name_asc','File name - ASC','2023-01-04 01:11:04','2023-01-04 01:11:04'),(1017,1,'en','core/media/media','file_name_desc','File name - DESC','2023-01-04 01:11:04','2023-01-04 01:11:04'),(1018,1,'en','core/media/media','uploaded_date_asc','Uploaded date - ASC','2023-01-04 01:11:04','2023-01-04 01:11:04'),(1019,1,'en','core/media/media','uploaded_date_desc','Uploaded date - DESC','2023-01-04 01:11:04','2023-01-04 01:11:04'),(1020,1,'en','core/media/media','size_asc','Size - ASC','2023-01-04 01:11:04','2023-01-04 01:11:04'),(1021,1,'en','core/media/media','size_desc','Size - DESC','2023-01-04 01:11:04','2023-01-04 01:11:04'),(1022,1,'en','core/media/media','actions','Actions','2023-01-04 01:11:04','2023-01-04 01:11:04'),(1023,1,'en','core/media/media','nothing_is_selected','Nothing is selected','2023-01-04 01:11:04','2023-01-04 01:11:04'),(1024,1,'en','core/media/media','insert','Insert','2023-01-04 01:11:04','2023-01-04 01:11:04'),(1025,1,'en','core/media/media','folder_name','Folder name','2023-01-04 01:11:04','2023-01-04 01:11:04'),(1026,1,'en','core/media/media','create','Create','2023-01-04 01:11:04','2023-01-04 01:11:04'),(1027,1,'en','core/media/media','rename','Rename','2023-01-04 01:11:04','2023-01-04 01:11:04'),(1028,1,'en','core/media/media','close','Close','2023-01-04 01:11:04','2023-01-04 01:11:04'),(1029,1,'en','core/media/media','save_changes','Save changes','2023-01-04 01:11:04','2023-01-04 01:11:04'),(1030,1,'en','core/media/media','move_to_trash','Move items to trash','2023-01-04 01:11:04','2023-01-04 01:11:04'),(1031,1,'en','core/media/media','confirm_trash','Are you sure you want to move these items to trash?','2023-01-04 01:11:04','2023-01-04 01:11:04'),(1032,1,'en','core/media/media','confirm','Confirm','2023-01-04 01:11:04','2023-01-04 01:11:04'),(1033,1,'en','core/media/media','confirm_delete','Delete item(s)','2023-01-04 01:11:04','2023-01-04 01:11:04'),(1034,1,'en','core/media/media','confirm_delete_description','Your request cannot rollback. Are you sure you wanna delete these items?','2023-01-04 01:11:04','2023-01-04 01:11:04'),(1035,1,'en','core/media/media','empty_trash_title','Empty trash','2023-01-04 01:11:04','2023-01-04 01:11:04'),(1036,1,'en','core/media/media','empty_trash_description','Your request cannot rollback. Are you sure you wanna remove all items in trash?','2023-01-04 01:11:04','2023-01-04 01:11:04'),(1037,1,'en','core/media/media','up_level','Up one level','2023-01-04 01:11:04','2023-01-04 01:11:04'),(1038,1,'en','core/media/media','upload_progress','Upload progress','2023-01-04 01:11:04','2023-01-04 01:11:04'),(1039,1,'en','core/media/media','folder_created','Folder is created successfully!','2023-01-04 01:11:04','2023-01-04 01:11:04'),(1040,1,'en','core/media/media','gallery','Media gallery','2023-01-04 01:11:04','2023-01-04 01:11:04'),(1041,1,'en','core/media/media','trash_error','Error when delete selected item(s)','2023-01-04 01:11:04','2023-01-04 01:11:04'),(1042,1,'en','core/media/media','trash_success','Moved selected item(s) to trash successfully!','2023-01-04 01:11:04','2023-01-04 01:11:04'),(1043,1,'en','core/media/media','restore_error','Error when restore selected item(s)','2023-01-04 01:11:04','2023-01-04 01:11:04'),(1044,1,'en','core/media/media','restore_success','Restore selected item(s) successfully!','2023-01-04 01:11:04','2023-01-04 01:11:04'),(1045,1,'en','core/media/media','copy_success','Copied selected item(s) successfully!','2023-01-04 01:11:04','2023-01-04 01:11:04'),(1046,1,'en','core/media/media','delete_success','Deleted selected item(s) successfully!','2023-01-04 01:11:04','2023-01-04 01:11:04'),(1047,1,'en','core/media/media','favorite_success','Favorite selected item(s) successfully!','2023-01-04 01:11:04','2023-01-04 01:11:04'),(1048,1,'en','core/media/media','remove_favorite_success','Remove selected item(s) from favorites successfully!','2023-01-04 01:11:04','2023-01-04 01:11:04'),(1049,1,'en','core/media/media','rename_error','Error when rename item(s)','2023-01-04 01:11:04','2023-01-04 01:11:04'),(1050,1,'en','core/media/media','rename_success','Rename selected item(s) successfully!','2023-01-04 01:11:04','2023-01-04 01:11:04'),(1051,1,'en','core/media/media','empty_trash_success','Empty trash successfully!','2023-01-04 01:11:04','2023-01-04 01:11:04'),(1052,1,'en','core/media/media','invalid_action','Invalid action!','2023-01-04 01:11:04','2023-01-04 01:11:04'),(1053,1,'en','core/media/media','file_not_exists','File is not exists!','2023-01-04 01:11:04','2023-01-04 01:11:04'),(1054,1,'en','core/media/media','download_file_error','Error when downloading files!','2023-01-04 01:11:04','2023-01-04 01:11:04'),(1055,1,'en','core/media/media','missing_zip_archive_extension','Please enable ZipArchive extension to download file!','2023-01-04 01:11:04','2023-01-04 01:11:04'),(1056,1,'en','core/media/media','can_not_download_file','Can not download this file!','2023-01-04 01:11:04','2023-01-04 01:11:04'),(1057,1,'en','core/media/media','invalid_request','Invalid request!','2023-01-04 01:11:04','2023-01-04 01:11:04'),(1058,1,'en','core/media/media','add_success','Add item successfully!','2023-01-04 01:11:04','2023-01-04 01:11:04'),(1059,1,'en','core/media/media','file_too_big','File too big. Max file upload is :size bytes','2023-01-04 01:11:04','2023-01-04 01:11:04'),(1060,1,'en','core/media/media','file_too_big_readable_size','File too big. Max file upload is :size.','2023-01-04 01:11:04','2023-01-04 01:11:04'),(1061,1,'en','core/media/media','can_not_detect_file_type','File type is not allowed or can not detect file type!','2023-01-04 01:11:04','2023-01-04 01:11:04'),(1062,1,'en','core/media/media','upload_failed','The file is NOT uploaded completely. The server allows max upload file size is :size . Please check your file size OR try to upload again in case of having network errors','2023-01-04 01:11:04','2023-01-04 01:11:04'),(1063,1,'en','core/media/media','menu_name','Media','2023-01-04 01:11:04','2023-01-04 01:11:04'),(1064,1,'en','core/media/media','add','Add media','2023-01-04 01:11:04','2023-01-04 01:11:04'),(1065,1,'en','core/media/media','javascript.name','Name','2023-01-04 01:11:04','2023-01-04 01:11:04'),(1066,1,'en','core/media/media','javascript.url','URL','2023-01-04 01:11:04','2023-01-04 01:11:04'),(1067,1,'en','core/media/media','javascript.full_url','Full URL','2023-01-04 01:11:04','2023-01-04 01:11:04'),(1068,1,'en','core/media/media','javascript.size','Size','2023-01-04 01:11:04','2023-01-04 01:11:04'),(1069,1,'en','core/media/media','javascript.mime_type','Type','2023-01-04 01:11:04','2023-01-04 01:11:04'),(1070,1,'en','core/media/media','javascript.created_at','Uploaded at','2023-01-04 01:11:04','2023-01-04 01:11:04'),(1071,1,'en','core/media/media','javascript.updated_at','Modified at','2023-01-04 01:11:04','2023-01-04 01:11:04'),(1072,1,'en','core/media/media','javascript.nothing_selected','Nothing is selected','2023-01-04 01:11:04','2023-01-04 01:11:04'),(1073,1,'en','core/media/media','javascript.visit_link','Open link','2023-01-04 01:11:04','2023-01-04 01:11:04'),(1074,1,'en','core/media/media','javascript.no_item.all_media.icon','fas fa-cloud-upload-alt','2023-01-04 01:11:04','2023-01-04 01:11:04'),(1075,1,'en','core/media/media','javascript.no_item.all_media.title','Drop files and folders here','2023-01-04 01:11:04','2023-01-04 01:11:04'),(1076,1,'en','core/media/media','javascript.no_item.all_media.message','Or use the upload button above','2023-01-04 01:11:04','2023-01-04 01:11:04'),(1077,1,'en','core/media/media','javascript.no_item.trash.icon','fas fa-trash-alt','2023-01-04 01:11:04','2023-01-04 01:11:04'),(1078,1,'en','core/media/media','javascript.no_item.trash.title','There is nothing in your trash currently','2023-01-04 01:11:04','2023-01-04 01:11:04'),(1079,1,'en','core/media/media','javascript.no_item.trash.message','Delete files to move them to trash automatically. Delete files from trash to remove them permanently','2023-01-04 01:11:04','2023-01-04 01:11:04'),(1080,1,'en','core/media/media','javascript.no_item.favorites.icon','fas fa-star','2023-01-04 01:11:04','2023-01-04 01:11:04'),(1081,1,'en','core/media/media','javascript.no_item.favorites.title','You have not added anything to your favorites yet','2023-01-04 01:11:04','2023-01-04 01:11:04'),(1082,1,'en','core/media/media','javascript.no_item.favorites.message','Add files to favorites to easily find them later','2023-01-04 01:11:04','2023-01-04 01:11:04'),(1083,1,'en','core/media/media','javascript.no_item.recent.icon','far fa-clock','2023-01-04 01:11:04','2023-01-04 01:11:04'),(1084,1,'en','core/media/media','javascript.no_item.recent.title','You did not opened anything yet','2023-01-04 01:11:04','2023-01-04 01:11:04'),(1085,1,'en','core/media/media','javascript.no_item.recent.message','All recent files that you opened will be appeared here','2023-01-04 01:11:04','2023-01-04 01:11:04'),(1086,1,'en','core/media/media','javascript.no_item.default.icon','fas fa-sync','2023-01-04 01:11:04','2023-01-04 01:11:04'),(1087,1,'en','core/media/media','javascript.no_item.default.title','No items','2023-01-04 01:11:04','2023-01-04 01:11:04'),(1088,1,'en','core/media/media','javascript.no_item.default.message','This directory has no item','2023-01-04 01:11:04','2023-01-04 01:11:04'),(1089,1,'en','core/media/media','javascript.clipboard.success','These file links has been copied to clipboard','2023-01-04 01:11:04','2023-01-04 01:11:04'),(1090,1,'en','core/media/media','javascript.message.error_header','Error','2023-01-04 01:11:04','2023-01-04 01:11:04'),(1091,1,'en','core/media/media','javascript.message.success_header','Success','2023-01-04 01:11:04','2023-01-04 01:11:04'),(1092,1,'en','core/media/media','javascript.download.error','No files selected or cannot download these files','2023-01-04 01:11:04','2023-01-04 01:11:04'),(1093,1,'en','core/media/media','javascript.actions_list.basic.preview','Preview','2023-01-04 01:11:04','2023-01-04 01:11:04'),(1094,1,'en','core/media/media','javascript.actions_list.file.copy_link','Copy link','2023-01-04 01:11:04','2023-01-04 01:11:04'),(1095,1,'en','core/media/media','javascript.actions_list.file.rename','Rename','2023-01-04 01:11:04','2023-01-04 01:11:04'),(1096,1,'en','core/media/media','javascript.actions_list.file.make_copy','Make a copy','2023-01-04 01:11:04','2023-01-04 01:11:04'),(1097,1,'en','core/media/media','javascript.actions_list.user.favorite','Add to favorite','2023-01-04 01:11:04','2023-01-04 01:11:04'),(1098,1,'en','core/media/media','javascript.actions_list.user.remove_favorite','Remove favorite','2023-01-04 01:11:04','2023-01-04 01:11:04'),(1099,1,'en','core/media/media','javascript.actions_list.other.download','Download','2023-01-04 01:11:04','2023-01-04 01:11:04'),(1100,1,'en','core/media/media','javascript.actions_list.other.trash','Move to trash','2023-01-04 01:11:04','2023-01-04 01:11:04'),(1101,1,'en','core/media/media','javascript.actions_list.other.delete','Delete permanently','2023-01-04 01:11:04','2023-01-04 01:11:04'),(1102,1,'en','core/media/media','javascript.actions_list.other.restore','Restore','2023-01-04 01:11:04','2023-01-04 01:11:04'),(1103,1,'en','core/media/media','javascript.change_image','Change image','2023-01-04 01:11:04','2023-01-04 01:11:04'),(1104,1,'en','core/media/media','javascript.delete_image','Delete image','2023-01-04 01:11:04','2023-01-04 01:11:04'),(1105,1,'en','core/media/media','javascript.choose_image','Choose image','2023-01-04 01:11:04','2023-01-04 01:11:04'),(1106,1,'en','core/media/media','javascript.preview_image','Preview image','2023-01-04 01:11:04','2023-01-04 01:11:04'),(1107,1,'en','core/media/media','name_invalid','The folder name has invalid character(s).','2023-01-04 01:11:04','2023-01-04 01:11:04'),(1108,1,'en','core/media/media','url_invalid','Please provide a valid URL','2023-01-04 01:11:04','2023-01-04 01:11:04'),(1109,1,'en','core/media/media','path_invalid','Please provide a valid path','2023-01-04 01:11:04','2023-01-04 01:11:04'),(1110,1,'en','core/media/media','download_link','Download','2023-01-04 01:11:04','2023-01-04 01:11:04'),(1111,1,'en','core/media/media','url','URL','2023-01-04 01:11:04','2023-01-04 01:11:04'),(1112,1,'en','core/media/media','download_explain','Enter one URL per line.','2023-01-04 01:11:04','2023-01-04 01:11:04'),(1113,1,'en','core/media/media','downloading','Downloading...','2023-01-04 01:11:04','2023-01-04 01:11:04'),(1114,1,'vi','core/media/media','filter','L?c','2023-01-04 01:11:04','2023-01-04 01:11:04'),(1115,1,'vi','core/media/media','everything','T?t c?','2023-01-04 01:11:04','2023-01-04 01:11:04'),(1116,1,'vi','core/media/media','image','H?nh ?nh','2023-01-04 01:11:04','2023-01-04 01:11:04'),(1117,1,'vi','core/media/media','video','Phim','2023-01-04 01:11:04','2023-01-04 01:11:04'),(1118,1,'vi','core/media/media','document','Tài li?u','2023-01-04 01:11:04','2023-01-04 01:11:04'),(1119,1,'vi','core/media/media','view_in','Ch? ?? xem','2023-01-04 01:11:04','2023-01-04 01:11:04'),(1120,1,'vi','core/media/media','all_media','T?t c? t?p tin','2023-01-04 01:11:04','2023-01-04 01:11:04'),(1121,1,'vi','core/media/media','trash','Thùng r?c','2023-01-04 01:11:04','2023-01-04 01:11:04'),(1122,1,'vi','core/media/media','recent','G?n ?ây','2023-01-04 01:11:04','2023-01-04 01:11:04'),(1123,1,'vi','core/media/media','favorites','???c g?n d?u sao','2023-01-04 01:11:04','2023-01-04 01:11:04'),(1124,1,'vi','core/media/media','upload','T?i lên','2023-01-04 01:11:04','2023-01-04 01:11:04'),(1125,1,'vi','core/media/media','create_folder','T?o th? m?c','2023-01-04 01:11:04','2023-01-04 01:11:04'),(1126,1,'vi','core/media/media','refresh','Làm m?i','2023-01-04 01:11:04','2023-01-04 01:11:04'),(1127,1,'vi','core/media/media','empty_trash','D?n thùng r?c','2023-01-04 01:11:04','2023-01-04 01:11:04'),(1128,1,'vi','core/media/media','search_file_and_folder','T?m ki?m t?p tin và th? m?c','2023-01-04 01:11:04','2023-01-04 01:11:04'),(1129,1,'vi','core/media/media','sort','S?p x?p','2023-01-04 01:11:04','2023-01-04 01:11:04'),(1130,1,'vi','core/media/media','file_name_asc','Tên t?p tin - ASC','2023-01-04 01:11:04','2023-01-04 01:11:04'),(1131,1,'vi','core/media/media','file_name_desc','Tên t?p tin - DESC','2023-01-04 01:11:04','2023-01-04 01:11:04'),(1132,1,'vi','core/media/media','uploaded_date_asc','Ngày t?i lên - ASC','2023-01-04 01:11:04','2023-01-04 01:11:04'),(1133,1,'vi','core/media/media','uploaded_date_desc','Ngày t?i lên - DESC','2023-01-04 01:11:04','2023-01-04 01:11:04'),(1134,1,'vi','core/media/media','size_asc','K?ch th??c - ASC','2023-01-04 01:11:04','2023-01-04 01:11:04'),(1135,1,'vi','core/media/media','size_desc','K?ch th??c - DESC','2023-01-04 01:11:04','2023-01-04 01:11:04'),(1136,1,'vi','core/media/media','actions','Hành ??ng','2023-01-04 01:11:04','2023-01-04 01:11:04'),(1137,1,'vi','core/media/media','nothing_is_selected','Không c? t?p tin nào ???c ch?n','2023-01-04 01:11:04','2023-01-04 01:11:04'),(1138,1,'vi','core/media/media','insert','Chèn','2023-01-04 01:11:04','2023-01-04 01:11:04'),(1139,1,'vi','core/media/media','folder_name','Tên th? m?c','2023-01-04 01:11:04','2023-01-04 01:11:04'),(1140,1,'vi','core/media/media','create','T?o','2023-01-04 01:11:04','2023-01-04 01:11:04'),(1141,1,'vi','core/media/media','rename','??i tên','2023-01-04 01:11:04','2023-01-04 01:11:04'),(1142,1,'vi','core/media/media','close','??ng','2023-01-04 01:11:04','2023-01-04 01:11:04'),(1143,1,'vi','core/media/media','save_changes','L?u thay ??i','2023-01-04 01:11:04','2023-01-04 01:11:04'),(1144,1,'vi','core/media/media','move_to_trash','??a vào thùng r?c','2023-01-04 01:11:04','2023-01-04 01:11:04'),(1145,1,'vi','core/media/media','confirm_trash','B?n c? ch?c ch?n mu?n b? nh?ng t?p tin này vào thùng r?c?','2023-01-04 01:11:04','2023-01-04 01:11:04'),(1146,1,'vi','core/media/media','confirm','X?c nh?n','2023-01-04 01:11:04','2023-01-04 01:11:04'),(1147,1,'vi','core/media/media','confirm_delete','X?a t?p tin','2023-01-04 01:11:04','2023-01-04 01:11:04'),(1148,1,'vi','core/media/media','confirm_delete_description','Hành ??ng này không th? khôi ph?c. B?n c? ch?c ch?n mu?n x?a c?c t?p tin này?','2023-01-04 01:11:04','2023-01-04 01:11:04'),(1149,1,'vi','core/media/media','empty_trash_title','D?n s?ch thùng r?c','2023-01-04 01:11:04','2023-01-04 01:11:04'),(1150,1,'vi','core/media/media','empty_trash_description','Hành ??ng này không th? khôi ph?c. B?n c? ch?c ch?n mu?n d?n s?ch thùng r?c?','2023-01-04 01:11:04','2023-01-04 01:11:04'),(1151,1,'vi','core/media/media','up_level','Quay l?i m?t c?p','2023-01-04 01:11:04','2023-01-04 01:11:04'),(1152,1,'vi','core/media/media','upload_progress','Ti?n tr?nh t?i lên','2023-01-04 01:11:04','2023-01-04 01:11:04'),(1153,1,'vi','core/media/media','folder_created','T?o th? m?c thành công!','2023-01-04 01:11:04','2023-01-04 01:11:04'),(1154,1,'vi','core/media/media','gallery','Th? vi?n t?p tin','2023-01-04 01:11:04','2023-01-04 01:11:04'),(1155,1,'vi','core/media/media','trash_error','C? l?i khi x?a t?p tin/th? m?c','2023-01-04 01:11:04','2023-01-04 01:11:04'),(1156,1,'vi','core/media/media','trash_success','X?a t?p tin/th? m?c thành công!','2023-01-04 01:11:04','2023-01-04 01:11:04'),(1157,1,'vi','core/media/media','restore_error','C? l?i trong qu? tr?nh khôi ph?c','2023-01-04 01:11:04','2023-01-04 01:11:04'),(1158,1,'vi','core/media/media','restore_success','Khôi ph?c thành công!','2023-01-04 01:11:04','2023-01-04 01:11:04'),(1159,1,'vi','core/media/media','copy_success','Sao chép thành công!','2023-01-04 01:11:04','2023-01-04 01:11:04'),(1160,1,'vi','core/media/media','delete_success','X?a thành công!','2023-01-04 01:11:04','2023-01-04 01:11:04'),(1161,1,'vi','core/media/media','favorite_success','Thêm d?u sao thành công!','2023-01-04 01:11:04','2023-01-04 01:11:04'),(1162,1,'vi','core/media/media','remove_favorite_success','B? d?u sao thành công!','2023-01-04 01:11:04','2023-01-04 01:11:04'),(1163,1,'vi','core/media/media','rename_error','C? l?i trong qu? tr?nh ??i tên','2023-01-04 01:11:04','2023-01-04 01:11:04'),(1164,1,'vi','core/media/media','rename_success','??i tên thành công!','2023-01-04 01:11:04','2023-01-04 01:11:04'),(1165,1,'vi','core/media/media','invalid_action','Hành ??ng không h?p l?!','2023-01-04 01:11:04','2023-01-04 01:11:04'),(1166,1,'vi','core/media/media','file_not_exists','T?p tin không t?n t?i!','2023-01-04 01:11:04','2023-01-04 01:11:04'),(1167,1,'vi','core/media/media','download_file_error','C? l?i trong qu? tr?nh t?i xu?ng t?p tin!','2023-01-04 01:11:04','2023-01-04 01:11:04'),(1168,1,'vi','core/media/media','missing_zip_archive_extension','H?y b?t ZipArchive extension ?? t?i t?p tin!','2023-01-04 01:11:04','2023-01-04 01:11:04'),(1169,1,'vi','core/media/media','can_not_download_file','Không th? t?i t?p tin!','2023-01-04 01:11:04','2023-01-04 01:11:04'),(1170,1,'vi','core/media/media','invalid_request','Yêu c?u không h?p l?!','2023-01-04 01:11:04','2023-01-04 01:11:04'),(1171,1,'vi','core/media/media','add_success','Thêm thành công!','2023-01-04 01:11:04','2023-01-04 01:11:04'),(1172,1,'vi','core/media/media','file_too_big','T?p tin qu? l?n. Gi?i h?n t?i lên là :size bytes','2023-01-04 01:11:04','2023-01-04 01:11:04'),(1173,1,'vi','core/media/media','can_not_detect_file_type','Lo?i t?p tin không h?p l? ho?c không th? x?c ??nh lo?i t?p tin!','2023-01-04 01:11:04','2023-01-04 01:11:04'),(1174,1,'vi','core/media/media','upload_failed','The file is NOT uploaded completely. The server allows max upload file size is :size . Please check your file size OR try to upload again in case of having network errors','2023-01-04 01:11:04','2023-01-04 01:11:04'),(1175,1,'vi','core/media/media','menu_name','Qu?n l? t?p tin','2023-01-04 01:11:04','2023-01-04 01:11:04'),(1176,1,'vi','core/media/media','add','Thêm t?p tin','2023-01-04 01:11:04','2023-01-04 01:11:04'),(1177,1,'vi','core/media/media','javascript.name','Tên','2023-01-04 01:11:04','2023-01-04 01:11:04'),(1178,1,'vi','core/media/media','javascript.url','???ng d?n','2023-01-04 01:11:04','2023-01-04 01:11:04'),(1179,1,'vi','core/media/media','javascript.full_url','???ng d?n tuy?t ??i','2023-01-04 01:11:04','2023-01-04 01:11:04'),(1180,1,'vi','core/media/media','javascript.size','K?ch th??c','2023-01-04 01:11:04','2023-01-04 01:11:04'),(1181,1,'vi','core/media/media','javascript.mime_type','Lo?i','2023-01-04 01:11:04','2023-01-04 01:11:04'),(1182,1,'vi','core/media/media','javascript.created_at','???c t?i lên l?c','2023-01-04 01:11:04','2023-01-04 01:11:04'),(1183,1,'vi','core/media/media','javascript.updated_at','???c ch?nh s?a l?c','2023-01-04 01:11:04','2023-01-04 01:11:04'),(1184,1,'vi','core/media/media','javascript.nothing_selected','B?n ch?a ch?n t?p tin nào','2023-01-04 01:11:04','2023-01-04 01:11:04'),(1185,1,'vi','core/media/media','javascript.visit_link','M? liên k?t','2023-01-04 01:11:04','2023-01-04 01:11:04'),(1186,1,'vi','core/media/media','javascript.no_item.all_media.icon','fas fa-cloud-upload-alt','2023-01-04 01:11:04','2023-01-04 01:11:04'),(1187,1,'vi','core/media/media','javascript.no_item.all_media.title','B?n c? th? kéo th? t?p tin vào ?ây ?? t?i lên','2023-01-04 01:11:04','2023-01-04 01:11:04'),(1188,1,'vi','core/media/media','javascript.no_item.all_media.message','Ho?c c? th? b?m n?t T?i lên ? ph?a trên','2023-01-04 01:11:04','2023-01-04 01:11:04'),(1189,1,'vi','core/media/media','javascript.no_item.trash.icon','fas fa-trash-alt','2023-01-04 01:11:04','2023-01-04 01:11:04'),(1190,1,'vi','core/media/media','javascript.no_item.trash.title','Hi?n t?i không c? t?p tin nào trong thùng r?c','2023-01-04 01:11:04','2023-01-04 01:11:04'),(1191,1,'vi','core/media/media','javascript.no_item.trash.message','X?a t?p tin s? ?em t?p tin l?u vào thùng r?c. X?a t?p tin trong thùng r?c s? x?a v?nh vi?n.','2023-01-04 01:11:04','2023-01-04 01:11:04'),(1192,1,'vi','core/media/media','javascript.no_item.favorites.icon','fas fa-star','2023-01-04 01:11:04','2023-01-04 01:11:04'),(1193,1,'vi','core/media/media','javascript.no_item.favorites.title','B?n ch?a ??t t?p tin nào vào m?c yêu th?ch','2023-01-04 01:11:04','2023-01-04 01:11:04'),(1194,1,'vi','core/media/media','javascript.no_item.favorites.message','Thêm t?p tin vào m?c yêu th?ch ?? t?m ki?m ch?ng d? dàng sau này.','2023-01-04 01:11:04','2023-01-04 01:11:04'),(1195,1,'vi','core/media/media','javascript.no_item.recent.icon','far fa-clock','2023-01-04 01:11:04','2023-01-04 01:11:04'),(1196,1,'vi','core/media/media','javascript.no_item.recent.title','B?n ch?a m? t?p tin nào.','2023-01-04 01:11:04','2023-01-04 01:11:04'),(1197,1,'vi','core/media/media','javascript.no_item.recent.message','M?c này hi?n th? c?c t?p tin b?n ?? xem g?n ?ây.','2023-01-04 01:11:04','2023-01-04 01:11:04'),(1198,1,'vi','core/media/media','javascript.no_item.default.icon','fas fa-sync','2023-01-04 01:11:04','2023-01-04 01:11:04'),(1199,1,'vi','core/media/media','javascript.no_item.default.title','Th? m?c tr?ng','2023-01-04 01:11:04','2023-01-04 01:11:04'),(1200,1,'vi','core/media/media','javascript.no_item.default.message','Th? m?c này ch?a c? t?p tin nào','2023-01-04 01:11:04','2023-01-04 01:11:04'),(1201,1,'vi','core/media/media','javascript.clipboard.success','???ng d?n c?a c?c t?p tin ?? ???c sao chép vào clipboard','2023-01-04 01:11:04','2023-01-04 01:11:04'),(1202,1,'vi','core/media/media','javascript.message.error_header','L?i','2023-01-04 01:11:04','2023-01-04 01:11:04'),(1203,1,'vi','core/media/media','javascript.message.success_header','Thành công','2023-01-04 01:11:04','2023-01-04 01:11:04'),(1204,1,'vi','core/media/media','javascript.download.error','B?n ch?a ch?n t?p tin nào ho?c t?p tin này không cho phép t?i v?','2023-01-04 01:11:04','2023-01-04 01:11:04'),(1205,1,'vi','core/media/media','javascript.actions_list.basic.preview','Xem tr??c','2023-01-04 01:11:04','2023-01-04 01:11:04'),(1206,1,'vi','core/media/media','javascript.actions_list.file.copy_link','Sao chép ???ng d?n','2023-01-04 01:11:04','2023-01-04 01:11:04'),(1207,1,'vi','core/media/media','javascript.actions_list.file.rename','??i tên','2023-01-04 01:11:04','2023-01-04 01:11:04'),(1208,1,'vi','core/media/media','javascript.actions_list.file.make_copy','Nhân b?n','2023-01-04 01:11:04','2023-01-04 01:11:04'),(1209,1,'vi','core/media/media','javascript.actions_list.user.favorite','Yêu th?ch','2023-01-04 01:11:04','2023-01-04 01:11:04'),(1210,1,'vi','core/media/media','javascript.actions_list.user.remove_favorite','X?a kh?i m?c yêu th?ch','2023-01-04 01:11:04','2023-01-04 01:11:04'),(1211,1,'vi','core/media/media','javascript.actions_list.other.download','T?i xu?ng','2023-01-04 01:11:04','2023-01-04 01:11:04'),(1212,1,'vi','core/media/media','javascript.actions_list.other.trash','Chuy?n vào thùng r?c','2023-01-04 01:11:04','2023-01-04 01:11:04'),(1213,1,'vi','core/media/media','javascript.actions_list.other.delete','X?a hoàn toàn','2023-01-04 01:11:04','2023-01-04 01:11:04'),(1214,1,'vi','core/media/media','javascript.actions_list.other.restore','Khôi ph?c','2023-01-04 01:11:04','2023-01-04 01:11:04'),(1215,1,'vi','core/media/media','empty_trash_success','D?n s?ch thùng r?c thành công','2023-01-04 01:11:04','2023-01-04 01:11:04'),(1216,1,'vi','core/media/media','name_invalid','Tên th? m?c ch?a k? t? không h?p l?','2023-01-04 01:11:04','2023-01-04 01:11:04'),(1217,1,'vi','core/media/media','path_invalid','Vui l?ng cung c?p 1 ???ng d?n h?p l?','2023-01-04 01:11:04','2023-01-04 01:11:04'),(1218,1,'vi','core/media/media','url_invalid','Vui l?ng cung c?p 1 ???ng d?n h?p l?','2023-01-04 01:11:04','2023-01-04 01:11:04'),(1219,1,'vi','core/media/media','download_explain','M?i URL trên 1 d?ng','2023-01-04 01:11:04','2023-01-04 01:11:04'),(1220,1,'vi','core/media/media','download_link','T?i xu?ng','2023-01-04 01:11:04','2023-01-04 01:11:04'),(1221,1,'vi','core/media/media','downloading','?ang t?i xu?ng','2023-01-04 01:11:04','2023-01-04 01:11:04'),(1222,1,'en','core/setting/setting','title','Settings','2023-01-04 01:11:04','2023-01-04 01:11:04'),(1223,1,'en','core/setting/setting','email_setting_title','Email settings','2023-01-04 01:11:04','2023-01-04 01:11:04'),(1224,1,'en','core/setting/setting','general.theme','Theme','2023-01-04 01:11:04','2023-01-04 01:11:04'),(1225,1,'en','core/setting/setting','general.description','Setting site information','2023-01-04 01:11:04','2023-01-04 01:11:04'),(1226,1,'en','core/setting/setting','general.title','General','2023-01-04 01:11:04','2023-01-04 01:11:04'),(1227,1,'en','core/setting/setting','general.general_block','General Information','2023-01-04 01:11:04','2023-01-04 01:11:04'),(1228,1,'en','core/setting/setting','general.rich_editor','Rich Editor','2023-01-04 01:11:04','2023-01-04 01:11:04'),(1229,1,'en','core/setting/setting','general.site_title','Site title','2023-01-04 01:11:04','2023-01-04 01:11:04'),(1230,1,'en','core/setting/setting','general.admin_email','Admin Email','2023-01-04 01:11:04','2023-01-04 01:11:04'),(1231,1,'en','core/setting/setting','general.seo_block','SEO Configuration','2023-01-04 01:11:04','2023-01-04 01:11:04'),(1232,1,'en','core/setting/setting','general.seo_title','SEO Title','2023-01-04 01:11:04','2023-01-04 01:11:04'),(1233,1,'en','core/setting/setting','general.seo_description','SEO Description','2023-01-04 01:11:04','2023-01-04 01:11:04'),(1234,1,'en','core/setting/setting','general.webmaster_tools_block','Google Webmaster Tools','2023-01-04 01:11:04','2023-01-04 01:11:04'),(1235,1,'en','core/setting/setting','general.placeholder.site_title','Site Title (maximum 120 characters)','2023-01-04 01:11:04','2023-01-04 01:11:04'),(1236,1,'en','core/setting/setting','general.placeholder.admin_email','Admin Email','2023-01-04 01:11:04','2023-01-04 01:11:04'),(1237,1,'en','core/setting/setting','general.placeholder.seo_title','SEO Title (maximum 120 characters)','2023-01-04 01:11:04','2023-01-04 01:11:04'),(1238,1,'en','core/setting/setting','general.placeholder.seo_description','SEO Description (maximum 120 characters)','2023-01-04 01:11:04','2023-01-04 01:11:04'),(1239,1,'en','core/setting/setting','general.placeholder.google_analytics','Google Analytics','2023-01-04 01:11:04','2023-01-04 01:11:04'),(1240,1,'en','core/setting/setting','general.cache_admin_menu','Cache admin menu?','2023-01-04 01:11:04','2023-01-04 01:11:04'),(1241,1,'en','core/setting/setting','general.enable_send_error_reporting_via_email','Enable to send error reporting via email?','2023-01-04 01:11:04','2023-01-04 01:11:04'),(1242,1,'en','core/setting/setting','general.time_zone','Timezone','2023-01-04 01:11:04','2023-01-04 01:11:04'),(1243,1,'en','core/setting/setting','general.default_admin_theme','Default admin theme','2023-01-04 01:11:04','2023-01-04 01:11:04'),(1244,1,'en','core/setting/setting','general.enable_change_admin_theme','Enable change admin theme?','2023-01-04 01:11:04','2023-01-04 01:11:04'),(1245,1,'en','core/setting/setting','general.enable','Enable','2023-01-04 01:11:04','2023-01-04 01:11:04'),(1246,1,'en','core/setting/setting','general.disable','Disable','2023-01-04 01:11:04','2023-01-04 01:11:04'),(1247,1,'en','core/setting/setting','general.enable_cache','Enable cache?','2023-01-04 01:11:04','2023-01-04 01:11:04'),(1248,1,'en','core/setting/setting','general.cache_time','Cache time (minutes)','2023-01-04 01:11:04','2023-01-04 01:11:04'),(1249,1,'en','core/setting/setting','general.enable_cache_site_map','Enable cache site map?','2023-01-04 01:11:04','2023-01-04 01:11:04'),(1250,1,'en','core/setting/setting','general.cache_time_site_map','Cache Time Site map (minutes)','2023-01-04 01:11:04','2023-01-04 01:11:04'),(1251,1,'en','core/setting/setting','general.admin_logo','Admin logo','2023-01-04 01:11:04','2023-01-04 01:11:04'),(1252,1,'en','core/setting/setting','general.admin_favicon','Admin favicon','2023-01-04 01:11:04','2023-01-04 01:11:04'),(1253,1,'en','core/setting/setting','general.admin_title','Admin title','2023-01-04 01:11:04','2023-01-04 01:11:04'),(1254,1,'en','core/setting/setting','general.admin_title_placeholder','Title show to tab of browser','2023-01-04 01:11:04','2023-01-04 01:11:04'),(1255,1,'en','core/setting/setting','general.cache_block','Cache','2023-01-04 01:11:04','2023-01-04 01:11:04'),(1256,1,'en','core/setting/setting','general.admin_appearance_title','Admin appearance','2023-01-04 01:11:04','2023-01-04 01:11:04'),(1257,1,'en','core/setting/setting','general.admin_appearance_description','Setting admin appearance such as editor, language...','2023-01-04 01:11:04','2023-01-04 01:11:04'),(1258,1,'en','core/setting/setting','general.seo_block_description','Setting site title, site meta description, site keyword for optimize SEO','2023-01-04 01:11:04','2023-01-04 01:11:04'),(1259,1,'en','core/setting/setting','general.webmaster_tools_description','Google Webmaster Tools (GWT) is free software that helps you manage the technical side of your website','2023-01-04 01:11:04','2023-01-04 01:11:04'),(1260,1,'en','core/setting/setting','general.cache_description','Config cache for system for optimize speed','2023-01-04 01:11:04','2023-01-04 01:11:04'),(1261,1,'en','core/setting/setting','general.yes','Yes','2023-01-04 01:11:04','2023-01-04 01:11:04'),(1262,1,'en','core/setting/setting','general.no','No','2023-01-04 01:11:04','2023-01-04 01:11:04'),(1263,1,'en','core/setting/setting','general.show_on_front','Your homepage displays','2023-01-04 01:11:04','2023-01-04 01:11:04'),(1264,1,'en','core/setting/setting','general.select','— Select —','2023-01-04 01:11:04','2023-01-04 01:11:04'),(1265,1,'en','core/setting/setting','general.show_site_name','Show site name after page title, separate with \"-\"?','2023-01-04 01:11:04','2023-01-04 01:11:04'),(1266,1,'en','core/setting/setting','general.locale','Site language','2023-01-04 01:11:04','2023-01-04 01:11:04'),(1267,1,'en','core/setting/setting','general.locale_direction','Front site language direction','2023-01-04 01:11:04','2023-01-04 01:11:04'),(1268,1,'en','core/setting/setting','general.admin_locale_direction','Admin language direction','2023-01-04 01:11:04','2023-01-04 01:11:04'),(1269,1,'en','core/setting/setting','general.admin_login_screen_backgrounds','Login screen backgrounds (~1366x768)','2023-01-04 01:11:04','2023-01-04 01:11:04'),(1270,1,'en','core/setting/setting','general.minutes','minutes','2023-01-04 01:11:04','2023-01-04 01:11:04'),(1271,1,'en','core/setting/setting','email.subject','Subject','2023-01-04 01:11:04','2023-01-04 01:11:04'),(1272,1,'en','core/setting/setting','email.content','Content','2023-01-04 01:11:04','2023-01-04 01:11:04'),(1273,1,'en','core/setting/setting','email.title','Setting for email template','2023-01-04 01:11:04','2023-01-04 01:11:04'),(1274,1,'en','core/setting/setting','email.description','Email template using HTML & system variables.','2023-01-04 01:11:04','2023-01-04 01:11:04'),(1275,1,'en','core/setting/setting','email.reset_to_default','Reset to default','2023-01-04 01:11:04','2023-01-04 01:11:04'),(1276,1,'en','core/setting/setting','email.back','Back to settings','2023-01-04 01:11:04','2023-01-04 01:11:04'),(1277,1,'en','core/setting/setting','email.reset_success','Reset back to default successfully','2023-01-04 01:11:04','2023-01-04 01:11:04'),(1278,1,'en','core/setting/setting','email.confirm_reset','Confirm reset email template?','2023-01-04 01:11:04','2023-01-04 01:11:04'),(1279,1,'en','core/setting/setting','email.confirm_message','Do you really want to reset this email template to default?','2023-01-04 01:11:04','2023-01-04 01:11:04'),(1280,1,'en','core/setting/setting','email.continue','Continue','2023-01-04 01:11:04','2023-01-04 01:11:04'),(1281,1,'en','core/setting/setting','email.sender_name','Sender name','2023-01-04 01:11:04','2023-01-04 01:11:04'),(1282,1,'en','core/setting/setting','email.sender_name_placeholder','Name','2023-01-04 01:11:04','2023-01-04 01:11:04'),(1283,1,'en','core/setting/setting','email.sender_email','Sender email','2023-01-04 01:11:04','2023-01-04 01:11:04'),(1284,1,'en','core/setting/setting','email.mailer','Mailer','2023-01-04 01:11:04','2023-01-04 01:11:04'),(1285,1,'en','core/setting/setting','email.port','Port','2023-01-04 01:11:04','2023-01-04 01:11:04'),(1286,1,'en','core/setting/setting','email.port_placeholder','Ex: 587','2023-01-04 01:11:04','2023-01-04 01:11:04'),(1287,1,'en','core/setting/setting','email.host','Host','2023-01-04 01:11:04','2023-01-04 01:11:04'),(1288,1,'en','core/setting/setting','email.host_placeholder','Ex: smtp.gmail.com','2023-01-04 01:11:04','2023-01-04 01:11:04'),(1289,1,'en','core/setting/setting','email.username','Username','2023-01-04 01:11:04','2023-01-04 01:11:04'),(1290,1,'en','core/setting/setting','email.username_placeholder','Username to login to mail server','2023-01-04 01:11:04','2023-01-04 01:11:04'),(1291,1,'en','core/setting/setting','email.password','Password','2023-01-04 01:11:04','2023-01-04 01:11:04'),(1292,1,'en','core/setting/setting','email.password_placeholder','Password to login to mail server','2023-01-04 01:11:04','2023-01-04 01:11:04'),(1293,1,'en','core/setting/setting','email.encryption','Encryption','2023-01-04 01:11:04','2023-01-04 01:11:04'),(1294,1,'en','core/setting/setting','email.mail_gun_domain','Domain','2023-01-04 01:11:04','2023-01-04 01:11:04'),(1295,1,'en','core/setting/setting','email.mail_gun_domain_placeholder','Domain','2023-01-04 01:11:04','2023-01-04 01:11:04'),(1296,1,'en','core/setting/setting','email.mail_gun_secret','Secret','2023-01-04 01:11:04','2023-01-04 01:11:04'),(1297,1,'en','core/setting/setting','email.mail_gun_secret_placeholder','Secret','2023-01-04 01:11:04','2023-01-04 01:11:04'),(1298,1,'en','core/setting/setting','email.mail_gun_endpoint','Endpoint','2023-01-04 01:11:04','2023-01-04 01:11:04'),(1299,1,'en','core/setting/setting','email.mail_gun_endpoint_placeholder','Endpoint','2023-01-04 01:11:04','2023-01-04 01:11:04'),(1300,1,'en','core/setting/setting','email.log_channel','Log channel','2023-01-04 01:11:04','2023-01-04 01:11:04'),(1301,1,'en','core/setting/setting','email.sendmail_path','Sendmail Path','2023-01-04 01:11:04','2023-01-04 01:11:04'),(1302,1,'en','core/setting/setting','email.encryption_placeholder','Encryption: ssl or tls','2023-01-04 01:11:04','2023-01-04 01:11:04'),(1303,1,'en','core/setting/setting','email.ses_key','Key','2023-01-04 01:11:04','2023-01-04 01:11:04'),(1304,1,'en','core/setting/setting','email.ses_key_placeholder','Key','2023-01-04 01:11:04','2023-01-04 01:11:04'),(1305,1,'en','core/setting/setting','email.ses_secret','Secret','2023-01-04 01:11:04','2023-01-04 01:11:04'),(1306,1,'en','core/setting/setting','email.ses_secret_placeholder','Secret','2023-01-04 01:11:04','2023-01-04 01:11:04'),(1307,1,'en','core/setting/setting','email.ses_region','Region','2023-01-04 01:11:04','2023-01-04 01:11:04'),(1308,1,'en','core/setting/setting','email.ses_region_placeholder','Region','2023-01-04 01:11:04','2023-01-04 01:11:04'),(1309,1,'en','core/setting/setting','email.postmark_token','Token','2023-01-04 01:11:04','2023-01-04 01:11:04'),(1310,1,'en','core/setting/setting','email.postmark_token_placeholder','Token','2023-01-04 01:11:04','2023-01-04 01:11:04'),(1311,1,'en','core/setting/setting','email.template_title','Email templates','2023-01-04 01:11:04','2023-01-04 01:11:04'),(1312,1,'en','core/setting/setting','email.template_description','Base templates for all emails','2023-01-04 01:11:04','2023-01-04 01:11:04'),(1313,1,'en','core/setting/setting','email.template_header','Email template header','2023-01-04 01:11:04','2023-01-04 01:11:04'),(1314,1,'en','core/setting/setting','email.template_header_description','Template for header of emails','2023-01-04 01:11:04','2023-01-04 01:11:04'),(1315,1,'en','core/setting/setting','email.template_footer','Email template footer','2023-01-04 01:11:04','2023-01-04 01:11:04'),(1316,1,'en','core/setting/setting','email.template_footer_description','Template for footer of emails','2023-01-04 01:11:04','2023-01-04 01:11:04'),(1317,1,'en','core/setting/setting','email.default','Default','2023-01-04 01:11:04','2023-01-04 01:11:04'),(1318,1,'en','core/setting/setting','email.using_queue_to_send_mail','Using queue job to send emails (Must to setup Queue first https://laravel.com/docs/queues#supervisor-configuration)','2023-01-04 01:11:04','2023-01-04 01:11:04'),(1319,1,'en','core/setting/setting','media.title','Media','2023-01-04 01:11:04','2023-01-04 01:11:04'),(1320,1,'en','core/setting/setting','media.driver','Driver','2023-01-04 01:11:04','2023-01-04 01:11:04'),(1321,1,'en','core/setting/setting','media.description','Settings for media','2023-01-04 01:11:04','2023-01-04 01:11:04'),(1322,1,'en','core/setting/setting','media.aws_access_key_id','AWS Access Key ID','2023-01-04 01:11:04','2023-01-04 01:11:04'),(1323,1,'en','core/setting/setting','media.aws_secret_key','AWS Secret Key','2023-01-04 01:11:04','2023-01-04 01:11:04'),(1324,1,'en','core/setting/setting','media.aws_default_region','AWS Default Region','2023-01-04 01:11:04','2023-01-04 01:11:04'),(1325,1,'en','core/setting/setting','media.aws_bucket','AWS Bucket','2023-01-04 01:11:04','2023-01-04 01:11:04'),(1326,1,'en','core/setting/setting','media.aws_url','AWS URL','2023-01-04 01:11:04','2023-01-04 01:11:04'),(1327,1,'en','core/setting/setting','media.aws_endpoint','AWS Endpoint (Optional)','2023-01-04 01:11:04','2023-01-04 01:11:04'),(1328,1,'en','core/setting/setting','media.do_spaces_access_key_id','DO Spaces Access Key ID','2023-01-04 01:11:04','2023-01-04 01:11:04'),(1329,1,'en','core/setting/setting','media.do_spaces_secret_key','DO Spaces Secret Key','2023-01-04 01:11:04','2023-01-04 01:11:04'),(1330,1,'en','core/setting/setting','media.do_spaces_default_region','DO Spaces Default Region','2023-01-04 01:11:04','2023-01-04 01:11:04'),(1331,1,'en','core/setting/setting','media.do_spaces_bucket','DO Spaces Bucket','2023-01-04 01:11:04','2023-01-04 01:11:04'),(1332,1,'en','core/setting/setting','media.do_spaces_endpoint','DO Spaces Endpoint','2023-01-04 01:11:04','2023-01-04 01:11:04'),(1333,1,'en','core/setting/setting','media.do_spaces_cdn_enabled','Is DO Spaces CDN enabled?','2023-01-04 01:11:05','2023-01-04 01:11:05'),(1334,1,'en','core/setting/setting','media.media_do_spaces_cdn_custom_domain','Do Spaces CDN custom domain','2023-01-04 01:11:05','2023-01-04 01:11:05'),(1335,1,'en','core/setting/setting','media.media_do_spaces_cdn_custom_domain_placeholder','https://your-custom-domain.com','2023-01-04 01:11:05','2023-01-04 01:11:05'),(1336,1,'en','core/setting/setting','media.wasabi_access_key_id','Wasabi Access Key ID','2023-01-04 01:11:05','2023-01-04 01:11:05'),(1337,1,'en','core/setting/setting','media.wasabi_secret_key','Wasabi Secret Key','2023-01-04 01:11:05','2023-01-04 01:11:05'),(1338,1,'en','core/setting/setting','media.wasabi_default_region','Wasabi Default Region','2023-01-04 01:11:05','2023-01-04 01:11:05'),(1339,1,'en','core/setting/setting','media.wasabi_bucket','Wasabi Bucket','2023-01-04 01:11:05','2023-01-04 01:11:05'),(1340,1,'en','core/setting/setting','media.wasabi_root','Wasabi Root','2023-01-04 01:11:05','2023-01-04 01:11:05'),(1341,1,'en','core/setting/setting','media.default_placeholder_image','Default placeholder image','2023-01-04 01:11:05','2023-01-04 01:11:05'),(1342,1,'en','core/setting/setting','media.enable_chunk','Enable chunk size upload?','2023-01-04 01:11:05','2023-01-04 01:11:05'),(1343,1,'en','core/setting/setting','media.chunk_size','Chunk size (Bytes)','2023-01-04 01:11:05','2023-01-04 01:11:05'),(1344,1,'en','core/setting/setting','media.chunk_size_placeholder','Default: 1048576 ~ 1MB','2023-01-04 01:11:05','2023-01-04 01:11:05'),(1345,1,'en','core/setting/setting','media.max_file_size','Chunk max file size (MB)','2023-01-04 01:11:05','2023-01-04 01:11:05'),(1346,1,'en','core/setting/setting','media.max_file_size_placeholder','Default: 1048576 ~ 1GB','2023-01-04 01:11:05','2023-01-04 01:11:05'),(1347,1,'en','core/setting/setting','media.enable_watermark','Enable watermark?','2023-01-04 01:11:05','2023-01-04 01:11:05'),(1348,1,'en','core/setting/setting','media.watermark_source','Watermark image','2023-01-04 01:11:05','2023-01-04 01:11:05'),(1349,1,'en','core/setting/setting','media.watermark_size','Size of watermark (%)','2023-01-04 01:11:05','2023-01-04 01:11:05'),(1350,1,'en','core/setting/setting','media.watermark_size_placeholder','Default: 10 (%)','2023-01-04 01:11:05','2023-01-04 01:11:05'),(1351,1,'en','core/setting/setting','media.watermark_opacity','Watermark Opacity (%)','2023-01-04 01:11:05','2023-01-04 01:11:05'),(1352,1,'en','core/setting/setting','media.watermark_opacity_placeholder','Default: 70 (%)','2023-01-04 01:11:05','2023-01-04 01:11:05'),(1353,1,'en','core/setting/setting','media.watermark_position','Watermark position','2023-01-04 01:11:05','2023-01-04 01:11:05'),(1354,1,'en','core/setting/setting','media.watermark_position_x','Watermark position X','2023-01-04 01:11:05','2023-01-04 01:11:05'),(1355,1,'en','core/setting/setting','media.watermark_position_y','Watermark position Y','2023-01-04 01:11:05','2023-01-04 01:11:05'),(1356,1,'en','core/setting/setting','media.watermark_position_top_left','Top left','2023-01-04 01:11:05','2023-01-04 01:11:05'),(1357,1,'en','core/setting/setting','media.watermark_position_top_right','Top right','2023-01-04 01:11:05','2023-01-04 01:11:05'),(1358,1,'en','core/setting/setting','media.watermark_position_bottom_left','Bottom left','2023-01-04 01:11:05','2023-01-04 01:11:05'),(1359,1,'en','core/setting/setting','media.watermark_position_bottom_right','Bottom right','2023-01-04 01:11:05','2023-01-04 01:11:05'),(1360,1,'en','core/setting/setting','media.watermark_position_center','Center','2023-01-04 01:11:05','2023-01-04 01:11:05'),(1361,1,'en','core/setting/setting','media.turn_off_automatic_url_translation_into_latin','Turn off automatic URL translation into Latin?','2023-01-04 01:11:05','2023-01-04 01:11:05'),(1362,1,'en','core/setting/setting','media.bunnycdn_hostname','Hostname','2023-01-04 01:11:05','2023-01-04 01:11:05'),(1363,1,'en','core/setting/setting','media.bunnycdn_zone','Zone Name (The name of your storage zone)','2023-01-04 01:11:05','2023-01-04 01:11:05'),(1364,1,'en','core/setting/setting','media.bunnycdn_key','FTP & API Access Password (The storage zone API Access Password)','2023-01-04 01:11:05','2023-01-04 01:11:05'),(1365,1,'en','core/setting/setting','media.bunnycdn_region','Region (The storage zone region)','2023-01-04 01:11:05','2023-01-04 01:11:05'),(1366,1,'en','core/setting/setting','media.optional','Optional','2023-01-04 01:11:05','2023-01-04 01:11:05'),(1367,1,'en','core/setting/setting','media.sizes','Media thumbnails sizes','2023-01-04 01:11:05','2023-01-04 01:11:05'),(1368,1,'en','core/setting/setting','media.media_sizes_helper','Set width or height to 0 if you just want to crop by width or height. Need to click on \"Generate thumbnails\" to apply changes.','2023-01-04 01:11:05','2023-01-04 01:11:05'),(1369,1,'en','core/setting/setting','media.width','Width','2023-01-04 01:11:05','2023-01-04 01:11:05'),(1370,1,'en','core/setting/setting','media.height','Height','2023-01-04 01:11:05','2023-01-04 01:11:05'),(1371,1,'en','core/setting/setting','media.default_size_value','Default: :size','2023-01-04 01:11:05','2023-01-04 01:11:05'),(1372,1,'en','core/setting/setting','media.all','All','2023-01-04 01:11:05','2023-01-04 01:11:05'),(1373,1,'en','core/setting/setting','media.media_folders_can_add_watermark','Add watermark for images in folders:','2023-01-04 01:11:05','2023-01-04 01:11:05'),(1374,1,'en','core/setting/setting','media.max_upload_filesize','Max upload filesize (MB)','2023-01-04 01:11:05','2023-01-04 01:11:05'),(1375,1,'en','core/setting/setting','media.max_upload_filesize_placeholder','Default: :size, must less than :size.','2023-01-04 01:11:05','2023-01-04 01:11:05'),(1376,1,'en','core/setting/setting','media.max_upload_filesize_helper','Your server allows to upload files maximum :size, you can change this value to limit upload filesize.','2023-01-04 01:11:05','2023-01-04 01:11:05'),(1377,1,'en','core/setting/setting','license.purchase_code','Purchase code','2023-01-04 01:11:05','2023-01-04 01:11:05'),(1378,1,'en','core/setting/setting','license.buyer','Buyer','2023-01-04 01:11:05','2023-01-04 01:11:05'),(1379,1,'en','core/setting/setting','field_type_not_exists','This field type does not exist','2023-01-04 01:11:05','2023-01-04 01:11:05'),(1380,1,'en','core/setting/setting','save_settings','Save settings','2023-01-04 01:11:05','2023-01-04 01:11:05'),(1381,1,'en','core/setting/setting','template','Template','2023-01-04 01:11:05','2023-01-04 01:11:05'),(1382,1,'en','core/setting/setting','description','Description','2023-01-04 01:11:05','2023-01-04 01:11:05'),(1383,1,'en','core/setting/setting','enable','Enable','2023-01-04 01:11:05','2023-01-04 01:11:05'),(1384,1,'en','core/setting/setting','send','Send','2023-01-04 01:11:05','2023-01-04 01:11:05'),(1385,1,'en','core/setting/setting','test_email_description','To send test email, please make sure you are updated configuration to send mail!','2023-01-04 01:11:05','2023-01-04 01:11:05'),(1386,1,'en','core/setting/setting','test_email_input_placeholder','Enter the email which you want to send test email.','2023-01-04 01:11:05','2023-01-04 01:11:05'),(1387,1,'en','core/setting/setting','test_email_modal_title','Send a test email','2023-01-04 01:11:05','2023-01-04 01:11:05'),(1388,1,'en','core/setting/setting','test_send_mail','Send test mail','2023-01-04 01:11:05','2023-01-04 01:11:05'),(1389,1,'en','core/setting/setting','test_email_send_success','Send email successfully!','2023-01-04 01:11:05','2023-01-04 01:11:05'),(1390,1,'en','core/setting/setting','locale_direction_ltr','Left to Right','2023-01-04 01:11:05','2023-01-04 01:11:05'),(1391,1,'en','core/setting/setting','locale_direction_rtl','Right to Left','2023-01-04 01:11:05','2023-01-04 01:11:05'),(1392,1,'en','core/setting/setting','saving','Saving...','2023-01-04 01:11:05','2023-01-04 01:11:05'),(1393,1,'en','core/setting/setting','emails_warning','You can add up to :count emails','2023-01-04 01:11:05','2023-01-04 01:11:05'),(1394,1,'en','core/setting/setting','email_add_more','Add more','2023-01-04 01:11:05','2023-01-04 01:11:05'),(1395,1,'en','core/setting/setting','generate','Generate','2023-01-04 01:11:05','2023-01-04 01:11:05'),(1396,1,'en','core/setting/setting','generate_thumbnails','Generate thumbnails','2023-01-04 01:11:05','2023-01-04 01:11:05'),(1397,1,'en','core/setting/setting','generate_thumbnails_success','Generate thumbnails successfully. :count files are generated!','2023-01-04 01:11:05','2023-01-04 01:11:05'),(1398,1,'en','core/setting/setting','generate_thumbnails_error','We are unable to regenerate thumbnail for these files :count files!','2023-01-04 01:11:05','2023-01-04 01:11:05'),(1399,1,'en','core/setting/setting','generate_thumbnails_description','Are you sure you want to re-generate thumbnails for all images? It will take time so please DO NOT leave this page, wait until it is finished.','2023-01-04 01:11:05','2023-01-04 01:11:05'),(1400,1,'en','core/setting/setting','enable_chunk_description','Chunk size upload is used to upload large file size.','2023-01-04 01:11:05','2023-01-04 01:11:05'),(1401,1,'en','core/setting/setting','watermark_description','WARNING: Watermark is just added to new uploaded images, it won\'t be added to existing images. Disable watermark won\'t remove watermark from existing images.','2023-01-04 01:11:05','2023-01-04 01:11:05'),(1402,1,'vi','core/setting/setting','title','Ca?i ???t','2023-01-04 01:11:05','2023-01-04 01:11:05'),(1403,1,'vi','core/setting/setting','general.theme','Giao di?n','2023-01-04 01:11:05','2023-01-04 01:11:05'),(1404,1,'vi','core/setting/setting','general.description','Câ?u hi?nh nh??ng thông tin ca?i ???t website.','2023-01-04 01:11:05','2023-01-04 01:11:05'),(1405,1,'vi','core/setting/setting','general.title','Thông tin chung','2023-01-04 01:11:05','2023-01-04 01:11:05'),(1406,1,'vi','core/setting/setting','general.general_block','Thông tin chung','2023-01-04 01:11:05','2023-01-04 01:11:05'),(1407,1,'vi','core/setting/setting','general.site_title','Tên trang','2023-01-04 01:11:05','2023-01-04 01:11:05'),(1408,1,'vi','core/setting/setting','general.admin_email','Email qua?n tri? viên','2023-01-04 01:11:05','2023-01-04 01:11:05'),(1409,1,'vi','core/setting/setting','general.seo_block','C?u hi?nh SEO','2023-01-04 01:11:05','2023-01-04 01:11:05'),(1410,1,'vi','core/setting/setting','general.seo_title','Tiêu ?? SEO','2023-01-04 01:11:05','2023-01-04 01:11:05'),(1411,1,'vi','core/setting/setting','general.seo_description','Mô t? SEO','2023-01-04 01:11:05','2023-01-04 01:11:05'),(1412,1,'vi','core/setting/setting','general.webmaster_tools_block','Google Webmaster Tools','2023-01-04 01:11:05','2023-01-04 01:11:05'),(1413,1,'vi','core/setting/setting','general.placeholder.site_title','Tên trang (tô?i ?a 120 ki? t??)','2023-01-04 01:11:05','2023-01-04 01:11:05'),(1414,1,'vi','core/setting/setting','general.placeholder.admin_email','Admin Email','2023-01-04 01:11:05','2023-01-04 01:11:05'),(1415,1,'vi','core/setting/setting','general.placeholder.google_analytics','V? d?: UA-42767940-2','2023-01-04 01:11:05','2023-01-04 01:11:05'),(1416,1,'vi','core/setting/setting','general.placeholder.seo_title','Tiêu ?? SEO (tô?i ?a 120 ki? t??)','2023-01-04 01:11:05','2023-01-04 01:11:05'),(1417,1,'vi','core/setting/setting','general.placeholder.seo_description','Mô t? SEO (tô?i ?a 120 ki? t??)','2023-01-04 01:11:05','2023-01-04 01:11:05'),(1418,1,'vi','core/setting/setting','general.enable_change_admin_theme','Cho phép thay ??i giao di?n qu?n tr??','2023-01-04 01:11:05','2023-01-04 01:11:05'),(1419,1,'vi','core/setting/setting','general.enable','B?t','2023-01-04 01:11:05','2023-01-04 01:11:05'),(1420,1,'vi','core/setting/setting','general.disable','T?t','2023-01-04 01:11:05','2023-01-04 01:11:05'),(1421,1,'vi','core/setting/setting','general.enable_cache','B?t b? nh? ??m?','2023-01-04 01:11:05','2023-01-04 01:11:05'),(1422,1,'vi','core/setting/setting','general.cache_time','Th?i gian l?u b? nh? ??m (ph?t)','2023-01-04 01:11:05','2023-01-04 01:11:05'),(1423,1,'vi','core/setting/setting','general.cache_time_site_map','Th?i gian l?u s? ?? trang trong b? nh? ??m','2023-01-04 01:11:05','2023-01-04 01:11:05'),(1424,1,'vi','core/setting/setting','general.admin_logo','Logo trang qu?n tr?','2023-01-04 01:11:05','2023-01-04 01:11:05'),(1425,1,'vi','core/setting/setting','general.admin_title','Tiêu ?? trang qu?n tr?','2023-01-04 01:11:05','2023-01-04 01:11:05'),(1426,1,'vi','core/setting/setting','general.admin_title_placeholder','Tiêu ?? hi?n th? trên th? tr?nh duy?t','2023-01-04 01:11:05','2023-01-04 01:11:05'),(1427,1,'vi','core/setting/setting','general.rich_editor','B? so?n th?o v?n b?n','2023-01-04 01:11:05','2023-01-04 01:11:05'),(1428,1,'vi','core/setting/setting','general.cache_block','B? nh? ??m','2023-01-04 01:11:05','2023-01-04 01:11:05'),(1429,1,'vi','core/setting/setting','general.yes','B?t','2023-01-04 01:11:05','2023-01-04 01:11:05'),(1430,1,'vi','core/setting/setting','general.no','T?t','2023-01-04 01:11:05','2023-01-04 01:11:05'),(1431,1,'vi','core/setting/setting','general.locale','Ngôn ng?','2023-01-04 01:11:05','2023-01-04 01:11:05'),(1432,1,'vi','core/setting/setting','general.admin_appearance_description','Setting admin appearance such as editor, language...','2023-01-04 01:11:05','2023-01-04 01:11:05'),(1433,1,'vi','core/setting/setting','general.admin_appearance_title','Admin appearance','2023-01-04 01:11:05','2023-01-04 01:11:05'),(1434,1,'vi','core/setting/setting','general.admin_login_screen_backgrounds','Login screen backgrounds (~1366x768)','2023-01-04 01:11:05','2023-01-04 01:11:05'),(1435,1,'vi','core/setting/setting','general.admin_favicon','Admin favicon','2023-01-04 01:11:05','2023-01-04 01:11:05'),(1436,1,'vi','core/setting/setting','general.cache_admin_menu','Cache admin menu?','2023-01-04 01:11:05','2023-01-04 01:11:05'),(1437,1,'vi','core/setting/setting','general.cache_description','Config cache for system for optimize speed','2023-01-04 01:11:05','2023-01-04 01:11:05'),(1438,1,'vi','core/setting/setting','general.default_admin_theme','Default admin theme','2023-01-04 01:11:05','2023-01-04 01:11:05'),(1439,1,'vi','core/setting/setting','general.enable_send_error_reporting_via_email','Enable to send error reporting via email?','2023-01-04 01:11:05','2023-01-04 01:11:05'),(1440,1,'vi','core/setting/setting','general.locale_direction','H??ng ch? vi?t','2023-01-04 01:11:05','2023-01-04 01:11:05'),(1441,1,'vi','core/setting/setting','general.select','-- L?a ch?n --','2023-01-04 01:11:05','2023-01-04 01:11:05'),(1442,1,'vi','core/setting/setting','general.seo_block_description','Setting site title, site meta description, site keyword for optimize SEO','2023-01-04 01:11:05','2023-01-04 01:11:05'),(1443,1,'vi','core/setting/setting','general.show_on_front','Thi?t l?p trang ch?','2023-01-04 01:11:05','2023-01-04 01:11:05'),(1444,1,'vi','core/setting/setting','general.show_site_name','Hi?n th? tên trang web sau tiêu ?? trang, t?ch bi?t b?ng \"-\"?','2023-01-04 01:11:05','2023-01-04 01:11:05'),(1445,1,'vi','core/setting/setting','general.time_zone','M?i gi?','2023-01-04 01:11:05','2023-01-04 01:11:05'),(1446,1,'vi','core/setting/setting','general.webmaster_tools_description','Công c? qu?n tr? trang web c?a Google (GWT) là ph?n m?m mi?n ph? gi?p b?n qu?n l? kh?a c?nh k? thu?t c?a trang web c?a m?nh','2023-01-04 01:11:05','2023-01-04 01:11:05'),(1447,1,'vi','core/setting/setting','email.subject','Tiêu ??','2023-01-04 01:11:05','2023-01-04 01:11:05'),(1448,1,'vi','core/setting/setting','email.content','N?i dung','2023-01-04 01:11:05','2023-01-04 01:11:05'),(1449,1,'vi','core/setting/setting','email.title','C?u h?nh email template','2023-01-04 01:11:05','2023-01-04 01:11:05'),(1450,1,'vi','core/setting/setting','email.description','C?u tr?c file template s? d?ng HTML và c?c bi?n trong h? th?ng.','2023-01-04 01:11:05','2023-01-04 01:11:05'),(1451,1,'vi','core/setting/setting','email.reset_to_default','Khôi ph?c v? m?c ??nh','2023-01-04 01:11:05','2023-01-04 01:11:05'),(1452,1,'vi','core/setting/setting','email.back','Tr? l?i trang cài ??t','2023-01-04 01:11:05','2023-01-04 01:11:05'),(1453,1,'vi','core/setting/setting','email.reset_success','Khôi ph?c m?c ??nh thành công','2023-01-04 01:11:05','2023-01-04 01:11:05'),(1454,1,'vi','core/setting/setting','email.confirm_reset','X?c nh?n khôi ph?c m?c ??nh?','2023-01-04 01:11:05','2023-01-04 01:11:05'),(1455,1,'vi','core/setting/setting','email.confirm_message','B?n c? ch?c ch?n mu?n khôi ph?c v? b?n m?c ??nh?','2023-01-04 01:11:05','2023-01-04 01:11:05'),(1456,1,'vi','core/setting/setting','email.continue','Ti?p t?c','2023-01-04 01:11:05','2023-01-04 01:11:05'),(1457,1,'vi','core/setting/setting','email.sender_name','Tên ng??i g?i','2023-01-04 01:11:05','2023-01-04 01:11:05'),(1458,1,'vi','core/setting/setting','email.sender_name_placeholder','Tên','2023-01-04 01:11:05','2023-01-04 01:11:05'),(1459,1,'vi','core/setting/setting','email.sender_email','Email c?a ng??i g?i','2023-01-04 01:11:05','2023-01-04 01:11:05'),(1460,1,'vi','core/setting/setting','email.mailer','Lo?i','2023-01-04 01:11:05','2023-01-04 01:11:05'),(1461,1,'vi','core/setting/setting','email.port','C?ng','2023-01-04 01:11:05','2023-01-04 01:11:05'),(1462,1,'vi','core/setting/setting','email.port_placeholder','V? d?: 587','2023-01-04 01:11:05','2023-01-04 01:11:05'),(1463,1,'vi','core/setting/setting','email.host','M?y ch?','2023-01-04 01:11:05','2023-01-04 01:11:05'),(1464,1,'vi','core/setting/setting','email.host_placeholder','V? d?: smtp.gmail.com','2023-01-04 01:11:05','2023-01-04 01:11:05'),(1465,1,'vi','core/setting/setting','email.username','Tên ??ng nh?p','2023-01-04 01:11:05','2023-01-04 01:11:05'),(1466,1,'vi','core/setting/setting','email.username_placeholder','Tên ??ng nh?p vào m?y ch? mail','2023-01-04 01:11:05','2023-01-04 01:11:05'),(1467,1,'vi','core/setting/setting','email.password','M?t kh?u','2023-01-04 01:11:05','2023-01-04 01:11:05'),(1468,1,'vi','core/setting/setting','email.password_placeholder','M?t kh?u ??ng nh?p vào m?y ch? mail','2023-01-04 01:11:05','2023-01-04 01:11:05'),(1469,1,'vi','core/setting/setting','email.encryption','M? ho?','2023-01-04 01:11:05','2023-01-04 01:11:05'),(1470,1,'vi','core/setting/setting','email.mail_gun_domain','Tên mi?n','2023-01-04 01:11:05','2023-01-04 01:11:05'),(1471,1,'vi','core/setting/setting','email.mail_gun_domain_placeholder','Tên mi?n','2023-01-04 01:11:05','2023-01-04 01:11:05'),(1472,1,'vi','core/setting/setting','email.mail_gun_secret','Chu?i b? m?t','2023-01-04 01:11:05','2023-01-04 01:11:05'),(1473,1,'vi','core/setting/setting','email.mail_gun_secret_placeholder','Chu?i b? m?t','2023-01-04 01:11:05','2023-01-04 01:11:05'),(1474,1,'vi','core/setting/setting','email.template_title','M?u giao di?n email','2023-01-04 01:11:05','2023-01-04 01:11:05'),(1475,1,'vi','core/setting/setting','email.template_description','Giao di?n m?c ??nh cho t?t c? email','2023-01-04 01:11:05','2023-01-04 01:11:05'),(1476,1,'vi','core/setting/setting','email.template_header','M?u cho ph?n trên c?a email','2023-01-04 01:11:05','2023-01-04 01:11:05'),(1477,1,'vi','core/setting/setting','email.template_header_description','Ph?n trên c?a t?t c? email','2023-01-04 01:11:05','2023-01-04 01:11:05'),(1478,1,'vi','core/setting/setting','email.template_footer','M?u cho ph?n d??i c?a email','2023-01-04 01:11:05','2023-01-04 01:11:05'),(1479,1,'vi','core/setting/setting','email.template_footer_description','Ph?n d??i c?a t?t c? email','2023-01-04 01:11:05','2023-01-04 01:11:05'),(1480,1,'vi','core/setting/setting','email.default','M?c ??nh','2023-01-04 01:11:05','2023-01-04 01:11:05'),(1481,1,'vi','core/setting/setting','email.mail_gun_endpoint','Endpoint','2023-01-04 01:11:05','2023-01-04 01:11:05'),(1482,1,'vi','core/setting/setting','email.mail_gun_endpoint_placeholder','Endpoint','2023-01-04 01:11:05','2023-01-04 01:11:05'),(1483,1,'vi','core/setting/setting','email.postmark_token','Token','2023-01-04 01:11:05','2023-01-04 01:11:05'),(1484,1,'vi','core/setting/setting','email.postmark_token_placeholder','Token','2023-01-04 01:11:05','2023-01-04 01:11:05'),(1485,1,'vi','core/setting/setting','email.encryption_placeholder','Ki?u m? h?a: ssl ho?c tls','2023-01-04 01:11:05','2023-01-04 01:11:05'),(1486,1,'vi','core/setting/setting','email.log_channel','Ph??ng th?c log','2023-01-04 01:11:05','2023-01-04 01:11:05'),(1487,1,'vi','core/setting/setting','email.sendmail_path','Sendmail Path','2023-01-04 01:11:05','2023-01-04 01:11:05'),(1488,1,'vi','core/setting/setting','email.ses_key','Key','2023-01-04 01:11:05','2023-01-04 01:11:05'),(1489,1,'vi','core/setting/setting','email.ses_key_placeholder','Key','2023-01-04 01:11:05','2023-01-04 01:11:05'),(1490,1,'vi','core/setting/setting','email.ses_region','Region','2023-01-04 01:11:05','2023-01-04 01:11:05'),(1491,1,'vi','core/setting/setting','email.ses_region_placeholder','Region','2023-01-04 01:11:05','2023-01-04 01:11:05'),(1492,1,'vi','core/setting/setting','email.ses_secret','Secret','2023-01-04 01:11:05','2023-01-04 01:11:05'),(1493,1,'vi','core/setting/setting','email.ses_secret_placeholder','Secret','2023-01-04 01:11:05','2023-01-04 01:11:05'),(1494,1,'vi','core/setting/setting','email.using_queue_to_send_mail','S? d?ng job queue ?? g?i email (Tr??c tiên ph?i thi?t l?p Queue https://laravel.com/docs/queues#supervisor-configuration)','2023-01-04 01:11:05','2023-01-04 01:11:05'),(1495,1,'vi','core/setting/setting','save_settings','L?u cài ??t','2023-01-04 01:11:05','2023-01-04 01:11:05'),(1496,1,'vi','core/setting/setting','template','M?u','2023-01-04 01:11:05','2023-01-04 01:11:05'),(1497,1,'vi','core/setting/setting','description','Mô t?','2023-01-04 01:11:05','2023-01-04 01:11:05'),(1498,1,'vi','core/setting/setting','enable','B?t','2023-01-04 01:11:05','2023-01-04 01:11:05'),(1499,1,'vi','core/setting/setting','test_send_mail','G?i th? nghi?m','2023-01-04 01:11:05','2023-01-04 01:11:05'),(1500,1,'vi','core/setting/setting','email_setting_title','C?u h?nh email','2023-01-04 01:11:05','2023-01-04 01:11:05'),(1501,1,'vi','core/setting/setting','field_type_not_exists','Lo?i field này không ???c h? tr?','2023-01-04 01:11:05','2023-01-04 01:11:05'),(1502,1,'vi','core/setting/setting','test_email_description','?? g?i email th? nghi?m, h?y ??m b?o r?ng b?n ?? c?p nh?t c?u h?nh ?? g?i th?!','2023-01-04 01:11:05','2023-01-04 01:11:05'),(1503,1,'vi','core/setting/setting','test_email_input_placeholder','Nh?p email mà b?n mu?n g?i email th? nghi?m.','2023-01-04 01:11:05','2023-01-04 01:11:05'),(1504,1,'vi','core/setting/setting','test_email_modal_title','G?i m?t email th? nghi?m','2023-01-04 01:11:05','2023-01-04 01:11:05'),(1505,1,'vi','core/setting/setting','test_email_send_success','G?i email thành công!','2023-01-04 01:11:05','2023-01-04 01:11:05'),(1506,1,'vi','core/setting/setting','send','G?i','2023-01-04 01:11:05','2023-01-04 01:11:05'),(1507,1,'vi','core/setting/setting','license.buyer','Tên ??ng nh?p','2023-01-04 01:11:05','2023-01-04 01:11:05'),(1508,1,'vi','core/setting/setting','license.purchase_code','Purchase code','2023-01-04 01:11:05','2023-01-04 01:11:05'),(1509,1,'vi','core/setting/setting','locale_direction_ltr','Tr?i sang ph?i','2023-01-04 01:11:05','2023-01-04 01:11:05'),(1510,1,'vi','core/setting/setting','locale_direction_rtl','Ph?i sang tr?i','2023-01-04 01:11:05','2023-01-04 01:11:05'),(1511,1,'vi','core/setting/setting','media.aws_access_key_id','AWS Access Key ID','2023-01-04 01:11:05','2023-01-04 01:11:05'),(1512,1,'vi','core/setting/setting','media.aws_bucket','AWS Bucket','2023-01-04 01:11:05','2023-01-04 01:11:05'),(1513,1,'vi','core/setting/setting','media.aws_default_region','AWS Default Region','2023-01-04 01:11:05','2023-01-04 01:11:05'),(1514,1,'vi','core/setting/setting','media.aws_url','AWS URL','2023-01-04 01:11:05','2023-01-04 01:11:05'),(1515,1,'vi','core/setting/setting','media.aws_secret_key','AWS Secret Key','2023-01-04 01:11:05','2023-01-04 01:11:05'),(1516,1,'vi','core/setting/setting','media.chunk_size','Chunk size (Bytes)','2023-01-04 01:11:05','2023-01-04 01:11:05'),(1517,1,'vi','core/setting/setting','media.chunk_size_placeholder','M?c ??nh: 1048576 ~ 1MB','2023-01-04 01:11:05','2023-01-04 01:11:05'),(1518,1,'vi','core/setting/setting','media.do_spaces_access_key_id','DO Spaces Access Key ID','2023-01-04 01:11:05','2023-01-04 01:11:05'),(1519,1,'vi','core/setting/setting','media.description','Cài ??t cho media','2023-01-04 01:11:05','2023-01-04 01:11:05'),(1520,1,'vi','core/setting/setting','media.do_spaces_bucket','DO Spaces Bucket','2023-01-04 01:11:05','2023-01-04 01:11:05'),(1521,1,'vi','core/setting/setting','media.do_spaces_cdn_enabled','B?t DO Spaces CDN?','2023-01-04 01:11:05','2023-01-04 01:11:05'),(1522,1,'vi','core/setting/setting','media.do_spaces_default_region','DO Spaces Default Region','2023-01-04 01:11:05','2023-01-04 01:11:05'),(1523,1,'vi','core/setting/setting','media.do_spaces_endpoint','DO Spaces Endpoint','2023-01-04 01:11:05','2023-01-04 01:11:05'),(1524,1,'vi','core/setting/setting','media.do_spaces_secret_key','DO Spaces Secret Key','2023-01-04 01:11:05','2023-01-04 01:11:05'),(1525,1,'vi','core/setting/setting','media.driver','Driver','2023-01-04 01:11:05','2023-01-04 01:11:05'),(1526,1,'vi','core/setting/setting','media.enable_chunk','B?t chunk size upload?','2023-01-04 01:11:05','2023-01-04 01:11:05'),(1527,1,'vi','core/setting/setting','media.enable_watermark','B?t watermark?','2023-01-04 01:11:05','2023-01-04 01:11:05'),(1528,1,'vi','core/setting/setting','media.max_file_size','Chunk max file size (MB)','2023-01-04 01:11:05','2023-01-04 01:11:05'),(1529,1,'vi','core/setting/setting','media.max_file_size_placeholder','M?c ??nh: 1048576 ~ 1GB','2023-01-04 01:11:05','2023-01-04 01:11:05'),(1530,1,'vi','core/setting/setting','media.media_do_spaces_cdn_custom_domain','Do Spaces CDN custom domain','2023-01-04 01:11:05','2023-01-04 01:11:05'),(1531,1,'vi','core/setting/setting','media.media_do_spaces_cdn_custom_domain_placeholder','https://ten-mien-cua-ban.com','2023-01-04 01:11:05','2023-01-04 01:11:05'),(1532,1,'vi','core/setting/setting','media.title','Media','2023-01-04 01:11:05','2023-01-04 01:11:05'),(1533,1,'vi','core/setting/setting','media.watermark_opacity','Watermark Opacity (%)','2023-01-04 01:11:05','2023-01-04 01:11:05'),(1534,1,'vi','core/setting/setting','media.watermark_opacity_placeholder','M?c ??nh: 70 (%)','2023-01-04 01:11:05','2023-01-04 01:11:05'),(1535,1,'vi','core/setting/setting','media.watermark_position','V? tr? watermark','2023-01-04 01:11:05','2023-01-04 01:11:05'),(1536,1,'vi','core/setting/setting','media.watermark_position_bottom_left','Bên tr?i d??i cùng','2023-01-04 01:11:05','2023-01-04 01:11:05'),(1537,1,'vi','core/setting/setting','media.watermark_position_bottom_right','Bên ph?i d??i cùng','2023-01-04 01:11:05','2023-01-04 01:11:05'),(1538,1,'vi','core/setting/setting','media.watermark_position_center','Ch?nh gi?a','2023-01-04 01:11:05','2023-01-04 01:11:05'),(1539,1,'vi','core/setting/setting','media.watermark_position_top_left','Bên tr?i trên cùng','2023-01-04 01:11:05','2023-01-04 01:11:05'),(1540,1,'vi','core/setting/setting','media.watermark_position_top_right','Bên ph?i trên cùng','2023-01-04 01:11:05','2023-01-04 01:11:05'),(1541,1,'vi','core/setting/setting','media.watermark_position_x','Watermark position X','2023-01-04 01:11:05','2023-01-04 01:11:05'),(1542,1,'vi','core/setting/setting','media.watermark_position_y','Watermark position Y','2023-01-04 01:11:05','2023-01-04 01:11:05'),(1543,1,'vi','core/setting/setting','media.watermark_size','K?ch th??c c?a watermark (%)','2023-01-04 01:11:05','2023-01-04 01:11:05'),(1544,1,'vi','core/setting/setting','media.watermark_size_placeholder','M?c ??nh: 10 (%)','2023-01-04 01:11:05','2023-01-04 01:11:05'),(1545,1,'vi','core/setting/setting','media.watermark_source','H?nh ?nh watermark','2023-01-04 01:11:05','2023-01-04 01:11:05'),(1546,1,'en','core/table/general','operations','Operations','2023-01-04 01:11:05','2023-01-04 01:11:05'),(1547,1,'en','core/table/general','loading_data','Loading data from server','2023-01-04 01:11:05','2023-01-04 01:11:05'),(1548,1,'en','core/table/general','display','Display','2023-01-04 01:11:05','2023-01-04 01:11:05'),(1549,1,'en','core/table/general','all','All','2023-01-04 01:11:05','2023-01-04 01:11:05'),(1550,1,'en','core/table/general','edit_entry','Edit','2023-01-04 01:11:05','2023-01-04 01:11:05'),(1551,1,'en','core/table/general','delete_entry','Delete','2023-01-04 01:11:05','2023-01-04 01:11:05'),(1552,1,'en','core/table/general','show_from','Showing from','2023-01-04 01:11:05','2023-01-04 01:11:05'),(1553,1,'en','core/table/general','to','to','2023-01-04 01:11:05','2023-01-04 01:11:05'),(1554,1,'en','core/table/general','in','in','2023-01-04 01:11:05','2023-01-04 01:11:05'),(1555,1,'en','core/table/general','records','records','2023-01-04 01:11:05','2023-01-04 01:11:05'),(1556,1,'en','core/table/general','no_data','No data to display','2023-01-04 01:11:05','2023-01-04 01:11:05'),(1557,1,'en','core/table/general','no_record','No record','2023-01-04 01:11:05','2023-01-04 01:11:05'),(1558,1,'en','core/table/general','loading','Loading data from server','2023-01-04 01:11:05','2023-01-04 01:11:05'),(1559,1,'en','core/table/general','confirm_delete','Confirm delete','2023-01-04 01:11:05','2023-01-04 01:11:05'),(1560,1,'en','core/table/general','confirm_delete_msg','Do you really want to delete this record?','2023-01-04 01:11:05','2023-01-04 01:11:05'),(1561,1,'en','core/table/general','cancel','Cancel','2023-01-04 01:11:05','2023-01-04 01:11:05'),(1562,1,'en','core/table/general','delete','Delete','2023-01-04 01:11:05','2023-01-04 01:11:05'),(1563,1,'en','core/table/general','close','Close','2023-01-04 01:11:05','2023-01-04 01:11:05'),(1564,1,'en','core/table/general','contains','Contains','2023-01-04 01:11:05','2023-01-04 01:11:05'),(1565,1,'en','core/table/general','is_equal_to','Is equal to','2023-01-04 01:11:05','2023-01-04 01:11:05'),(1566,1,'en','core/table/general','greater_than','Greater than','2023-01-04 01:11:05','2023-01-04 01:11:05'),(1567,1,'en','core/table/general','less_than','Less than','2023-01-04 01:11:05','2023-01-04 01:11:05'),(1568,1,'en','core/table/general','value','Value','2023-01-04 01:11:05','2023-01-04 01:11:05'),(1569,1,'en','core/table/general','select_field','Select field','2023-01-04 01:11:05','2023-01-04 01:11:05'),(1570,1,'en','core/table/general','reset','Reset','2023-01-04 01:11:05','2023-01-04 01:11:05'),(1571,1,'en','core/table/general','add_additional_filter','Add additional filter','2023-01-04 01:11:05','2023-01-04 01:11:05'),(1572,1,'en','core/table/general','apply','Apply','2023-01-04 01:11:05','2023-01-04 01:11:05'),(1573,1,'en','core/table/general','filters','Filters','2023-01-04 01:11:05','2023-01-04 01:11:05'),(1574,1,'en','core/table/general','bulk_change','Bulk changes','2023-01-04 01:11:05','2023-01-04 01:11:05'),(1575,1,'en','core/table/general','select_option','Select option','2023-01-04 01:11:05','2023-01-04 01:11:05'),(1576,1,'en','core/table/general','bulk_actions','Bulk Actions','2023-01-04 01:11:05','2023-01-04 01:11:05'),(1577,1,'en','core/table/general','save_bulk_change_success','Update data for selected record(s) successfully!','2023-01-04 01:11:05','2023-01-04 01:11:05'),(1578,1,'en','core/table/general','please_select_record','Please select at least one record to perform this action!','2023-01-04 01:11:05','2023-01-04 01:11:05'),(1579,1,'en','core/table/general','filtered','(filtered from _MAX_ total records)','2023-01-04 01:11:05','2023-01-04 01:11:05'),(1580,1,'en','core/table/general','search','Search...','2023-01-04 01:11:05','2023-01-04 01:11:05'),(1581,1,'en','core/table/table','operations','Operations','2023-01-04 01:11:05','2023-01-04 01:11:05'),(1582,1,'en','core/table/table','loading_data','Loading data from server','2023-01-04 01:11:05','2023-01-04 01:11:05'),(1583,1,'en','core/table/table','display','Display','2023-01-04 01:11:05','2023-01-04 01:11:05'),(1584,1,'en','core/table/table','all','All','2023-01-04 01:11:05','2023-01-04 01:11:05'),(1585,1,'en','core/table/table','edit_entry','Edit','2023-01-04 01:11:05','2023-01-04 01:11:05'),(1586,1,'en','core/table/table','delete_entry','Delete','2023-01-04 01:11:05','2023-01-04 01:11:05'),(1587,1,'en','core/table/table','show_from','Showing from','2023-01-04 01:11:05','2023-01-04 01:11:05'),(1588,1,'en','core/table/table','to','to','2023-01-04 01:11:05','2023-01-04 01:11:05'),(1589,1,'en','core/table/table','in','in','2023-01-04 01:11:05','2023-01-04 01:11:05'),(1590,1,'en','core/table/table','records','records','2023-01-04 01:11:05','2023-01-04 01:11:05'),(1591,1,'en','core/table/table','no_data','No data to display','2023-01-04 01:11:05','2023-01-04 01:11:05'),(1592,1,'en','core/table/table','no_record','No record','2023-01-04 01:11:05','2023-01-04 01:11:05'),(1593,1,'en','core/table/table','loading','Loading data from server','2023-01-04 01:11:05','2023-01-04 01:11:05'),(1594,1,'en','core/table/table','confirm_delete','Confirm delete','2023-01-04 01:11:05','2023-01-04 01:11:05'),(1595,1,'en','core/table/table','confirm_delete_msg','Do you really want to delete this record?','2023-01-04 01:11:05','2023-01-04 01:11:05'),(1596,1,'en','core/table/table','cancel','Cancel','2023-01-04 01:11:05','2023-01-04 01:11:05'),(1597,1,'en','core/table/table','delete','Delete','2023-01-04 01:11:05','2023-01-04 01:11:05'),(1598,1,'en','core/table/table','close','Close','2023-01-04 01:11:05','2023-01-04 01:11:05'),(1599,1,'en','core/table/table','contains','Contains','2023-01-04 01:11:05','2023-01-04 01:11:05'),(1600,1,'en','core/table/table','is_equal_to','Is equal to','2023-01-04 01:11:05','2023-01-04 01:11:05'),(1601,1,'en','core/table/table','greater_than','Greater than','2023-01-04 01:11:05','2023-01-04 01:11:05'),(1602,1,'en','core/table/table','less_than','Less than','2023-01-04 01:11:05','2023-01-04 01:11:05'),(1603,1,'en','core/table/table','value','Value','2023-01-04 01:11:05','2023-01-04 01:11:05'),(1604,1,'en','core/table/table','select_field','Select field','2023-01-04 01:11:05','2023-01-04 01:11:05'),(1605,1,'en','core/table/table','reset','Reset','2023-01-04 01:11:05','2023-01-04 01:11:05'),(1606,1,'en','core/table/table','add_additional_filter','Add additional filter','2023-01-04 01:11:05','2023-01-04 01:11:05'),(1607,1,'en','core/table/table','apply','Apply','2023-01-04 01:11:05','2023-01-04 01:11:05'),(1608,1,'en','core/table/table','filters','Filters','2023-01-04 01:11:05','2023-01-04 01:11:05'),(1609,1,'en','core/table/table','bulk_change','Bulk changes','2023-01-04 01:11:05','2023-01-04 01:11:05'),(1610,1,'en','core/table/table','select_option','Select option','2023-01-04 01:11:05','2023-01-04 01:11:05'),(1611,1,'en','core/table/table','bulk_actions','Bulk Actions','2023-01-04 01:11:05','2023-01-04 01:11:05'),(1612,1,'en','core/table/table','save_bulk_change_success','Update data for selected record(s) successfully!','2023-01-04 01:11:05','2023-01-04 01:11:05'),(1613,1,'en','core/table/table','please_select_record','Please select at least one record to perform this action!','2023-01-04 01:11:05','2023-01-04 01:11:05'),(1614,1,'en','core/table/table','filtered','(filtered from _MAX_ total records)','2023-01-04 01:11:05','2023-01-04 01:11:05'),(1615,1,'en','core/table/table','search','Search...','2023-01-04 01:11:05','2023-01-04 01:11:05'),(1616,1,'vi','core/table/general','operations','Hành ??ng','2023-01-04 01:11:05','2023-01-04 01:11:05'),(1617,1,'vi','core/table/general','loading_data','?ang t?i d? li?u t? h? th?ng','2023-01-04 01:11:05','2023-01-04 01:11:05'),(1618,1,'vi','core/table/general','display','Hi?n th?','2023-01-04 01:11:05','2023-01-04 01:11:05'),(1619,1,'vi','core/table/general','all','T?t c?','2023-01-04 01:11:05','2023-01-04 01:11:05'),(1620,1,'vi','core/table/general','edit_entry','S?a','2023-01-04 01:11:05','2023-01-04 01:11:05'),(1621,1,'vi','core/table/general','delete_entry','Xo?','2023-01-04 01:11:05','2023-01-04 01:11:05'),(1622,1,'vi','core/table/general','show_from','Hi?n th? t?','2023-01-04 01:11:05','2023-01-04 01:11:05'),(1623,1,'vi','core/table/general','to','??n','2023-01-04 01:11:05','2023-01-04 01:11:05'),(1624,1,'vi','core/table/general','in','trong t?ng s?','2023-01-04 01:11:05','2023-01-04 01:11:05'),(1625,1,'vi','core/table/general','records','b?n ghi','2023-01-04 01:11:05','2023-01-04 01:11:05'),(1626,1,'vi','core/table/general','no_data','Không c? d? li?u ?? hi?n th?','2023-01-04 01:11:05','2023-01-04 01:11:05'),(1627,1,'vi','core/table/general','no_record','không c? b?n ghi nào','2023-01-04 01:11:05','2023-01-04 01:11:05'),(1628,1,'vi','core/table/general','loading','?ang t?i d? li?u t? h? th?ng','2023-01-04 01:11:05','2023-01-04 01:11:05'),(1629,1,'vi','core/table/general','confirm_delete','X?c nh?n xo?','2023-01-04 01:11:05','2023-01-04 01:11:05'),(1630,1,'vi','core/table/general','confirm_delete_msg','B?n c? ch?c ch?n mu?n xo? b?n ghi này?','2023-01-04 01:11:05','2023-01-04 01:11:05'),(1631,1,'vi','core/table/general','cancel','Hu? b?','2023-01-04 01:11:05','2023-01-04 01:11:05'),(1632,1,'vi','core/table/general','delete','Xo?','2023-01-04 01:11:05','2023-01-04 01:11:05'),(1633,1,'vi','core/table/general','close','??ng','2023-01-04 01:11:05','2023-01-04 01:11:05'),(1634,1,'vi','core/table/general','is_equal_to','B?ng v?i','2023-01-04 01:11:05','2023-01-04 01:11:05'),(1635,1,'vi','core/table/general','greater_than','L?n h?n','2023-01-04 01:11:05','2023-01-04 01:11:05'),(1636,1,'vi','core/table/general','less_than','Nh? h?n','2023-01-04 01:11:05','2023-01-04 01:11:05'),(1637,1,'vi','core/table/general','value','Gi? tr?','2023-01-04 01:11:05','2023-01-04 01:11:05'),(1638,1,'vi','core/table/general','select_field','Ch?n tr??ng','2023-01-04 01:11:05','2023-01-04 01:11:05'),(1639,1,'vi','core/table/general','reset','Làm m?i','2023-01-04 01:11:05','2023-01-04 01:11:05'),(1640,1,'vi','core/table/general','add_additional_filter','Thêm b? l?c','2023-01-04 01:11:05','2023-01-04 01:11:05'),(1641,1,'vi','core/table/general','apply','?p d?ng','2023-01-04 01:11:05','2023-01-04 01:11:05'),(1642,1,'vi','core/table/general','select_option','L?a ch?n','2023-01-04 01:11:05','2023-01-04 01:11:05'),(1643,1,'vi','core/table/general','filters','L?c d? li?u','2023-01-04 01:11:05','2023-01-04 01:11:05'),(1644,1,'vi','core/table/general','bulk_change','Thay ??i hàng lo?t','2023-01-04 01:11:05','2023-01-04 01:11:05'),(1645,1,'vi','core/table/general','bulk_actions','Hành ??ng','2023-01-04 01:11:05','2023-01-04 01:11:05'),(1646,1,'vi','core/table/general','contains','Bao g?m','2023-01-04 01:11:05','2023-01-04 01:11:05'),(1647,1,'vi','core/table/general','filtered','(?? ???c l?c t? _MAX_ b?n ghi)','2023-01-04 01:11:05','2023-01-04 01:11:05'),(1648,1,'vi','core/table/table','operations','Hành ??ng','2023-01-04 01:11:05','2023-01-04 01:11:05'),(1649,1,'vi','core/table/table','loading_data','?ang t?i d? li?u t? h? th?ng','2023-01-04 01:11:05','2023-01-04 01:11:05'),(1650,1,'vi','core/table/table','display','Hi?n th?','2023-01-04 01:11:05','2023-01-04 01:11:05'),(1651,1,'vi','core/table/table','all','T?t c?','2023-01-04 01:11:05','2023-01-04 01:11:05'),(1652,1,'vi','core/table/table','edit_entry','S?a','2023-01-04 01:11:05','2023-01-04 01:11:05'),(1653,1,'vi','core/table/table','delete_entry','Xo?','2023-01-04 01:11:05','2023-01-04 01:11:05'),(1654,1,'vi','core/table/table','show_from','Hi?n th? t?','2023-01-04 01:11:05','2023-01-04 01:11:05'),(1655,1,'vi','core/table/table','to','??n','2023-01-04 01:11:05','2023-01-04 01:11:05'),(1656,1,'vi','core/table/table','in','trong t?ng s?','2023-01-04 01:11:05','2023-01-04 01:11:05'),(1657,1,'vi','core/table/table','records','b?n ghi','2023-01-04 01:11:05','2023-01-04 01:11:05'),(1658,1,'vi','core/table/table','no_data','Không c? d? li?u ?? hi?n th?','2023-01-04 01:11:05','2023-01-04 01:11:05'),(1659,1,'vi','core/table/table','no_record','không c? b?n ghi nào','2023-01-04 01:11:05','2023-01-04 01:11:05'),(1660,1,'vi','core/table/table','loading','?ang t?i d? li?u t? h? th?ng','2023-01-04 01:11:05','2023-01-04 01:11:05'),(1661,1,'vi','core/table/table','confirm_delete','X?c nh?n xo?','2023-01-04 01:11:05','2023-01-04 01:11:05'),(1662,1,'vi','core/table/table','confirm_delete_msg','B?n c? ch?c ch?n mu?n xo? b?n ghi này?','2023-01-04 01:11:05','2023-01-04 01:11:05'),(1663,1,'vi','core/table/table','cancel','Hu? b?','2023-01-04 01:11:05','2023-01-04 01:11:05'),(1664,1,'vi','core/table/table','delete','Xo?','2023-01-04 01:11:05','2023-01-04 01:11:05'),(1665,1,'vi','core/table/table','close','??ng','2023-01-04 01:11:05','2023-01-04 01:11:05'),(1666,1,'vi','core/table/table','is_equal_to','B?ng v?i','2023-01-04 01:11:05','2023-01-04 01:11:05'),(1667,1,'vi','core/table/table','greater_than','L?n h?n','2023-01-04 01:11:05','2023-01-04 01:11:05'),(1668,1,'vi','core/table/table','less_than','Nh? h?n','2023-01-04 01:11:05','2023-01-04 01:11:05'),(1669,1,'vi','core/table/table','value','Gi? tr?','2023-01-04 01:11:05','2023-01-04 01:11:05'),(1670,1,'vi','core/table/table','select_field','Ch?n tr??ng','2023-01-04 01:11:05','2023-01-04 01:11:05'),(1671,1,'vi','core/table/table','reset','Làm m?i','2023-01-04 01:11:05','2023-01-04 01:11:05'),(1672,1,'vi','core/table/table','add_additional_filter','Thêm b? l?c','2023-01-04 01:11:05','2023-01-04 01:11:05'),(1673,1,'vi','core/table/table','apply','?p d?ng','2023-01-04 01:11:05','2023-01-04 01:11:05'),(1674,1,'vi','core/table/table','select_option','L?a ch?n','2023-01-04 01:11:05','2023-01-04 01:11:05'),(1675,1,'vi','core/table/table','filters','L?c d? li?u','2023-01-04 01:11:05','2023-01-04 01:11:05'),(1676,1,'vi','core/table/table','bulk_change','Thay ??i hàng lo?t','2023-01-04 01:11:05','2023-01-04 01:11:05'),(1677,1,'vi','core/table/table','bulk_actions','Hành ??ng','2023-01-04 01:11:05','2023-01-04 01:11:05'),(1678,1,'vi','core/table/table','contains','Bao g?m','2023-01-04 01:11:05','2023-01-04 01:11:05'),(1679,1,'vi','core/table/table','filtered','(?? ???c l?c t? _MAX_ b?n ghi)','2023-01-04 01:11:05','2023-01-04 01:11:05'),(1680,1,'vi','core/table/table','please_select_record','Vui l?ng ch?n ?t nh?t 1 b?n ghi ?? th?c hi?n hành ??ng này!','2023-01-04 01:11:05','2023-01-04 01:11:05'),(1681,1,'vi','core/table/table','save_bulk_change_success','C?p nh?t d? li?u cho c?c b?n ghi thành công!','2023-01-04 01:11:05','2023-01-04 01:11:05'),(1682,1,'vi','core/table/table','search','T?m ki?m...','2023-01-04 01:11:05','2023-01-04 01:11:05'),(1683,1,'en','packages/api/api','settings','API Settings','2023-01-04 01:11:05','2023-01-04 01:11:05'),(1684,1,'en','packages/api/api','save_settings','Save settings','2023-01-04 01:11:05','2023-01-04 01:11:05'),(1685,1,'en','packages/api/api','setting_title','API settings','2023-01-04 01:11:05','2023-01-04 01:11:05'),(1686,1,'en','packages/api/api','setting_description','Settings for API','2023-01-04 01:11:05','2023-01-04 01:11:05'),(1687,1,'en','packages/api/api','api_enabled','API enabled?','2023-01-04 01:11:05','2023-01-04 01:11:05'),(1688,1,'en','packages/get-started/get-started','welcome_title','Welcome to your admin dashboard!','2023-01-04 01:11:05','2023-01-04 01:11:05'),(1689,1,'en','packages/get-started/get-started','welcome_description','In a few short steps, you can have your new dashboard up and running!','2023-01-04 01:11:05','2023-01-04 01:11:05'),(1690,1,'en','packages/get-started/get-started','get_started','Get Started!','2023-01-04 01:11:05','2023-01-04 01:11:05'),(1691,1,'en','packages/get-started/get-started','customize_branding_title','Customize branding','2023-01-04 01:11:05','2023-01-04 01:11:05'),(1692,1,'en','packages/get-started/get-started','customize_branding_description','Customize your site with colors, logo and subdomain to match your business unique branding and identity.','2023-01-04 01:11:05','2023-01-04 01:11:05'),(1693,1,'en','packages/get-started/get-started','colors','Colors','2023-01-04 01:11:05','2023-01-04 01:11:05'),(1694,1,'en','packages/get-started/get-started','fonts','Fonts','2023-01-04 01:11:05','2023-01-04 01:11:05'),(1695,1,'en','packages/get-started/get-started','primary_color','Primary color','2023-01-04 01:11:05','2023-01-04 01:11:05'),(1696,1,'en','packages/get-started/get-started','primary_font','Primary font','2023-01-04 01:11:05','2023-01-04 01:11:05'),(1697,1,'en','packages/get-started/get-started','setup_wizard_button',':link to finish Quick setup Wizard!','2023-01-04 01:11:05','2023-01-04 01:11:05'),(1698,1,'en','packages/get-started/get-started','click_here','Click here','2023-01-04 01:11:05','2023-01-04 01:11:05'),(1699,1,'en','packages/get-started/get-started','site_title','Site title','2023-01-04 01:11:05','2023-01-04 01:11:05'),(1700,1,'en','packages/get-started/get-started','identify','Identify','2023-01-04 01:11:05','2023-01-04 01:11:05'),(1701,1,'en','packages/get-started/get-started','logo','Logo','2023-01-04 01:11:05','2023-01-04 01:11:05'),(1702,1,'en','packages/get-started/get-started','admin_logo','Admin logo','2023-01-04 01:11:05','2023-01-04 01:11:05'),(1703,1,'en','packages/get-started/get-started','favicon','Favicon','2023-01-04 01:11:05','2023-01-04 01:11:05'),(1704,1,'en','packages/get-started/get-started','admin_favicon','Admin favicon','2023-01-04 01:11:05','2023-01-04 01:11:05'),(1705,1,'en','packages/get-started/get-started','next_step','Next step','2023-01-04 01:11:05','2023-01-04 01:11:05'),(1706,1,'en','packages/get-started/get-started','site_ready_title','Your site is ready!','2023-01-04 01:11:05','2023-01-04 01:11:05'),(1707,1,'en','packages/get-started/get-started','site_ready_description','Welcome to your new site! Your website has been created and populated with sample data. You are in the admin area of your site where you can set up everything else needed to complete your site.','2023-01-04 01:11:05','2023-01-04 01:11:05'),(1708,1,'en','packages/get-started/get-started','finish','Finish','2023-01-04 01:11:05','2023-01-04 01:11:05'),(1709,1,'en','packages/get-started/get-started','exit_wizard_title','Are you sure you want to exit the Quick Setup Wizard?','2023-01-04 01:11:05','2023-01-04 01:11:05'),(1710,1,'en','packages/get-started/get-started','exit_wizard_confirm','Yes, I\'ll finish it later','2023-01-04 01:11:05','2023-01-04 01:11:05'),(1711,1,'en','packages/get-started/get-started','exit_wizard_cancel','No, take me back to the wizard','2023-01-04 01:11:05','2023-01-04 01:11:05'),(1712,1,'en','packages/get-started/get-started','change_default_account_info_title','Change default account info','2023-01-04 01:11:05','2023-01-04 01:11:05'),(1713,1,'en','packages/get-started/get-started','change_default_account_info_description','The default account is using a weak password. You need to change it to a complex password for better security.','2023-01-04 01:11:05','2023-01-04 01:11:05'),(1714,1,'en','packages/get-started/get-started','username','Username','2023-01-04 01:11:05','2023-01-04 01:11:05'),(1715,1,'en','packages/get-started/get-started','email','Email','2023-01-04 01:11:05','2023-01-04 01:11:05'),(1716,1,'en','packages/get-started/get-started','password','Password','2023-01-04 01:11:05','2023-01-04 01:11:05'),(1717,1,'en','packages/get-started/get-started','password_confirmation','Password confirmation','2023-01-04 01:11:05','2023-01-04 01:11:05'),(1718,1,'en','packages/installer/installer','title','Installer','2023-01-04 01:11:05','2023-01-04 01:11:05'),(1719,1,'en','packages/installer/installer','next','Next Step','2023-01-04 01:11:05','2023-01-04 01:11:05'),(1720,1,'en','packages/installer/installer','back','Previous','2023-01-04 01:11:05','2023-01-04 01:11:05'),(1721,1,'en','packages/installer/installer','finish','Install','2023-01-04 01:11:05','2023-01-04 01:11:05'),(1722,1,'en','packages/installer/installer','forms.errorTitle','The following errors occurred:','2023-01-04 01:11:05','2023-01-04 01:11:05'),(1723,1,'en','packages/installer/installer','welcome.templateTitle','Welcome','2023-01-04 01:11:05','2023-01-04 01:11:05'),(1724,1,'en','packages/installer/installer','welcome.title','Welcome','2023-01-04 01:11:05','2023-01-04 01:11:05'),(1725,1,'en','packages/installer/installer','welcome.message','Before getting started, we need some information on the database. You will need to know the following items before proceeding.','2023-01-04 01:11:05','2023-01-04 01:11:05'),(1726,1,'en','packages/installer/installer','welcome.next','Let\'s go','2023-01-04 01:11:05','2023-01-04 01:11:05'),(1727,1,'en','packages/installer/installer','requirements.templateTitle','Step 1 | Server Requirements','2023-01-04 01:11:05','2023-01-04 01:11:05'),(1728,1,'en','packages/installer/installer','requirements.title','Server Requirements','2023-01-04 01:11:05','2023-01-04 01:11:05'),(1729,1,'en','packages/installer/installer','requirements.next','Check Permissions','2023-01-04 01:11:05','2023-01-04 01:11:05'),(1730,1,'en','packages/installer/installer','permissions.templateTitle','Step 2 | Permissions','2023-01-04 01:11:05','2023-01-04 01:11:05'),(1731,1,'en','packages/installer/installer','permissions.title','Permissions','2023-01-04 01:11:05','2023-01-04 01:11:05'),(1732,1,'en','packages/installer/installer','permissions.next','Configure Environment','2023-01-04 01:11:05','2023-01-04 01:11:05'),(1733,1,'en','packages/installer/installer','environment.wizard.templateTitle','Environment Settings','2023-01-04 01:11:05','2023-01-04 01:11:05'),(1734,1,'en','packages/installer/installer','environment.wizard.title','Environment Settings','2023-01-04 01:11:05','2023-01-04 01:11:05'),(1735,1,'en','packages/installer/installer','environment.wizard.form.name_required','An environment name is required.','2023-01-04 01:11:05','2023-01-04 01:11:05'),(1736,1,'en','packages/installer/installer','environment.wizard.form.app_name_label','Site title','2023-01-04 01:11:05','2023-01-04 01:11:05'),(1737,1,'en','packages/installer/installer','environment.wizard.form.app_name_placeholder','Site title','2023-01-04 01:11:05','2023-01-04 01:11:05'),(1738,1,'en','packages/installer/installer','environment.wizard.form.app_url_label','URL','2023-01-04 01:11:05','2023-01-04 01:11:05'),(1739,1,'en','packages/installer/installer','environment.wizard.form.app_url_placeholder','URL','2023-01-04 01:11:05','2023-01-04 01:11:05'),(1740,1,'en','packages/installer/installer','environment.wizard.form.db_connection_label','Database Connection','2023-01-04 01:11:05','2023-01-04 01:11:05'),(1741,1,'en','packages/installer/installer','environment.wizard.form.db_connection_label_mysql','MySQL','2023-01-04 01:11:05','2023-01-04 01:11:05'),(1742,1,'en','packages/installer/installer','environment.wizard.form.db_connection_label_sqlite','SQLite','2023-01-04 01:11:05','2023-01-04 01:11:05'),(1743,1,'en','packages/installer/installer','environment.wizard.form.db_connection_label_pgsql','PostgreSQL','2023-01-04 01:11:05','2023-01-04 01:11:05'),(1744,1,'en','packages/installer/installer','environment.wizard.form.db_host_label','Database host','2023-01-04 01:11:05','2023-01-04 01:11:05'),(1745,1,'en','packages/installer/installer','environment.wizard.form.db_host_placeholder','Database host','2023-01-04 01:11:05','2023-01-04 01:11:05'),(1746,1,'en','packages/installer/installer','environment.wizard.form.db_port_label','Database port','2023-01-04 01:11:05','2023-01-04 01:11:05'),(1747,1,'en','packages/installer/installer','environment.wizard.form.db_port_placeholder','Database port','2023-01-04 01:11:05','2023-01-04 01:11:05'),(1748,1,'en','packages/installer/installer','environment.wizard.form.db_name_label','Database name','2023-01-04 01:11:05','2023-01-04 01:11:05'),(1749,1,'en','packages/installer/installer','environment.wizard.form.db_name_placeholder','Database name','2023-01-04 01:11:05','2023-01-04 01:11:05'),(1750,1,'en','packages/installer/installer','environment.wizard.form.db_username_label','Database username','2023-01-04 01:11:05','2023-01-04 01:11:05'),(1751,1,'en','packages/installer/installer','environment.wizard.form.db_username_placeholder','Database username','2023-01-04 01:11:05','2023-01-04 01:11:05'),(1752,1,'en','packages/installer/installer','environment.wizard.form.db_password_label','Database password','2023-01-04 01:11:05','2023-01-04 01:11:05'),(1753,1,'en','packages/installer/installer','environment.wizard.form.db_password_placeholder','Database password','2023-01-04 01:11:05','2023-01-04 01:11:05'),(1754,1,'en','packages/installer/installer','environment.wizard.form.buttons.install','Install','2023-01-04 01:11:05','2023-01-04 01:11:05'),(1755,1,'en','packages/installer/installer','environment.success','Your .env file settings have been saved.','2023-01-04 01:11:05','2023-01-04 01:11:05'),(1756,1,'en','packages/installer/installer','environment.errors','Unable to save the .env file, Please create it manually.','2023-01-04 01:11:05','2023-01-04 01:11:05'),(1757,1,'en','packages/installer/installer','install','Install','2023-01-04 01:11:05','2023-01-04 01:11:05'),(1758,1,'en','packages/installer/installer','final.title','Installation Finished','2023-01-04 01:11:05','2023-01-04 01:11:05'),(1759,1,'en','packages/installer/installer','final.templateTitle','Installation Finished','2023-01-04 01:11:05','2023-01-04 01:11:05'),(1760,1,'en','packages/installer/installer','final.finished','Application has been successfully installed.','2023-01-04 01:11:05','2023-01-04 01:11:05'),(1761,1,'en','packages/installer/installer','final.exit','Click here to exit','2023-01-04 01:11:05','2023-01-04 01:11:05'),(1762,1,'en','packages/installer/installer','create_account','Create account','2023-01-04 01:11:05','2023-01-04 01:11:05'),(1763,1,'en','packages/installer/installer','first_name','First name','2023-01-04 01:11:05','2023-01-04 01:11:05'),(1764,1,'en','packages/installer/installer','last_name','Last name','2023-01-04 01:11:05','2023-01-04 01:11:05'),(1765,1,'en','packages/installer/installer','username','Username','2023-01-04 01:11:05','2023-01-04 01:11:05'),(1766,1,'en','packages/installer/installer','email','Email','2023-01-04 01:11:05','2023-01-04 01:11:05'),(1767,1,'en','packages/installer/installer','password','Password','2023-01-04 01:11:05','2023-01-04 01:11:05'),(1768,1,'en','packages/installer/installer','password_confirmation','Password confirmation','2023-01-04 01:11:05','2023-01-04 01:11:05'),(1769,1,'en','packages/installer/installer','create','Create','2023-01-04 01:11:05','2023-01-04 01:11:05'),(1770,1,'en','packages/installer/installer','install_success','Installed successfully!','2023-01-04 01:11:05','2023-01-04 01:11:05'),(1771,1,'en','packages/menu/menu','name','Menus','2023-01-04 01:11:05','2023-01-04 01:11:05'),(1772,1,'en','packages/menu/menu','key_name','Menu name (key: :key)','2023-01-04 01:11:05','2023-01-04 01:11:05'),(1773,1,'en','packages/menu/menu','basic_info','Basic information','2023-01-04 01:11:05','2023-01-04 01:11:05'),(1774,1,'en','packages/menu/menu','add_to_menu','Add to menu','2023-01-04 01:11:05','2023-01-04 01:11:05'),(1775,1,'en','packages/menu/menu','custom_link','Custom link','2023-01-04 01:11:05','2023-01-04 01:11:05'),(1776,1,'en','packages/menu/menu','add_link','Add link','2023-01-04 01:11:05','2023-01-04 01:11:05'),(1777,1,'en','packages/menu/menu','structure','Menu structure','2023-01-04 01:11:05','2023-01-04 01:11:05'),(1778,1,'en','packages/menu/menu','remove','Remove','2023-01-04 01:11:05','2023-01-04 01:11:05'),(1779,1,'en','packages/menu/menu','cancel','Cancel','2023-01-04 01:11:05','2023-01-04 01:11:05'),(1780,1,'en','packages/menu/menu','title','Title','2023-01-04 01:11:05','2023-01-04 01:11:05'),(1781,1,'en','packages/menu/menu','icon','Icon','2023-01-04 01:11:05','2023-01-04 01:11:05'),(1782,1,'en','packages/menu/menu','url','URL','2023-01-04 01:11:05','2023-01-04 01:11:05'),(1783,1,'en','packages/menu/menu','target','Target','2023-01-04 01:11:05','2023-01-04 01:11:05'),(1784,1,'en','packages/menu/menu','css_class','CSS class','2023-01-04 01:11:05','2023-01-04 01:11:05'),(1785,1,'en','packages/menu/menu','self_open_link','Open link directly','2023-01-04 01:11:05','2023-01-04 01:11:05'),(1786,1,'en','packages/menu/menu','blank_open_link','Open link in new tab','2023-01-04 01:11:05','2023-01-04 01:11:05'),(1787,1,'en','packages/menu/menu','create','Create menu','2023-01-04 01:11:05','2023-01-04 01:11:05'),(1788,1,'en','packages/menu/menu','edit','Edit menu','2023-01-04 01:11:05','2023-01-04 01:11:05'),(1789,1,'en','packages/menu/menu','menu_settings','Menu settings','2023-01-04 01:11:05','2023-01-04 01:11:05'),(1790,1,'en','packages/menu/menu','display_location','Display location','2023-01-04 01:11:05','2023-01-04 01:11:05'),(1791,1,'en','packages/menu/menu','title_placeholder','Title','2023-01-04 01:11:05','2023-01-04 01:11:05'),(1792,1,'en','packages/menu/menu','icon_placeholder','Icon','2023-01-04 01:11:05','2023-01-04 01:11:05'),(1793,1,'en','packages/menu/menu','url_placeholder','URL','2023-01-04 01:11:05','2023-01-04 01:11:05'),(1794,1,'en','packages/menu/menu','css_class_placeholder','CSS class','2023-01-04 01:11:05','2023-01-04 01:11:05'),(1795,1,'en','packages/menu/menu','menu_id','Menu ID','2023-01-04 01:11:05','2023-01-04 01:11:05'),(1796,1,'vi','packages/menu/menu','name','Tr?nh ??n','2023-01-04 01:11:05','2023-01-04 01:11:05'),(1797,1,'vi','packages/menu/menu','cancel','Hu?y bo?','2023-01-04 01:11:05','2023-01-04 01:11:05'),(1798,1,'vi','packages/menu/menu','add_link','Thêm liên k?t','2023-01-04 01:11:05','2023-01-04 01:11:05'),(1799,1,'vi','packages/menu/menu','add_to_menu','Thêm vào tr?nh ??n','2023-01-04 01:11:05','2023-01-04 01:11:05'),(1800,1,'vi','packages/menu/menu','basic_info','Thông tin c? b?n','2023-01-04 01:11:05','2023-01-04 01:11:05'),(1801,1,'vi','packages/menu/menu','blank_open_link','M? liên k?t trong tab m?i','2023-01-04 01:11:05','2023-01-04 01:11:05'),(1802,1,'vi','packages/menu/menu','css_class','CSS class','2023-01-04 01:11:05','2023-01-04 01:11:05'),(1803,1,'vi','packages/menu/menu','custom_link','Liên k?t tùy ch?n','2023-01-04 01:11:05','2023-01-04 01:11:05'),(1804,1,'vi','packages/menu/menu','icon','Bi?u t??ng','2023-01-04 01:11:05','2023-01-04 01:11:05'),(1805,1,'vi','packages/menu/menu','key_name','Tên menu (key::key)','2023-01-04 01:11:05','2023-01-04 01:11:05'),(1806,1,'vi','packages/menu/menu','remove','X?a','2023-01-04 01:11:05','2023-01-04 01:11:05'),(1807,1,'vi','packages/menu/menu','self_open_link','M? liên k?t trong tab hi?n t?i','2023-01-04 01:11:05','2023-01-04 01:11:05'),(1808,1,'vi','packages/menu/menu','structure','C?u tr?c tr?nh ??n','2023-01-04 01:11:05','2023-01-04 01:11:05'),(1809,1,'vi','packages/menu/menu','target','Target','2023-01-04 01:11:05','2023-01-04 01:11:05'),(1810,1,'vi','packages/menu/menu','title','Tiêu ??','2023-01-04 01:11:05','2023-01-04 01:11:05'),(1811,1,'vi','packages/menu/menu','url','URL','2023-01-04 01:11:05','2023-01-04 01:11:05'),(1812,1,'vi','packages/menu/menu','create','T?o tr?nh ??n','2023-01-04 01:11:05','2023-01-04 01:11:05'),(1813,1,'vi','packages/menu/menu','edit','S?a tr?nh ??n','2023-01-04 01:11:05','2023-01-04 01:11:05'),(1814,1,'vi','packages/menu/menu','display_location','V? tr? hi?n th?','2023-01-04 01:11:05','2023-01-04 01:11:05'),(1815,1,'vi','packages/menu/menu','menu_settings','C?u h?nh menu','2023-01-04 01:11:05','2023-01-04 01:11:05'),(1816,1,'en','packages/optimize/optimize','settings.title','Optimize page speed','2023-01-04 01:11:05','2023-01-04 01:11:05'),(1817,1,'en','packages/optimize/optimize','settings.description','Minify HTML output, inline CSS, remove comments...','2023-01-04 01:11:05','2023-01-04 01:11:05'),(1818,1,'en','packages/optimize/optimize','settings.enable','Enable optimize page speed?','2023-01-04 01:11:05','2023-01-04 01:11:05'),(1819,1,'en','packages/optimize/optimize','collapse_white_space','Collapse white space','2023-01-04 01:11:05','2023-01-04 01:11:05'),(1820,1,'en','packages/optimize/optimize','collapse_white_space_description','This filter reduces bytes transmitted in an HTML file by removing unnecessary whitespace.','2023-01-04 01:11:05','2023-01-04 01:11:05'),(1821,1,'en','packages/optimize/optimize','elide_attributes','Elide attributes','2023-01-04 01:11:05','2023-01-04 01:11:05'),(1822,1,'en','packages/optimize/optimize','elide_attributes_description','This filter reduces the transfer size of HTML files by removing attributes from tags when the specified value is equal to the default value for that attribute. This can save a modest number of bytes, and may make the document more compressible by canonicalizing the affected tags.','2023-01-04 01:11:05','2023-01-04 01:11:05'),(1823,1,'en','packages/optimize/optimize','inline_css','Inline CSS','2023-01-04 01:11:05','2023-01-04 01:11:05'),(1824,1,'en','packages/optimize/optimize','inline_css_description','This filter transforms the inline \"style\" attribute of tags into classes by moving the CSS to the header.','2023-01-04 01:11:05','2023-01-04 01:11:05'),(1825,1,'en','packages/optimize/optimize','insert_dns_prefetch','Insert DNS prefetch','2023-01-04 01:11:05','2023-01-04 01:11:05'),(1826,1,'en','packages/optimize/optimize','insert_dns_prefetch_description','This filter injects tags in the HEAD to enable the browser to do DNS prefetching.','2023-01-04 01:11:05','2023-01-04 01:11:05'),(1827,1,'en','packages/optimize/optimize','remove_comments','Remove comments','2023-01-04 01:11:05','2023-01-04 01:11:05'),(1828,1,'en','packages/optimize/optimize','remove_comments_description','This filter eliminates HTML, JS and CSS comments. The filter reduces the transfer size of HTML files by removing the comments. Depending on the HTML file, this filter can significantly reduce the number of bytes transmitted on the network.','2023-01-04 01:11:05','2023-01-04 01:11:05'),(1829,1,'en','packages/optimize/optimize','trim_urls','Trim URLs','2023-01-04 01:11:05','2023-01-04 01:11:05'),(1830,1,'en','packages/optimize/optimize','trim_urls_description','This filter trims URLs by resolving them by making them relative to the base URL for the page.','2023-01-04 01:11:05','2023-01-04 01:11:05'),(1831,1,'en','packages/optimize/optimize','remove_quotes','Remove quotes','2023-01-04 01:11:05','2023-01-04 01:11:05'),(1832,1,'en','packages/optimize/optimize','remove_quotes_description','This filter eliminates unnecessary quotation marks from HTML attributes. While required by the various HTML specifications, browsers permit their omission when the value of an attribute is composed of a certain subset of characters (alphanumerics and some punctuation characters).','2023-01-04 01:11:05','2023-01-04 01:11:05'),(1833,1,'en','packages/optimize/optimize','defer_javascript','Defer javascript','2023-01-04 01:11:05','2023-01-04 01:11:05'),(1834,1,'en','packages/optimize/optimize','defer_javascript_description','Defers the execution of javascript in the HTML. If necessary cancel deferring in some script, use data-pagespeed-no-defer as script attribute to cancel deferring.','2023-01-04 01:11:05','2023-01-04 01:11:05'),(1835,1,'en','packages/page/pages','create','Create new page','2023-01-04 01:11:05','2023-01-04 01:11:05'),(1836,1,'en','packages/page/pages','edit','Edit page','2023-01-04 01:11:05','2023-01-04 01:11:05'),(1837,1,'en','packages/page/pages','form.name','Name','2023-01-04 01:11:05','2023-01-04 01:11:05'),(1838,1,'en','packages/page/pages','form.name_placeholder','Page\'s name (Maximum 120 characters)','2023-01-04 01:11:05','2023-01-04 01:11:05'),(1839,1,'en','packages/page/pages','form.content','Content','2023-01-04 01:11:05','2023-01-04 01:11:05'),(1840,1,'en','packages/page/pages','form.note','Note content','2023-01-04 01:11:05','2023-01-04 01:11:05'),(1841,1,'en','packages/page/pages','notices.no_select','Please select at least one record to take this action!','2023-01-04 01:11:05','2023-01-04 01:11:05'),(1842,1,'en','packages/page/pages','notices.update_success_message','Update successfully','2023-01-04 01:11:05','2023-01-04 01:11:05'),(1843,1,'en','packages/page/pages','cannot_delete','Page could not be deleted','2023-01-04 01:11:05','2023-01-04 01:11:05'),(1844,1,'en','packages/page/pages','deleted','Page deleted','2023-01-04 01:11:05','2023-01-04 01:11:05'),(1845,1,'en','packages/page/pages','pages','Pages','2023-01-04 01:11:05','2023-01-04 01:11:05'),(1846,1,'en','packages/page/pages','menu','Pages','2023-01-04 01:11:05','2023-01-04 01:11:05'),(1847,1,'en','packages/page/pages','menu_name','Pages','2023-01-04 01:11:05','2023-01-04 01:11:05'),(1848,1,'en','packages/page/pages','edit_this_page','Edit this page','2023-01-04 01:11:05','2023-01-04 01:11:05'),(1849,1,'en','packages/page/pages','total_pages','Total pages','2023-01-04 01:11:05','2023-01-04 01:11:05'),(1850,1,'en','packages/page/pages','settings.show_on_front','Your homepage displays','2023-01-04 01:11:05','2023-01-04 01:11:05'),(1851,1,'en','packages/page/pages','settings.select','— Select —','2023-01-04 01:11:05','2023-01-04 01:11:05'),(1852,1,'en','packages/page/pages','front_page','Front Page','2023-01-04 01:11:05','2023-01-04 01:11:05'),(1853,1,'vi','packages/page/pages','create','Thêm trang','2023-01-04 01:11:05','2023-01-04 01:11:05'),(1854,1,'vi','packages/page/pages','edit','S??a trang','2023-01-04 01:11:05','2023-01-04 01:11:05'),(1855,1,'vi','packages/page/pages','form.name','Tiêu ?? trang','2023-01-04 01:11:05','2023-01-04 01:11:05'),(1856,1,'vi','packages/page/pages','form.note','Nô?i dung ghi chu?','2023-01-04 01:11:05','2023-01-04 01:11:05'),(1857,1,'vi','packages/page/pages','form.name_placeholder','Tên trang (t?i ?a 120 k? t?)','2023-01-04 01:11:05','2023-01-04 01:11:05'),(1858,1,'vi','packages/page/pages','form.content','N?i dung','2023-01-04 01:11:05','2023-01-04 01:11:05'),(1859,1,'vi','packages/page/pages','notices.no_select','Cho?n i?t nhâ?t 1 trang ?ê? th??c hiê?n ha?nh ?ô?ng na?y!','2023-01-04 01:11:05','2023-01-04 01:11:05'),(1860,1,'vi','packages/page/pages','notices.update_success_message','Câ?p nhâ?t tha?nh công','2023-01-04 01:11:05','2023-01-04 01:11:05'),(1861,1,'vi','packages/page/pages','deleted','Xo?a trang tha?nh công','2023-01-04 01:11:05','2023-01-04 01:11:05'),(1862,1,'vi','packages/page/pages','cannot_delete','Không thê? xo?a trang','2023-01-04 01:11:05','2023-01-04 01:11:05'),(1863,1,'vi','packages/page/pages','menu','Trang','2023-01-04 01:11:05','2023-01-04 01:11:05'),(1864,1,'vi','packages/page/pages','menu_name','Trang','2023-01-04 01:11:05','2023-01-04 01:11:05'),(1865,1,'vi','packages/page/pages','edit_this_page','S?a trang này','2023-01-04 01:11:05','2023-01-04 01:11:05'),(1866,1,'vi','packages/page/pages','pages','Trang','2023-01-04 01:11:05','2023-01-04 01:11:05'),(1867,1,'vi','packages/page/pages','front_page','Trang ch?','2023-01-04 01:11:05','2023-01-04 01:11:05'),(1868,1,'vi','packages/page/pages','settings.select','-- L?a ch?n --','2023-01-04 01:11:05','2023-01-04 01:11:05'),(1869,1,'vi','packages/page/pages','settings.show_on_front','L?a ch?n trang ch?','2023-01-04 01:11:05','2023-01-04 01:11:05'),(1870,1,'vi','packages/page/pages','total_pages','T?ng s? trang','2023-01-04 01:11:05','2023-01-04 01:11:05'),(1871,1,'en','packages/plugin-management/plugin','enabled','Enabled','2023-01-04 01:11:05','2023-01-04 01:11:05'),(1872,1,'en','packages/plugin-management/plugin','deactivated','Deactivated','2023-01-04 01:11:05','2023-01-04 01:11:05'),(1873,1,'en','packages/plugin-management/plugin','activated','Activated','2023-01-04 01:11:05','2023-01-04 01:11:05'),(1874,1,'en','packages/plugin-management/plugin','activate','Activate','2023-01-04 01:11:05','2023-01-04 01:11:05'),(1875,1,'en','packages/plugin-management/plugin','deactivate','Deactivate','2023-01-04 01:11:05','2023-01-04 01:11:05'),(1876,1,'en','packages/plugin-management/plugin','author','By','2023-01-04 01:11:05','2023-01-04 01:11:05'),(1877,1,'en','packages/plugin-management/plugin','update_plugin_status_success','Update plugin successfully','2023-01-04 01:11:05','2023-01-04 01:11:05'),(1878,1,'en','packages/plugin-management/plugin','plugins','Plugins','2023-01-04 01:11:05','2023-01-04 01:11:05'),(1879,1,'en','packages/plugin-management/plugin','missing_required_plugins','Please activate plugin(s): :plugins before activate this plugin!','2023-01-04 01:11:05','2023-01-04 01:11:05'),(1880,1,'en','packages/plugin-management/plugin','remove','Remove','2023-01-04 01:11:05','2023-01-04 01:11:05'),(1881,1,'en','packages/plugin-management/plugin','remove_plugin_success','Remove plugin successfully!','2023-01-04 01:11:05','2023-01-04 01:11:05'),(1882,1,'en','packages/plugin-management/plugin','remove_plugin','Remove plugin','2023-01-04 01:11:05','2023-01-04 01:11:05'),(1883,1,'en','packages/plugin-management/plugin','remove_plugin_confirm_message','Do you really want to remove this plugin?','2023-01-04 01:11:05','2023-01-04 01:11:05'),(1884,1,'en','packages/plugin-management/plugin','remove_plugin_confirm_yes','Yes, remove it!','2023-01-04 01:11:05','2023-01-04 01:11:05'),(1885,1,'en','packages/plugin-management/plugin','total_plugins','Total plugins','2023-01-04 01:11:05','2023-01-04 01:11:05'),(1886,1,'en','packages/plugin-management/plugin','invalid_plugin','This plugin is not a valid plugin, please check it again!','2023-01-04 01:11:05','2023-01-04 01:11:05'),(1887,1,'en','packages/plugin-management/plugin','version','Version','2023-01-04 01:11:05','2023-01-04 01:11:05'),(1888,1,'en','packages/plugin-management/plugin','invalid_json','Invalid plugin.json!','2023-01-04 01:11:05','2023-01-04 01:11:05'),(1889,1,'en','packages/plugin-management/plugin','activate_success','Activate plugin successfully!','2023-01-04 01:11:05','2023-01-04 01:11:05'),(1890,1,'en','packages/plugin-management/plugin','activated_already','This plugin is activated already!','2023-01-04 01:11:05','2023-01-04 01:11:05'),(1891,1,'en','packages/plugin-management/plugin','plugin_not_exist','This plugin is not exists.','2023-01-04 01:11:05','2023-01-04 01:11:05'),(1892,1,'en','packages/plugin-management/plugin','missing_json_file','Missing file plugin.json!','2023-01-04 01:11:05','2023-01-04 01:11:05'),(1893,1,'en','packages/plugin-management/plugin','plugin_invalid','Plugin is valid!','2023-01-04 01:11:05','2023-01-04 01:11:05'),(1894,1,'en','packages/plugin-management/plugin','published_assets_success','Publish assets for plugin :name successfully!','2023-01-04 01:11:05','2023-01-04 01:11:05'),(1895,1,'en','packages/plugin-management/plugin','plugin_removed','Plugin has been removed!','2023-01-04 01:11:05','2023-01-04 01:11:05'),(1896,1,'en','packages/plugin-management/plugin','deactivated_success','Deactivate plugin successfully!','2023-01-04 01:11:05','2023-01-04 01:11:05'),(1897,1,'en','packages/plugin-management/plugin','deactivated_already','This plugin is deactivated already!','2023-01-04 01:11:05','2023-01-04 01:11:05'),(1898,1,'en','packages/plugin-management/plugin','folder_is_not_writeable','Cannot write files! Folder :name is not writable. Please chmod to make it writable!','2023-01-04 01:11:05','2023-01-04 01:11:05'),(1899,1,'en','packages/plugin-management/plugin','plugin_is_not_ready','Plugin :name is not ready to use','2023-01-04 01:11:05','2023-01-04 01:11:05'),(1900,1,'vi','packages/plugin-management/plugin','activate','K?ch ho?t','2023-01-04 01:11:05','2023-01-04 01:11:05'),(1901,1,'vi','packages/plugin-management/plugin','author','T?c gi?','2023-01-04 01:11:05','2023-01-04 01:11:05'),(1902,1,'vi','packages/plugin-management/plugin','version','Phiên b?n','2023-01-04 01:11:05','2023-01-04 01:11:05'),(1903,1,'vi','packages/plugin-management/plugin','activated','?? k?ch ho?t','2023-01-04 01:11:05','2023-01-04 01:11:05'),(1904,1,'vi','packages/plugin-management/plugin','deactivate','H?y k?ch ho?t','2023-01-04 01:11:05','2023-01-04 01:11:05'),(1905,1,'vi','packages/plugin-management/plugin','deactivated','?? vô hi?u','2023-01-04 01:11:05','2023-01-04 01:11:05'),(1906,1,'vi','packages/plugin-management/plugin','enabled','K?ch ho?t','2023-01-04 01:11:05','2023-01-04 01:11:05'),(1907,1,'vi','packages/plugin-management/plugin','invalid_plugin','G?i m? r?ng không h?p l?','2023-01-04 01:11:05','2023-01-04 01:11:05'),(1908,1,'vi','packages/plugin-management/plugin','update_plugin_status_success','C?p nh?t tr?ng th?i g?i m? r?ng thành công','2023-01-04 01:11:05','2023-01-04 01:11:05'),(1909,1,'vi','packages/plugin-management/plugin','missing_required_plugins','Vui l?ng k?ch ho?t c?c g?i m? r?ng :plugins tr??c khi k?ch ho?t g?i này','2023-01-04 01:11:05','2023-01-04 01:11:05'),(1910,1,'vi','packages/plugin-management/plugin','plugins','G?i m? r?ng','2023-01-04 01:11:05','2023-01-04 01:11:05'),(1911,1,'vi','packages/plugin-management/plugin','remove','Xo?','2023-01-04 01:11:05','2023-01-04 01:11:05'),(1912,1,'vi','packages/plugin-management/plugin','remove_plugin_success','Xo? thành công!','2023-01-04 01:11:05','2023-01-04 01:11:05'),(1913,1,'vi','packages/plugin-management/plugin','remove_plugin','Xo? g?i m? r?ng','2023-01-04 01:11:05','2023-01-04 01:11:05'),(1914,1,'vi','packages/plugin-management/plugin','remove_plugin_confirm_message','B?n c? ch?c ch?n mu?n xo? plugin này?','2023-01-04 01:11:05','2023-01-04 01:11:05'),(1915,1,'vi','packages/plugin-management/plugin','remove_plugin_confirm_yes','C?, xo?!','2023-01-04 01:11:05','2023-01-04 01:11:05'),(1916,1,'vi','packages/plugin-management/plugin','total_plugins','T?t c? plugins','2023-01-04 01:11:05','2023-01-04 01:11:05'),(1917,1,'vi','packages/plugin-management/plugin','activate_success','K?ch ho?t thành công!','2023-01-04 01:11:05','2023-01-04 01:11:05'),(1918,1,'vi','packages/plugin-management/plugin','activated_already','G?i m? r?ng này ?? ???c k?ch ho?t r?i!','2023-01-04 01:11:05','2023-01-04 01:11:05'),(1919,1,'vi','packages/plugin-management/plugin','deactivated_already','G?i m? r?ng này ?? ???c h?y k?ch ho?t r?i!','2023-01-04 01:11:05','2023-01-04 01:11:05'),(1920,1,'vi','packages/plugin-management/plugin','deactivated_success','H?y k?ch ho?t thành công!','2023-01-04 01:11:05','2023-01-04 01:11:05'),(1921,1,'vi','packages/plugin-management/plugin','invalid_json','Sai c?u h?nh plugin.json!','2023-01-04 01:11:05','2023-01-04 01:11:05'),(1922,1,'vi','packages/plugin-management/plugin','missing_json_file','Thi?u t?p tin c?u h?nh plugin.json!','2023-01-04 01:11:05','2023-01-04 01:11:05'),(1923,1,'vi','packages/plugin-management/plugin','plugin_invalid','G?i m? r?ng không h?p l?!','2023-01-04 01:11:05','2023-01-04 01:11:05'),(1924,1,'vi','packages/plugin-management/plugin','plugin_not_exist','G?i m? r?ng không t?n t?i','2023-01-04 01:11:05','2023-01-04 01:11:05'),(1925,1,'vi','packages/plugin-management/plugin','plugin_removed','G?i m? r?ng ?? b? x?a!','2023-01-04 01:11:05','2023-01-04 01:11:05'),(1926,1,'vi','packages/plugin-management/plugin','published_assets_success','Xu?t b?n assets cho g?i m? r?ng thành công!','2023-01-04 01:11:05','2023-01-04 01:11:05'),(1927,1,'en','packages/seo-helper/seo-helper','meta_box_header','Search Engine Optimize','2023-01-04 01:11:05','2023-01-04 01:11:05'),(1928,1,'en','packages/seo-helper/seo-helper','edit_seo_meta','Edit SEO meta','2023-01-04 01:11:05','2023-01-04 01:11:05'),(1929,1,'en','packages/seo-helper/seo-helper','default_description','Setup meta title & description to make your site easy to discovered on search engines such as Google','2023-01-04 01:11:05','2023-01-04 01:11:05'),(1930,1,'en','packages/seo-helper/seo-helper','seo_title','SEO Title','2023-01-04 01:11:05','2023-01-04 01:11:05'),(1931,1,'en','packages/seo-helper/seo-helper','seo_description','SEO description','2023-01-04 01:11:05','2023-01-04 01:11:05'),(1932,1,'vi','packages/seo-helper/seo-helper','meta_box_header','T?i ?u ho? b? m?y t?m ki?m (SEO)','2023-01-04 01:11:05','2023-01-04 01:11:05'),(1933,1,'vi','packages/seo-helper/seo-helper','edit_seo_meta','Ch?nh s?a SEO','2023-01-04 01:11:05','2023-01-04 01:11:05'),(1934,1,'vi','packages/seo-helper/seo-helper','default_description','Thi?t l?p c?c th? mô t? gi?p ng??i dùng d? dàng t?m th?y trên công c? t?m ki?m nh? Google.','2023-01-04 01:11:05','2023-01-04 01:11:05'),(1935,1,'vi','packages/seo-helper/seo-helper','seo_title','Tiêu ?? trang','2023-01-04 01:11:05','2023-01-04 01:11:05'),(1936,1,'vi','packages/seo-helper/seo-helper','seo_description','Mô t? trang','2023-01-04 01:11:05','2023-01-04 01:11:05'),(1937,1,'en','packages/slug/slug','permalink_settings','Permalink','2023-01-04 01:11:05','2023-01-04 01:11:05'),(1938,1,'en','packages/slug/slug','settings.title','Permalink settings','2023-01-04 01:11:05','2023-01-04 01:11:05'),(1939,1,'en','packages/slug/slug','settings.description','Manage permalink for all modules.','2023-01-04 01:11:05','2023-01-04 01:11:05'),(1940,1,'en','packages/slug/slug','settings.preview','Preview','2023-01-04 01:11:05','2023-01-04 01:11:05'),(1941,1,'en','packages/slug/slug','settings.turn_off_automatic_url_translation_into_latin','Turn off automatic URL translation into Latin?','2023-01-04 01:11:05','2023-01-04 01:11:05'),(1942,1,'en','packages/slug/slug','preview','Preview','2023-01-04 01:11:05','2023-01-04 01:11:05'),(1943,1,'en','packages/slug/slug','prefix_for','Prefix for :name','2023-01-04 01:11:05','2023-01-04 01:11:05'),(1944,1,'vi','packages/slug/slug','permalink_settings','Liên k?t c? ??nh','2023-01-04 01:11:05','2023-01-04 01:11:05'),(1945,1,'vi','packages/slug/slug','preview','Xem tr??c','2023-01-04 01:11:05','2023-01-04 01:11:05'),(1946,1,'vi','packages/slug/slug','settings.description','Qu?n l? liên k?t c? ??nh cho c?c module.','2023-01-04 01:11:05','2023-01-04 01:11:05'),(1947,1,'vi','packages/slug/slug','settings.preview','Xem tr??c','2023-01-04 01:11:05','2023-01-04 01:11:05'),(1948,1,'vi','packages/slug/slug','settings.title','Cài ??t liên k?t c? ??nh','2023-01-04 01:11:05','2023-01-04 01:11:05'),(1949,1,'en','packages/theme/theme','name','Themes','2023-01-04 01:11:05','2023-01-04 01:11:05'),(1950,1,'en','packages/theme/theme','theme','Theme','2023-01-04 01:11:05','2023-01-04 01:11:05'),(1951,1,'en','packages/theme/theme','author','Author','2023-01-04 01:11:05','2023-01-04 01:11:05'),(1952,1,'en','packages/theme/theme','version','Version','2023-01-04 01:11:05','2023-01-04 01:11:05'),(1953,1,'en','packages/theme/theme','description','Description','2023-01-04 01:11:05','2023-01-04 01:11:05'),(1954,1,'en','packages/theme/theme','active_success','Activate theme :name successfully!','2023-01-04 01:11:05','2023-01-04 01:11:05'),(1955,1,'en','packages/theme/theme','active','Active','2023-01-04 01:11:05','2023-01-04 01:11:05'),(1956,1,'en','packages/theme/theme','activated','Activated','2023-01-04 01:11:05','2023-01-04 01:11:05'),(1957,1,'en','packages/theme/theme','appearance','Appearance','2023-01-04 01:11:05','2023-01-04 01:11:05'),(1958,1,'en','packages/theme/theme','theme_options','Theme options','2023-01-04 01:11:05','2023-01-04 01:11:05'),(1959,1,'en','packages/theme/theme','save_changes','Save Changes','2023-01-04 01:11:05','2023-01-04 01:11:05'),(1960,1,'en','packages/theme/theme','developer_mode','Developer Mode Enabled','2023-01-04 01:11:05','2023-01-04 01:11:05'),(1961,1,'en','packages/theme/theme','custom_css','Custom CSS','2023-01-04 01:11:05','2023-01-04 01:11:05'),(1962,1,'en','packages/theme/theme','custom_js','Custom JS','2023-01-04 01:11:05','2023-01-04 01:11:05'),(1963,1,'en','packages/theme/theme','custom_header_js','Header JS','2023-01-04 01:11:05','2023-01-04 01:11:05'),(1964,1,'en','packages/theme/theme','custom_header_js_placeholder','JS in header of page, wrap it inside &#x3C;script&#x3E;&#x3C;/script&#x3E;','2023-01-04 01:11:05','2023-01-04 01:11:05'),(1965,1,'en','packages/theme/theme','custom_body_js','Body JS','2023-01-04 01:11:05','2023-01-04 01:11:05'),(1966,1,'en','packages/theme/theme','custom_body_js_placeholder','JS in body of page, wrap it inside &#x3C;script&#x3E;&#x3C;/script&#x3E;','2023-01-04 01:11:05','2023-01-04 01:11:05'),(1967,1,'en','packages/theme/theme','custom_footer_js','Footer JS','2023-01-04 01:11:05','2023-01-04 01:11:05'),(1968,1,'en','packages/theme/theme','custom_footer_js_placeholder','JS in footer of page, wrap it inside &#x3C;script&#x3E;&#x3C;/script&#x3E;','2023-01-04 01:11:05','2023-01-04 01:11:05'),(1969,1,'en','packages/theme/theme','custom_html','Custom HTML','2023-01-04 01:11:05','2023-01-04 01:11:05'),(1970,1,'en','packages/theme/theme','custom_header_html','Header HTML','2023-01-04 01:11:05','2023-01-04 01:11:05'),(1971,1,'en','packages/theme/theme','custom_header_html_placeholder','HTML in header of page, no special tags: script, style, iframe...','2023-01-04 01:11:05','2023-01-04 01:11:05'),(1972,1,'en','packages/theme/theme','custom_body_html','Body HTML','2023-01-04 01:11:05','2023-01-04 01:11:05'),(1973,1,'en','packages/theme/theme','custom_body_html_placeholder','HTML in body of page, no special tags: script, style, iframe...','2023-01-04 01:11:05','2023-01-04 01:11:05'),(1974,1,'en','packages/theme/theme','custom_footer_html','Footer HTML','2023-01-04 01:11:05','2023-01-04 01:11:05'),(1975,1,'en','packages/theme/theme','custom_footer_html_placeholder','HTML in footer of page, no special tags: script, style, iframe...','2023-01-04 01:11:05','2023-01-04 01:11:05'),(1976,1,'en','packages/theme/theme','remove_theme_success','Remove theme successfully!','2023-01-04 01:11:05','2023-01-04 01:11:05'),(1977,1,'en','packages/theme/theme','theme_is_not_existed','This theme is not existed!','2023-01-04 01:11:05','2023-01-04 01:11:05'),(1978,1,'en','packages/theme/theme','remove','Remove','2023-01-04 01:11:05','2023-01-04 01:11:05'),(1979,1,'en','packages/theme/theme','remove_theme','Remove theme','2023-01-04 01:11:05','2023-01-04 01:11:05'),(1980,1,'en','packages/theme/theme','remove_theme_confirm_message','Do you really want to remove this theme?','2023-01-04 01:11:05','2023-01-04 01:11:05'),(1981,1,'en','packages/theme/theme','remove_theme_confirm_yes','Yes, remove it!','2023-01-04 01:11:05','2023-01-04 01:11:05'),(1982,1,'en','packages/theme/theme','total_themes','Total themes','2023-01-04 01:11:05','2023-01-04 01:11:05'),(1983,1,'en','packages/theme/theme','show_admin_bar','Show admin bar (When admin logged in, still show admin bar in website)?','2023-01-04 01:11:05','2023-01-04 01:11:05'),(1984,1,'en','packages/theme/theme','settings.title','Theme','2023-01-04 01:11:05','2023-01-04 01:11:05'),(1985,1,'en','packages/theme/theme','settings.description','Setting for theme','2023-01-04 01:11:05','2023-01-04 01:11:05'),(1986,1,'en','packages/theme/theme','settings.redirect_404_to_homepage','Redirect all not found requests to homepage?','2023-01-04 01:11:05','2023-01-04 01:11:05'),(1987,1,'en','packages/theme/theme','add_new','Add new','2023-01-04 01:11:05','2023-01-04 01:11:05'),(1988,1,'en','packages/theme/theme','theme_activated_already','Theme \":name\" is activated already!','2023-01-04 01:11:05','2023-01-04 01:11:05'),(1989,1,'en','packages/theme/theme','missing_json_file','Missing file theme.json!','2023-01-04 01:11:05','2023-01-04 01:11:05'),(1990,1,'en','packages/theme/theme','theme_invalid','Theme is valid!','2023-01-04 01:11:05','2023-01-04 01:11:05'),(1991,1,'en','packages/theme/theme','published_assets_success','Publish assets for :themes successfully!','2023-01-04 01:11:05','2023-01-04 01:11:05'),(1992,1,'en','packages/theme/theme','cannot_remove_theme','Cannot remove activated theme, please activate another theme before removing \":name\"!','2023-01-04 01:11:05','2023-01-04 01:11:05'),(1993,1,'en','packages/theme/theme','theme_deleted','Theme \":name\" has been destroyed.','2023-01-04 01:11:05','2023-01-04 01:11:05'),(1994,1,'en','packages/theme/theme','removed_assets','Remove assets of a theme :name successfully!','2023-01-04 01:11:05','2023-01-04 01:11:05'),(1995,1,'en','packages/theme/theme','update_custom_css_success','Update custom CSS successfully!','2023-01-04 01:11:05','2023-01-04 01:11:05'),(1996,1,'en','packages/theme/theme','update_custom_js_success','Update custom JS successfully!','2023-01-04 01:11:05','2023-01-04 01:11:05'),(1997,1,'en','packages/theme/theme','update_custom_html_success','Update custom HTML successfully!','2023-01-04 01:11:05','2023-01-04 01:11:05'),(1998,1,'en','packages/theme/theme','go_to_dashboard','Go to dashboard','2023-01-04 01:11:05','2023-01-04 01:11:05'),(1999,1,'en','packages/theme/theme','custom_css_placeholder','Using Ctrl + Space to autocomplete.','2023-01-04 01:11:05','2023-01-04 01:11:05'),(2000,1,'en','packages/theme/theme','theme_option_general','General','2023-01-04 01:11:05','2023-01-04 01:11:05'),(2001,1,'en','packages/theme/theme','theme_option_general_description','General settings','2023-01-04 01:11:05','2023-01-04 01:11:05'),(2002,1,'en','packages/theme/theme','theme_option_seo_open_graph_image','SEO default Open Graph image','2023-01-04 01:11:05','2023-01-04 01:11:05'),(2003,1,'en','packages/theme/theme','theme_option_logo','Logo','2023-01-04 01:11:05','2023-01-04 01:11:05'),(2004,1,'en','packages/theme/theme','theme_option_favicon','Favicon','2023-01-04 01:11:05','2023-01-04 01:11:05'),(2005,1,'en','packages/theme/theme','folder_is_not_writeable','Cannot write files! Folder :name is not writable. Please chmod to make it writable!','2023-01-04 01:11:05','2023-01-04 01:11:05'),(2006,1,'vi','packages/theme/theme','name','Giao di?n','2023-01-04 01:11:05','2023-01-04 01:11:05'),(2007,1,'vi','packages/theme/theme','activated','?? k?ch ho?t','2023-01-04 01:11:05','2023-01-04 01:11:05'),(2008,1,'vi','packages/theme/theme','active','K?ch ho?t','2023-01-04 01:11:05','2023-01-04 01:11:05'),(2009,1,'vi','packages/theme/theme','active_success','K?ch ho?t giao di?n thành công!','2023-01-04 01:11:05','2023-01-04 01:11:05'),(2010,1,'vi','packages/theme/theme','author','T?c gi?','2023-01-04 01:11:05','2023-01-04 01:11:05'),(2011,1,'vi','packages/theme/theme','description','Mô t?','2023-01-04 01:11:05','2023-01-04 01:11:05'),(2012,1,'vi','packages/theme/theme','appearance','Hi?n th?','2023-01-04 01:11:05','2023-01-04 01:11:05'),(2013,1,'vi','packages/theme/theme','theme','Giao di?n','2023-01-04 01:11:05','2023-01-04 01:11:05'),(2014,1,'vi','packages/theme/theme','theme_options','Tu? ch?n giao di?n','2023-01-04 01:11:05','2023-01-04 01:11:05'),(2015,1,'vi','packages/theme/theme','version','Phiên b?n','2023-01-04 01:11:05','2023-01-04 01:11:05'),(2016,1,'vi','packages/theme/theme','save_changes','L?u thay ??i','2023-01-04 01:11:05','2023-01-04 01:11:05'),(2017,1,'vi','packages/theme/theme','developer_mode','?ang k?ch ho?t ch? ?? th? nghi?m','2023-01-04 01:11:05','2023-01-04 01:11:05'),(2018,1,'vi','packages/theme/theme','custom_css','Tu? ch?nh CSS','2023-01-04 01:11:05','2023-01-04 01:11:05'),(2019,1,'vi','packages/theme/theme','remove','X?a','2023-01-04 01:11:05','2023-01-04 01:11:05'),(2020,1,'vi','packages/theme/theme','remove_theme','X?a giao di?n','2023-01-04 01:11:05','2023-01-04 01:11:05'),(2021,1,'vi','packages/theme/theme','remove_theme_confirm_message','B?n c? ch?c ch?n mu?n x?a giao di?n này?','2023-01-04 01:11:05','2023-01-04 01:11:05'),(2022,1,'vi','packages/theme/theme','remove_theme_confirm_yes','Vâng, x?c nh?n x?a!','2023-01-04 01:11:05','2023-01-04 01:11:05'),(2023,1,'vi','packages/theme/theme','remove_theme_success','X?a giao di?n thành công!','2023-01-04 01:11:05','2023-01-04 01:11:05'),(2024,1,'vi','packages/theme/theme','settings.description','Cài ??t giao di?n','2023-01-04 01:11:05','2023-01-04 01:11:05'),(2025,1,'vi','packages/theme/theme','settings.title','Giao di?n','2023-01-04 01:11:05','2023-01-04 01:11:05'),(2026,1,'vi','packages/theme/theme','show_admin_bar','Hi?n th? admin bar (khi admin ?? ??ng nh?p, v?n hi?n th? admin bar trên website)?','2023-01-04 01:11:05','2023-01-04 01:11:05'),(2027,1,'vi','packages/theme/theme','total_themes','T?ng s? giao di?n','2023-01-04 01:11:05','2023-01-04 01:11:05'),(2028,1,'vi','packages/theme/theme','add_new','Thêm m?i','2023-01-04 01:11:05','2023-01-04 01:11:05'),(2029,1,'en','packages/widget/global','name','Widgets','2023-01-04 01:11:05','2023-01-04 01:11:05'),(2030,1,'en','packages/widget/global','create','New widget','2023-01-04 01:11:05','2023-01-04 01:11:05'),(2031,1,'en','packages/widget/global','edit','Edit widget','2023-01-04 01:11:05','2023-01-04 01:11:05'),(2032,1,'en','packages/widget/global','delete','Delete','2023-01-04 01:11:05','2023-01-04 01:11:05'),(2033,1,'en','packages/widget/global','available','Available Widgets','2023-01-04 01:11:05','2023-01-04 01:11:05'),(2034,1,'en','packages/widget/global','instruction','To activate a widget drag it to a sidebar or click on it. To deactivate a widget and delete its settings, drag it back.','2023-01-04 01:11:05','2023-01-04 01:11:05'),(2035,1,'en','packages/widget/global','number_tag_display','Number tags will be display','2023-01-04 01:11:05','2023-01-04 01:11:05'),(2036,1,'en','packages/widget/global','number_post_display','Number posts will be display','2023-01-04 01:11:05','2023-01-04 01:11:05'),(2037,1,'en','packages/widget/global','select_menu','Select Menu','2023-01-04 01:11:05','2023-01-04 01:11:05'),(2038,1,'en','packages/widget/global','widget_text','Text','2023-01-04 01:11:05','2023-01-04 01:11:05'),(2039,1,'en','packages/widget/global','widget_text_description','Arbitrary text or HTML.','2023-01-04 01:11:05','2023-01-04 01:11:05'),(2040,1,'en','packages/widget/global','widget_recent_post','Recent Posts','2023-01-04 01:11:05','2023-01-04 01:11:05'),(2041,1,'en','packages/widget/global','widget_recent_post_description','Recent posts widget.','2023-01-04 01:11:05','2023-01-04 01:11:05'),(2042,1,'en','packages/widget/global','widget_custom_menu','Custom Menu','2023-01-04 01:11:05','2023-01-04 01:11:05'),(2043,1,'en','packages/widget/global','widget_custom_menu_description','Add a custom menu to your widget area.','2023-01-04 01:11:05','2023-01-04 01:11:05'),(2044,1,'en','packages/widget/global','widget_tag','Tags','2023-01-04 01:11:05','2023-01-04 01:11:05'),(2045,1,'en','packages/widget/global','widget_tag_description','Popular tags','2023-01-04 01:11:05','2023-01-04 01:11:05'),(2046,1,'en','packages/widget/global','save_success','Save widget successfully!','2023-01-04 01:11:05','2023-01-04 01:11:05'),(2047,1,'en','packages/widget/global','delete_success','Delete widget successfully!','2023-01-04 01:11:05','2023-01-04 01:11:05'),(2048,1,'en','packages/widget/widget','name','Widgets','2023-01-04 01:11:05','2023-01-04 01:11:05'),(2049,1,'en','packages/widget/widget','create','New widget','2023-01-04 01:11:05','2023-01-04 01:11:05'),(2050,1,'en','packages/widget/widget','edit','Edit widget','2023-01-04 01:11:05','2023-01-04 01:11:05'),(2051,1,'en','packages/widget/widget','delete','Delete','2023-01-04 01:11:05','2023-01-04 01:11:05'),(2052,1,'en','packages/widget/widget','available','Available Widgets','2023-01-04 01:11:05','2023-01-04 01:11:05'),(2053,1,'en','packages/widget/widget','instruction','To activate a widget drag it to a sidebar or click on it. To deactivate a widget and delete its settings, drag it back.','2023-01-04 01:11:05','2023-01-04 01:11:05'),(2054,1,'en','packages/widget/widget','number_tag_display','Number tags will be display','2023-01-04 01:11:05','2023-01-04 01:11:05'),(2055,1,'en','packages/widget/widget','number_post_display','Number posts will be display','2023-01-04 01:11:05','2023-01-04 01:11:05'),(2056,1,'en','packages/widget/widget','select_menu','Select Menu','2023-01-04 01:11:05','2023-01-04 01:11:05'),(2057,1,'en','packages/widget/widget','widget_text','Text','2023-01-04 01:11:05','2023-01-04 01:11:05'),(2058,1,'en','packages/widget/widget','widget_text_description','Arbitrary text or HTML.','2023-01-04 01:11:05','2023-01-04 01:11:05'),(2059,1,'en','packages/widget/widget','widget_recent_post','Recent Posts','2023-01-04 01:11:05','2023-01-04 01:11:05'),(2060,1,'en','packages/widget/widget','widget_recent_post_description','Recent posts widget.','2023-01-04 01:11:05','2023-01-04 01:11:05'),(2061,1,'en','packages/widget/widget','widget_custom_menu','Custom Menu','2023-01-04 01:11:05','2023-01-04 01:11:05'),(2062,1,'en','packages/widget/widget','widget_custom_menu_description','Add a custom menu to your widget area.','2023-01-04 01:11:05','2023-01-04 01:11:05'),(2063,1,'en','packages/widget/widget','widget_tag','Tags','2023-01-04 01:11:05','2023-01-04 01:11:05'),(2064,1,'en','packages/widget/widget','widget_tag_description','Popular tags','2023-01-04 01:11:05','2023-01-04 01:11:05'),(2065,1,'en','packages/widget/widget','save_success','Save widget successfully!','2023-01-04 01:11:05','2023-01-04 01:11:05'),(2066,1,'en','packages/widget/widget','delete_success','Delete widget successfully!','2023-01-04 01:11:05','2023-01-04 01:11:05'),(2067,1,'en','packages/widget/widget','primary_sidebar_name','Primary sidebar','2023-01-04 01:11:05','2023-01-04 01:11:05'),(2068,1,'en','packages/widget/widget','primary_sidebar_description','Primary sidebar section','2023-01-04 01:11:05','2023-01-04 01:11:05'),(2069,1,'vi','packages/widget/global','name','Widgets','2023-01-04 01:11:05','2023-01-04 01:11:05'),(2070,1,'vi','packages/widget/global','create','New widget','2023-01-04 01:11:05','2023-01-04 01:11:05'),(2071,1,'vi','packages/widget/global','edit','Edit widget','2023-01-04 01:11:05','2023-01-04 01:11:05'),(2072,1,'vi','packages/widget/global','available','Ti?n ?ch c? s?n','2023-01-04 01:11:05','2023-01-04 01:11:05'),(2073,1,'vi','packages/widget/global','delete','X?a','2023-01-04 01:11:05','2023-01-04 01:11:05'),(2074,1,'vi','packages/widget/global','instruction','?? k?ch ho?t ti?n ?ch, h?y kéo n? vào sidebar ho?c nh?n vào n?. ?? h?y k?ch ho?t ti?n ?ch và x?a c?c thi?t l?p c?a ti?n ?ch, kéo n? quay tr? l?i.','2023-01-04 01:11:05','2023-01-04 01:11:05'),(2075,1,'vi','packages/widget/global','number_post_display','S? bài vi?t s? hi?n th?','2023-01-04 01:11:05','2023-01-04 01:11:05'),(2076,1,'vi','packages/widget/global','number_tag_display','S? th? s? hi?n th?','2023-01-04 01:11:05','2023-01-04 01:11:05'),(2077,1,'vi','packages/widget/global','select_menu','L?a ch?n tr?nh ??n','2023-01-04 01:11:05','2023-01-04 01:11:05'),(2078,1,'vi','packages/widget/global','widget_custom_menu','Menu tùy ch?nh','2023-01-04 01:11:05','2023-01-04 01:11:05'),(2079,1,'vi','packages/widget/global','widget_custom_menu_description','Thêm menu tùy ch?nh vào khu v?c ti?n ?ch c?a b?n','2023-01-04 01:11:05','2023-01-04 01:11:05'),(2080,1,'vi','packages/widget/global','widget_recent_post','Bài vi?t g?n ?ây','2023-01-04 01:11:05','2023-01-04 01:11:05'),(2081,1,'vi','packages/widget/global','widget_recent_post_description','Ti?n ?ch bài vi?t g?n ?ây','2023-01-04 01:11:05','2023-01-04 01:11:05'),(2082,1,'vi','packages/widget/global','widget_tag','Th?','2023-01-04 01:11:05','2023-01-04 01:11:05'),(2083,1,'vi','packages/widget/global','widget_tag_description','Th? ph? bi?n, s? d?ng nhi?u','2023-01-04 01:11:05','2023-01-04 01:11:05'),(2084,1,'vi','packages/widget/global','widget_text','V?n b?n','2023-01-04 01:11:05','2023-01-04 01:11:05'),(2085,1,'vi','packages/widget/global','widget_text_description','V?n b?n tùy ? ho?c HTML.','2023-01-04 01:11:05','2023-01-04 01:11:05'),(2086,1,'vi','packages/widget/global','delete_success','Xo? ti?n ?ch thành công','2023-01-04 01:11:05','2023-01-04 01:11:05'),(2087,1,'vi','packages/widget/global','save_success','L?u ti?n ?ch thành công!','2023-01-04 01:11:05','2023-01-04 01:11:05'),(2088,1,'vi','packages/widget/widget','name','Widgets','2023-01-04 01:11:05','2023-01-04 01:11:05'),(2089,1,'vi','packages/widget/widget','create','New widget','2023-01-04 01:11:05','2023-01-04 01:11:05'),(2090,1,'vi','packages/widget/widget','edit','Edit widget','2023-01-04 01:11:05','2023-01-04 01:11:05'),(2091,1,'vi','packages/widget/widget','available','Ti?n ?ch c? s?n','2023-01-04 01:11:05','2023-01-04 01:11:05'),(2092,1,'vi','packages/widget/widget','delete','X?a','2023-01-04 01:11:05','2023-01-04 01:11:05'),(2093,1,'vi','packages/widget/widget','instruction','?? k?ch ho?t ti?n ?ch, h?y kéo n? vào sidebar ho?c nh?n vào n?. ?? h?y k?ch ho?t ti?n ?ch và x?a c?c thi?t l?p c?a ti?n ?ch, kéo n? quay tr? l?i.','2023-01-04 01:11:05','2023-01-04 01:11:05'),(2094,1,'vi','packages/widget/widget','number_post_display','S? bài vi?t s? hi?n th?','2023-01-04 01:11:05','2023-01-04 01:11:05'),(2095,1,'vi','packages/widget/widget','number_tag_display','S? th? s? hi?n th?','2023-01-04 01:11:05','2023-01-04 01:11:05'),(2096,1,'vi','packages/widget/widget','select_menu','L?a ch?n tr?nh ??n','2023-01-04 01:11:05','2023-01-04 01:11:05'),(2097,1,'vi','packages/widget/widget','widget_custom_menu','Menu tùy ch?nh','2023-01-04 01:11:05','2023-01-04 01:11:05'),(2098,1,'vi','packages/widget/widget','widget_custom_menu_description','Thêm menu tùy ch?nh vào khu v?c ti?n ?ch c?a b?n','2023-01-04 01:11:05','2023-01-04 01:11:05'),(2099,1,'vi','packages/widget/widget','widget_recent_post','Bài vi?t g?n ?ây','2023-01-04 01:11:05','2023-01-04 01:11:05'),(2100,1,'vi','packages/widget/widget','widget_recent_post_description','Ti?n ?ch bài vi?t g?n ?ây','2023-01-04 01:11:05','2023-01-04 01:11:05'),(2101,1,'vi','packages/widget/widget','widget_tag','Th?','2023-01-04 01:11:05','2023-01-04 01:11:05'),(2102,1,'vi','packages/widget/widget','widget_tag_description','Th? ph? bi?n, s? d?ng nhi?u','2023-01-04 01:11:05','2023-01-04 01:11:05'),(2103,1,'vi','packages/widget/widget','widget_text','V?n b?n','2023-01-04 01:11:05','2023-01-04 01:11:05'),(2104,1,'vi','packages/widget/widget','widget_text_description','V?n b?n tùy ? ho?c HTML.','2023-01-04 01:11:05','2023-01-04 01:11:05'),(2105,1,'vi','packages/widget/widget','delete_success','Xo? ti?n ?ch thành công','2023-01-04 01:11:05','2023-01-04 01:11:05'),(2106,1,'vi','packages/widget/widget','save_success','L?u ti?n ?ch thành công!','2023-01-04 01:11:05','2023-01-04 01:11:05'),(2107,1,'en','plugins/ads/ads','name','Ads','2023-01-04 01:11:05','2023-01-04 01:11:05'),(2108,1,'en','plugins/ads/ads','create','New ads','2023-01-04 01:11:05','2023-01-04 01:11:05'),(2109,1,'en','plugins/ads/ads','edit','Edit ads','2023-01-04 01:11:05','2023-01-04 01:11:05'),(2110,1,'en','plugins/ads/ads','location','Location','2023-01-04 01:11:05','2023-01-04 01:11:05'),(2111,1,'en','plugins/ads/ads','url','URL','2023-01-04 01:11:05','2023-01-04 01:11:05'),(2112,1,'en','plugins/ads/ads','expired_at','Expired at','2023-01-04 01:11:05','2023-01-04 01:11:05'),(2113,1,'en','plugins/ads/ads','key','Key','2023-01-04 01:11:05','2023-01-04 01:11:05'),(2114,1,'en','plugins/ads/ads','shortcode','Shortcode','2023-01-04 01:11:05','2023-01-04 01:11:05'),(2115,1,'en','plugins/ads/ads','clicked','Clicked','2023-01-04 01:11:05','2023-01-04 01:11:05'),(2116,1,'en','plugins/ads/ads','not_set','Not set','2023-01-04 01:11:05','2023-01-04 01:11:05'),(2117,1,'en','plugins/ads/ads','adblock_warning','If you are using Adblock browser extension, you need to disable this extension on your site first. It may block your ads if it is enabled on your site! <br /> Tips: Image name SHOULD NOT contain some ads keywords (ad, promotion...)','2023-01-04 01:11:05','2023-01-04 01:11:05'),(2118,1,'en','plugins/ads/ads','select_ad','Select Ad','2023-01-04 01:11:05','2023-01-04 01:11:05'),(2119,1,'en','plugins/analytics/analytics','sessions','Sessions','2023-01-04 01:11:05','2023-01-04 01:11:05'),(2120,1,'en','plugins/analytics/analytics','visitors','Visitors','2023-01-04 01:11:05','2023-01-04 01:11:05'),(2121,1,'en','plugins/analytics/analytics','pageviews','Pageviews','2023-01-04 01:11:05','2023-01-04 01:11:05'),(2122,1,'en','plugins/analytics/analytics','bounce_rate','Bounce Rate','2023-01-04 01:11:05','2023-01-04 01:11:05'),(2123,1,'en','plugins/analytics/analytics','page_session','Pages/Session','2023-01-04 01:11:05','2023-01-04 01:11:05'),(2124,1,'en','plugins/analytics/analytics','avg_duration','Avg. Duration','2023-01-04 01:11:05','2023-01-04 01:11:05'),(2125,1,'en','plugins/analytics/analytics','percent_new_session','Percent new session','2023-01-04 01:11:05','2023-01-04 01:11:05'),(2126,1,'en','plugins/analytics/analytics','new_users','New visitors','2023-01-04 01:11:05','2023-01-04 01:11:05'),(2127,1,'en','plugins/analytics/analytics','visits','visits','2023-01-04 01:11:05','2023-01-04 01:11:05'),(2128,1,'en','plugins/analytics/analytics','views','views','2023-01-04 01:11:05','2023-01-04 01:11:05'),(2129,1,'en','plugins/analytics/analytics','view_id_not_specified','You must provide a valid view id. The document here: <a href=\"https://docs.botble.com/cms/master/plugin-analytics\" target=\"_blank\">https://docs.botble.com/cms/master/plugin-analytics</a>','2023-01-04 01:11:06','2023-01-04 01:11:06'),(2130,1,'en','plugins/analytics/analytics','credential_is_not_valid','Analytics credentials is not valid. The document here: <a href=\"https://docs.botble.com/cms/master/plugin-analytics\" target=\"_blank\">https://docs.botble.com/cms/master/plugin-analytics</a>','2023-01-04 01:11:06','2023-01-04 01:11:06'),(2131,1,'en','plugins/analytics/analytics','start_date_can_not_before_end_date','Start date :start_date cannot be after end date :end_date','2023-01-04 01:11:06','2023-01-04 01:11:06'),(2132,1,'en','plugins/analytics/analytics','wrong_configuration','To view analytics you\'ll need to get a google analytics client id and add it to your settings. <br /> You also need JSON credential data. <br /> The document here: <a href=\"https://docs.botble.com/cms/master/plugin-analytics\" target=\"_blank\">https://docs.botble.com/cms/master/plugin-analytics</a>','2023-01-04 01:11:06','2023-01-04 01:11:06'),(2133,1,'en','plugins/analytics/analytics','settings.title','Google Analytics','2023-01-04 01:11:06','2023-01-04 01:11:06'),(2134,1,'en','plugins/analytics/analytics','settings.description','Config Credentials for Google Analytics','2023-01-04 01:11:06','2023-01-04 01:11:06'),(2135,1,'en','plugins/analytics/analytics','settings.tracking_code','Tracking ID','2023-01-04 01:11:06','2023-01-04 01:11:06'),(2136,1,'en','plugins/analytics/analytics','settings.tracking_code_placeholder','Example: GA-12586526-8','2023-01-04 01:11:06','2023-01-04 01:11:06'),(2137,1,'en','plugins/analytics/analytics','settings.view_id','View ID','2023-01-04 01:11:06','2023-01-04 01:11:06'),(2138,1,'en','plugins/analytics/analytics','settings.view_id_description','Google Analytics View ID','2023-01-04 01:11:06','2023-01-04 01:11:06'),(2139,1,'en','plugins/analytics/analytics','settings.json_credential','Service Account Credentials','2023-01-04 01:11:06','2023-01-04 01:11:06'),(2140,1,'en','plugins/analytics/analytics','settings.json_credential_description','Service Account Credentials','2023-01-04 01:11:06','2023-01-04 01:11:06'),(2141,1,'en','plugins/analytics/analytics','widget_analytics_page','Top Most Visit Pages','2023-01-04 01:11:06','2023-01-04 01:11:06'),(2142,1,'en','plugins/analytics/analytics','widget_analytics_browser','Top Browsers','2023-01-04 01:11:06','2023-01-04 01:11:06'),(2143,1,'en','plugins/analytics/analytics','widget_analytics_referrer','Top Referrers','2023-01-04 01:11:06','2023-01-04 01:11:06'),(2144,1,'en','plugins/analytics/analytics','widget_analytics_general','Site Analytics','2023-01-04 01:11:06','2023-01-04 01:11:06'),(2145,1,'vi','plugins/analytics/analytics','avg_duration','Trung b?nh','2023-01-04 01:11:06','2023-01-04 01:11:06'),(2146,1,'vi','plugins/analytics/analytics','bounce_rate','T? l? tho?t','2023-01-04 01:11:06','2023-01-04 01:11:06'),(2147,1,'vi','plugins/analytics/analytics','page_session','Trang/Phiên','2023-01-04 01:11:06','2023-01-04 01:11:06'),(2148,1,'vi','plugins/analytics/analytics','pageviews','L??t xem','2023-01-04 01:11:06','2023-01-04 01:11:06'),(2149,1,'vi','plugins/analytics/analytics','sessions','Phiên','2023-01-04 01:11:06','2023-01-04 01:11:06'),(2150,1,'vi','plugins/analytics/analytics','views','l??t xem','2023-01-04 01:11:06','2023-01-04 01:11:06'),(2151,1,'vi','plugins/analytics/analytics','visitors','Ng??i truy c?p','2023-01-04 01:11:06','2023-01-04 01:11:06'),(2152,1,'vi','plugins/analytics/analytics','visits','l??t ghé th?m','2023-01-04 01:11:06','2023-01-04 01:11:06'),(2153,1,'vi','plugins/analytics/analytics','credential_is_not_valid','Thông tin cài ??t không h?p l?. Tài li?u h??ng d?n t?i ?ây: <a href=\"https://docs.botble.com/cms/master/plugin-analytics\" target=\"_blank\">https://docs.botble.com/cms/master/plugin-analytics</a>','2023-01-04 01:11:06','2023-01-04 01:11:06'),(2154,1,'vi','plugins/analytics/analytics','new_users','L??t kh?ch m?i','2023-01-04 01:11:06','2023-01-04 01:11:06'),(2155,1,'vi','plugins/analytics/analytics','percent_new_session','T? l? kh?ch m?i','2023-01-04 01:11:06','2023-01-04 01:11:06'),(2156,1,'vi','plugins/analytics/analytics','start_date_can_not_before_end_date','Ngày b?t ??u :start_date không th? sau ngày k?t th?c :end_date','2023-01-04 01:11:06','2023-01-04 01:11:06'),(2157,1,'vi','plugins/analytics/analytics','view_id_not_specified','B?n ph?i cung c?p View ID h?p lê. Tài li?u h??ng d?n t?i ?ây: <a href=\"https://docs.botble.com/cms/master/plugin-analytics\" target=\"_blank\">https://docs.botble.com/cms/master/plugin-analytics</a>','2023-01-04 01:11:06','2023-01-04 01:11:06'),(2158,1,'vi','plugins/analytics/analytics','wrong_configuration','?? xem d? li?u th?ng kê Google Analytics, b?n c?n l?y thông tin Client ID và thêm n? vào trong ph?n cài ??t. B?n c?ng c?n thông tin x?c th?c d?ng JSON. Tài li?u h??ng d?n t?i ?ây: <a href=\"https://docs.botble.com/cms/master/plugin-analytics\" target=\"_blank\">https://docs.botble.com/cms/master/plugin-analytics</a>','2023-01-04 01:11:06','2023-01-04 01:11:06'),(2159,1,'vi','plugins/analytics/analytics','settings.title','Google Analytics','2023-01-04 01:11:06','2023-01-04 01:11:06'),(2160,1,'vi','plugins/analytics/analytics','settings.description','Config Credentials for Google Analytics','2023-01-04 01:11:06','2023-01-04 01:11:06'),(2161,1,'vi','plugins/analytics/analytics','settings.tracking_code','Tracking Code','2023-01-04 01:11:06','2023-01-04 01:11:06'),(2162,1,'vi','plugins/analytics/analytics','settings.tracking_code_placeholder','Example: GA-12586526-8','2023-01-04 01:11:06','2023-01-04 01:11:06'),(2163,1,'vi','plugins/analytics/analytics','settings.view_id','View ID','2023-01-04 01:11:06','2023-01-04 01:11:06'),(2164,1,'vi','plugins/analytics/analytics','settings.view_id_description','Google Analytics View ID','2023-01-04 01:11:06','2023-01-04 01:11:06'),(2165,1,'vi','plugins/analytics/analytics','settings.json_credential','Service Account Credentials','2023-01-04 01:11:06','2023-01-04 01:11:06'),(2166,1,'vi','plugins/analytics/analytics','settings.json_credential_description','Service Account Credentials','2023-01-04 01:11:06','2023-01-04 01:11:06'),(2167,1,'vi','plugins/analytics/analytics','widget_analytics_browser','Tr?nh duy?t truy c?p nhi?u','2023-01-04 01:11:06','2023-01-04 01:11:06'),(2168,1,'vi','plugins/analytics/analytics','widget_analytics_general','Th?ng kê truy c?p','2023-01-04 01:11:06','2023-01-04 01:11:06'),(2169,1,'vi','plugins/analytics/analytics','widget_analytics_page','Trang ???c xem nhi?u nh?t','2023-01-04 01:11:06','2023-01-04 01:11:06'),(2170,1,'vi','plugins/analytics/analytics','widget_analytics_referrer','Trang gi?i thi?u nhi?u','2023-01-04 01:11:06','2023-01-04 01:11:06'),(2171,1,'en','plugins/audit-log/history','name','Activities Logs','2023-01-04 01:11:06','2023-01-04 01:11:06'),(2172,1,'en','plugins/audit-log/history','created','created','2023-01-04 01:11:06','2023-01-04 01:11:06'),(2173,1,'en','plugins/audit-log/history','updated','updated','2023-01-04 01:11:06','2023-01-04 01:11:06'),(2174,1,'en','plugins/audit-log/history','deleted','deleted','2023-01-04 01:11:06','2023-01-04 01:11:06'),(2175,1,'en','plugins/audit-log/history','logged in','logged in','2023-01-04 01:11:06','2023-01-04 01:11:06'),(2176,1,'en','plugins/audit-log/history','logged out','logged out','2023-01-04 01:11:06','2023-01-04 01:11:06'),(2177,1,'en','plugins/audit-log/history','changed password','changed password','2023-01-04 01:11:06','2023-01-04 01:11:06'),(2178,1,'en','plugins/audit-log/history','updated profile','updated profile','2023-01-04 01:11:06','2023-01-04 01:11:06'),(2179,1,'en','plugins/audit-log/history','attached','attached','2023-01-04 01:11:06','2023-01-04 01:11:06'),(2180,1,'en','plugins/audit-log/history','shared','shared','2023-01-04 01:11:06','2023-01-04 01:11:06'),(2181,1,'en','plugins/audit-log/history','to the system','to the system','2023-01-04 01:11:06','2023-01-04 01:11:06'),(2182,1,'en','plugins/audit-log/history','of the system','of the system','2023-01-04 01:11:06','2023-01-04 01:11:06'),(2183,1,'en','plugins/audit-log/history','menu','menu','2023-01-04 01:11:06','2023-01-04 01:11:06'),(2184,1,'en','plugins/audit-log/history','post','post','2023-01-04 01:11:06','2023-01-04 01:11:06'),(2185,1,'en','plugins/audit-log/history','page','page','2023-01-04 01:11:06','2023-01-04 01:11:06'),(2186,1,'en','plugins/audit-log/history','category','category','2023-01-04 01:11:06','2023-01-04 01:11:06'),(2187,1,'en','plugins/audit-log/history','tag','tag','2023-01-04 01:11:06','2023-01-04 01:11:06'),(2188,1,'en','plugins/audit-log/history','user','user','2023-01-04 01:11:06','2023-01-04 01:11:06'),(2189,1,'en','plugins/audit-log/history','contact','contact','2023-01-04 01:11:06','2023-01-04 01:11:06'),(2190,1,'en','plugins/audit-log/history','backup','backup','2023-01-04 01:11:06','2023-01-04 01:11:06'),(2191,1,'en','plugins/audit-log/history','custom-field','custom field','2023-01-04 01:11:06','2023-01-04 01:11:06'),(2192,1,'en','plugins/audit-log/history','widget_audit_logs','Activities Logs','2023-01-04 01:11:06','2023-01-04 01:11:06'),(2193,1,'en','plugins/audit-log/history','action','Action','2023-01-04 01:11:06','2023-01-04 01:11:06'),(2194,1,'en','plugins/audit-log/history','user_agent','User Agent','2023-01-04 01:11:06','2023-01-04 01:11:06'),(2195,1,'en','plugins/audit-log/history','system','System','2023-01-04 01:11:06','2023-01-04 01:11:06'),(2196,1,'en','plugins/audit-log/history','delete_all','Delete all records','2023-01-04 01:11:06','2023-01-04 01:11:06'),(2197,1,'vi','plugins/audit-log/history','name','L?ch s? ho?t ??ng','2023-01-04 01:11:06','2023-01-04 01:11:06'),(2198,1,'vi','plugins/audit-log/history','created',' ?? t?o','2023-01-04 01:11:06','2023-01-04 01:11:06'),(2199,1,'vi','plugins/audit-log/history','updated',' ?? c?p nh?t','2023-01-04 01:11:06','2023-01-04 01:11:06'),(2200,1,'vi','plugins/audit-log/history','deleted',' ?? x?a','2023-01-04 01:11:06','2023-01-04 01:11:06'),(2201,1,'vi','plugins/audit-log/history','attached','??nh kèm','2023-01-04 01:11:06','2023-01-04 01:11:06'),(2202,1,'vi','plugins/audit-log/history','backup','sao l?u','2023-01-04 01:11:06','2023-01-04 01:11:06'),(2203,1,'vi','plugins/audit-log/history','category','danh m?c','2023-01-04 01:11:06','2023-01-04 01:11:06'),(2204,1,'vi','plugins/audit-log/history','changed password','thay ??i m?t kh?u','2023-01-04 01:11:06','2023-01-04 01:11:06'),(2205,1,'vi','plugins/audit-log/history','contact','liên h?','2023-01-04 01:11:06','2023-01-04 01:11:06'),(2206,1,'vi','plugins/audit-log/history','custom-field','khung m? r?ng','2023-01-04 01:11:06','2023-01-04 01:11:06'),(2207,1,'vi','plugins/audit-log/history','logged in','??ng nh?p','2023-01-04 01:11:06','2023-01-04 01:11:06'),(2208,1,'vi','plugins/audit-log/history','logged out','??ng xu?t','2023-01-04 01:11:06','2023-01-04 01:11:06'),(2209,1,'vi','plugins/audit-log/history','menu','tr?nh ??n','2023-01-04 01:11:06','2023-01-04 01:11:06'),(2210,1,'vi','plugins/audit-log/history','of the system','kh?i h? th?ng','2023-01-04 01:11:06','2023-01-04 01:11:06'),(2211,1,'vi','plugins/audit-log/history','page','trang','2023-01-04 01:11:06','2023-01-04 01:11:06'),(2212,1,'vi','plugins/audit-log/history','post','bài vi?t','2023-01-04 01:11:06','2023-01-04 01:11:06'),(2213,1,'vi','plugins/audit-log/history','shared','?? chia s?','2023-01-04 01:11:06','2023-01-04 01:11:06'),(2214,1,'vi','plugins/audit-log/history','tag','th?','2023-01-04 01:11:06','2023-01-04 01:11:06'),(2215,1,'vi','plugins/audit-log/history','to the system','vào h? th?ng','2023-01-04 01:11:06','2023-01-04 01:11:06'),(2216,1,'vi','plugins/audit-log/history','updated profile','c?p nh?t tài kho?n','2023-01-04 01:11:06','2023-01-04 01:11:06'),(2217,1,'vi','plugins/audit-log/history','user','thành viên','2023-01-04 01:11:06','2023-01-04 01:11:06'),(2218,1,'vi','plugins/audit-log/history','widget_audit_logs','L?ch s? ho?t ??ng','2023-01-04 01:11:06','2023-01-04 01:11:06'),(2219,1,'vi','plugins/audit-log/history','system','H? th?ng','2023-01-04 01:11:06','2023-01-04 01:11:06'),(2220,1,'vi','plugins/audit-log/history','action','Hành ??ng','2023-01-04 01:11:06','2023-01-04 01:11:06'),(2221,1,'vi','plugins/audit-log/history','delete_all','X?a t?t c? b?n ghi','2023-01-04 01:11:06','2023-01-04 01:11:06'),(2222,1,'vi','plugins/audit-log/history','user_agent','User Agent','2023-01-04 01:11:06','2023-01-04 01:11:06'),(2223,1,'en','plugins/backup/backup','name','Backup','2023-01-04 01:11:06','2023-01-04 01:11:06'),(2224,1,'en','plugins/backup/backup','backup_description','Backup database and uploads folder.','2023-01-04 01:11:06','2023-01-04 01:11:06'),(2225,1,'en','plugins/backup/backup','create_backup_success','Created backup successfully!','2023-01-04 01:11:06','2023-01-04 01:11:06'),(2226,1,'en','plugins/backup/backup','delete_backup_success','Delete backup successfully!','2023-01-04 01:11:06','2023-01-04 01:11:06'),(2227,1,'en','plugins/backup/backup','restore_backup_success','Restore backup successfully!','2023-01-04 01:11:06','2023-01-04 01:11:06'),(2228,1,'en','plugins/backup/backup','generate_btn','Generate backup','2023-01-04 01:11:06','2023-01-04 01:11:06'),(2229,1,'en','plugins/backup/backup','create','Create a backup','2023-01-04 01:11:06','2023-01-04 01:11:06'),(2230,1,'en','plugins/backup/backup','restore','Restore a backup','2023-01-04 01:11:06','2023-01-04 01:11:06'),(2231,1,'en','plugins/backup/backup','create_btn','Create','2023-01-04 01:11:06','2023-01-04 01:11:06'),(2232,1,'en','plugins/backup/backup','restore_btn','Restore','2023-01-04 01:11:06','2023-01-04 01:11:06'),(2233,1,'en','plugins/backup/backup','restore_confirm_msg','Do you really want to restore this revision?','2023-01-04 01:11:06','2023-01-04 01:11:06'),(2234,1,'en','plugins/backup/backup','download_uploads_folder','Download backup of uploads folder','2023-01-04 01:11:06','2023-01-04 01:11:06'),(2235,1,'en','plugins/backup/backup','download_database','Download backup of database','2023-01-04 01:11:06','2023-01-04 01:11:06'),(2236,1,'en','plugins/backup/backup','restore_tooltip','Restore this backup','2023-01-04 01:11:06','2023-01-04 01:11:06'),(2237,1,'en','plugins/backup/backup','demo_alert','Hi guest, if you see demo site is destroyed, please help me <a href=\":link\">go here</a> and restore demo site to the latest revision! Thank you so much!','2023-01-04 01:11:06','2023-01-04 01:11:06'),(2238,1,'en','plugins/backup/backup','menu_name','Backups','2023-01-04 01:11:06','2023-01-04 01:11:06'),(2239,1,'en','plugins/backup/backup','size','Size','2023-01-04 01:11:06','2023-01-04 01:11:06'),(2240,1,'en','plugins/backup/backup','no_backups','There is no backup now!','2023-01-04 01:11:06','2023-01-04 01:11:06'),(2241,1,'en','plugins/backup/backup','proc_open_disabled_error','Function <strong>proc_open()</strong> has been disabled so the system cannot backup the database. Please contact your hosting provider to enable it.','2023-01-04 01:11:06','2023-01-04 01:11:06'),(2242,1,'en','plugins/backup/backup','database_backup_not_existed','Backup database is not existed!','2023-01-04 01:11:06','2023-01-04 01:11:06'),(2243,1,'en','plugins/backup/backup','uploads_folder_backup_not_existed','Backup uploads folder is not existed!','2023-01-04 01:11:06','2023-01-04 01:11:06'),(2244,1,'en','plugins/backup/backup','important_message1','This is a simple backup feature, it is a solution for you if your site has < 1GB data and can be used for quickly backup your site.','2023-01-04 01:11:06','2023-01-04 01:11:06'),(2245,1,'en','plugins/backup/backup','important_message2','If you have more than 1GB images/files in local storage, you should use backup feature of your hosting or VPS.','2023-01-04 01:11:06','2023-01-04 01:11:06'),(2246,1,'en','plugins/backup/backup','important_message3','To backup your database, function <strong>proc_open()</strong> or <strong>system()</strong> must be enabled. Contact your hosting provider to enable it if it is disabled.','2023-01-04 01:11:06','2023-01-04 01:11:06'),(2247,1,'en','plugins/backup/backup','important_message4','It is not a full backup, it is just back up uploaded files and your database.','2023-01-04 01:11:06','2023-01-04 01:11:06'),(2248,1,'en','plugins/backup/backup','cannot_restore_database','Cannot restore database. The database backup is missing!','2023-01-04 01:11:06','2023-01-04 01:11:06'),(2249,1,'vi','plugins/backup/backup','backup_description','Sao l?u c? s? d? li?u và th? m?c /uploads','2023-01-04 01:11:06','2023-01-04 01:11:06'),(2250,1,'vi','plugins/backup/backup','create','T?o b?n sao l?u','2023-01-04 01:11:06','2023-01-04 01:11:06'),(2251,1,'vi','plugins/backup/backup','create_backup_success','T?o b?n sao l?u thành công!','2023-01-04 01:11:06','2023-01-04 01:11:06'),(2252,1,'vi','plugins/backup/backup','create_btn','T?o','2023-01-04 01:11:06','2023-01-04 01:11:06'),(2253,1,'vi','plugins/backup/backup','delete_backup_success','X?a b?n sao l?u thành công!','2023-01-04 01:11:06','2023-01-04 01:11:06'),(2254,1,'vi','plugins/backup/backup','generate_btn','T?o sao l?u','2023-01-04 01:11:06','2023-01-04 01:11:06'),(2255,1,'vi','plugins/backup/backup','name','Sao l?u','2023-01-04 01:11:06','2023-01-04 01:11:06'),(2256,1,'vi','plugins/backup/backup','restore','Khôi ph?c b?n sao l?u','2023-01-04 01:11:06','2023-01-04 01:11:06'),(2257,1,'vi','plugins/backup/backup','restore_backup_success','Khôi ph?c b?n sao l?u thành công','2023-01-04 01:11:06','2023-01-04 01:11:06'),(2258,1,'vi','plugins/backup/backup','restore_btn','Khôi ph?c','2023-01-04 01:11:06','2023-01-04 01:11:06'),(2259,1,'vi','plugins/backup/backup','restore_confirm_msg','B?n c? ch?c ch?n mu?n khôi ph?c h? th?ng v? th?i ?i?m t?o b?n sao l?u này?','2023-01-04 01:11:06','2023-01-04 01:11:06'),(2260,1,'vi','plugins/backup/backup','restore_tooltip','Khôi ph?c b?n sao l?u này','2023-01-04 01:11:06','2023-01-04 01:11:06'),(2261,1,'vi','plugins/backup/backup','download_database','T?i v? b?n sao l?u CSDL','2023-01-04 01:11:06','2023-01-04 01:11:06'),(2262,1,'vi','plugins/backup/backup','download_uploads_folder','T?i v? b?n sao l?u th? m?c uploads','2023-01-04 01:11:06','2023-01-04 01:11:06'),(2263,1,'vi','plugins/backup/backup','menu_name','Sao l?u','2023-01-04 01:11:06','2023-01-04 01:11:06'),(2264,1,'vi','plugins/backup/backup','demo_alert','Chào kh?ch, n?u b?n th?y trang demo b? ph? ho?i, h?y t?i <a href=\":link\">trang sao l?u</a> và khôi ph?c b?n sao l?u cu?i cùng. C?m ?n b?n nhi?u!','2023-01-04 01:11:06','2023-01-04 01:11:06'),(2265,1,'en','plugins/blog/base','menu_name','Blog','2023-01-04 01:11:06','2023-01-04 01:11:06'),(2266,1,'en','plugins/blog/base','blog_page','Blog Page','2023-01-04 01:11:06','2023-01-04 01:11:06'),(2267,1,'en','plugins/blog/base','select','-- Select --','2023-01-04 01:11:06','2023-01-04 01:11:06'),(2268,1,'en','plugins/blog/base','blog_page_id','Blog page','2023-01-04 01:11:06','2023-01-04 01:11:06'),(2269,1,'en','plugins/blog/base','number_posts_per_page','Number posts per page','2023-01-04 01:11:06','2023-01-04 01:11:06'),(2270,1,'en','plugins/blog/base','write_some_tags','Write some tags','2023-01-04 01:11:06','2023-01-04 01:11:06'),(2271,1,'en','plugins/blog/base','short_code_name','Blog posts','2023-01-04 01:11:06','2023-01-04 01:11:06'),(2272,1,'en','plugins/blog/base','short_code_description','Add blog posts','2023-01-04 01:11:06','2023-01-04 01:11:06'),(2273,1,'en','plugins/blog/base','number_posts_per_page_in_category','Number of posts per page in a category','2023-01-04 01:11:06','2023-01-04 01:11:06'),(2274,1,'en','plugins/blog/base','number_posts_per_page_in_tag','Number of posts per page in a tag','2023-01-04 01:11:06','2023-01-04 01:11:06'),(2275,1,'en','plugins/blog/base','settings.title','Blog','2023-01-04 01:11:06','2023-01-04 01:11:06'),(2276,1,'en','plugins/blog/base','settings.description','Settings for Blog','2023-01-04 01:11:06','2023-01-04 01:11:06'),(2277,1,'en','plugins/blog/base','settings.enable_blog_post_schema','Enable Blog Post Schema?','2023-01-04 01:11:06','2023-01-04 01:11:06'),(2278,1,'en','plugins/blog/base','settings.enable_blog_post_schema_description','Learn more: https://schema.org/Article','2023-01-04 01:11:06','2023-01-04 01:11:06'),(2279,1,'en','plugins/blog/base','settings.schema_type','Schema type','2023-01-04 01:11:06','2023-01-04 01:11:06'),(2280,1,'en','plugins/blog/categories','create','Create new category','2023-01-04 01:11:06','2023-01-04 01:11:06'),(2281,1,'en','plugins/blog/categories','edit','Edit category','2023-01-04 01:11:06','2023-01-04 01:11:06'),(2282,1,'en','plugins/blog/categories','menu','Categories','2023-01-04 01:11:06','2023-01-04 01:11:06'),(2283,1,'en','plugins/blog/categories','edit_this_category','Edit this category','2023-01-04 01:11:06','2023-01-04 01:11:06'),(2284,1,'en','plugins/blog/categories','menu_name','Categories','2023-01-04 01:11:06','2023-01-04 01:11:06'),(2285,1,'en','plugins/blog/categories','none','None','2023-01-04 01:11:06','2023-01-04 01:11:06'),(2286,1,'en','plugins/blog/categories','total_posts','Total posts: :total','2023-01-04 01:11:06','2023-01-04 01:11:06'),(2287,1,'en','plugins/blog/member','dob','Born :date','2023-01-04 01:11:06','2023-01-04 01:11:06'),(2288,1,'en','plugins/blog/member','draft_posts','Draft Posts','2023-01-04 01:11:06','2023-01-04 01:11:06'),(2289,1,'en','plugins/blog/member','pending_posts','Pending Posts','2023-01-04 01:11:06','2023-01-04 01:11:06'),(2290,1,'en','plugins/blog/member','published_posts','Published Posts','2023-01-04 01:11:06','2023-01-04 01:11:06'),(2291,1,'en','plugins/blog/member','posts','Posts','2023-01-04 01:11:06','2023-01-04 01:11:06'),(2292,1,'en','plugins/blog/member','write_post','Write a post','2023-01-04 01:11:06','2023-01-04 01:11:06'),(2293,1,'en','plugins/blog/posts','create','Create new post','2023-01-04 01:11:06','2023-01-04 01:11:06'),(2294,1,'en','plugins/blog/posts','edit','Edit post','2023-01-04 01:11:06','2023-01-04 01:11:06'),(2295,1,'en','plugins/blog/posts','form.name','Name','2023-01-04 01:11:06','2023-01-04 01:11:06'),(2296,1,'en','plugins/blog/posts','form.name_placeholder','Post\'s name (Maximum :c characters)','2023-01-04 01:11:06','2023-01-04 01:11:06'),(2297,1,'en','plugins/blog/posts','form.description','Description','2023-01-04 01:11:06','2023-01-04 01:11:06'),(2298,1,'en','plugins/blog/posts','form.description_placeholder','Short description for post (Maximum :c characters)','2023-01-04 01:11:06','2023-01-04 01:11:06'),(2299,1,'en','plugins/blog/posts','form.categories','Categories','2023-01-04 01:11:06','2023-01-04 01:11:06'),(2300,1,'en','plugins/blog/posts','form.tags','Tags','2023-01-04 01:11:06','2023-01-04 01:11:06'),(2301,1,'en','plugins/blog/posts','form.tags_placeholder','Tags','2023-01-04 01:11:06','2023-01-04 01:11:06'),(2302,1,'en','plugins/blog/posts','form.content','Content','2023-01-04 01:11:06','2023-01-04 01:11:06'),(2303,1,'en','plugins/blog/posts','form.is_featured','Is featured?','2023-01-04 01:11:06','2023-01-04 01:11:06'),(2304,1,'en','plugins/blog/posts','form.note','Note content','2023-01-04 01:11:06','2023-01-04 01:11:06'),(2305,1,'en','plugins/blog/posts','form.format_type','Format','2023-01-04 01:11:06','2023-01-04 01:11:06'),(2306,1,'en','plugins/blog/posts','cannot_delete','Post could not be deleted','2023-01-04 01:11:06','2023-01-04 01:11:06'),(2307,1,'en','plugins/blog/posts','post_deleted','Post deleted','2023-01-04 01:11:06','2023-01-04 01:11:06'),(2308,1,'en','plugins/blog/posts','posts','Posts','2023-01-04 01:11:06','2023-01-04 01:11:06'),(2309,1,'en','plugins/blog/posts','post','Post','2023-01-04 01:11:06','2023-01-04 01:11:06'),(2310,1,'en','plugins/blog/posts','edit_this_post','Edit this post','2023-01-04 01:11:06','2023-01-04 01:11:06'),(2311,1,'en','plugins/blog/posts','no_new_post_now','There is no new post now!','2023-01-04 01:11:06','2023-01-04 01:11:06'),(2312,1,'en','plugins/blog/posts','menu_name','Posts','2023-01-04 01:11:06','2023-01-04 01:11:06'),(2313,1,'en','plugins/blog/posts','widget_posts_recent','Recent Posts','2023-01-04 01:11:06','2023-01-04 01:11:06'),(2314,1,'en','plugins/blog/posts','categories','Categories','2023-01-04 01:11:06','2023-01-04 01:11:06'),(2315,1,'en','plugins/blog/posts','category','Category','2023-01-04 01:11:06','2023-01-04 01:11:06'),(2316,1,'en','plugins/blog/posts','author','Author','2023-01-04 01:11:06','2023-01-04 01:11:06'),(2317,1,'en','plugins/blog/settings','select','-- Select --','2023-01-04 01:11:06','2023-01-04 01:11:06'),(2318,1,'en','plugins/blog/settings','blog_page_id','Blog page','2023-01-04 01:11:06','2023-01-04 01:11:06'),(2319,1,'en','plugins/blog/tags','form.name','Name','2023-01-04 01:11:06','2023-01-04 01:11:06'),(2320,1,'en','plugins/blog/tags','form.name_placeholder','Tag\'s name (Maximum 120 characters)','2023-01-04 01:11:06','2023-01-04 01:11:06'),(2321,1,'en','plugins/blog/tags','form.description','Description','2023-01-04 01:11:06','2023-01-04 01:11:06'),(2322,1,'en','plugins/blog/tags','form.description_placeholder','Short description for tag (Maximum 400 characters)','2023-01-04 01:11:06','2023-01-04 01:11:06'),(2323,1,'en','plugins/blog/tags','form.categories','Categories','2023-01-04 01:11:06','2023-01-04 01:11:06'),(2324,1,'en','plugins/blog/tags','notices.no_select','Please select at least one tag to take this action!','2023-01-04 01:11:06','2023-01-04 01:11:06'),(2325,1,'en','plugins/blog/tags','create','Create new tag','2023-01-04 01:11:06','2023-01-04 01:11:06'),(2326,1,'en','plugins/blog/tags','edit','Edit tag','2023-01-04 01:11:06','2023-01-04 01:11:06'),(2327,1,'en','plugins/blog/tags','cannot_delete','Tag could not be deleted','2023-01-04 01:11:06','2023-01-04 01:11:06'),(2328,1,'en','plugins/blog/tags','deleted','Tag deleted','2023-01-04 01:11:06','2023-01-04 01:11:06'),(2329,1,'en','plugins/blog/tags','menu','Tags','2023-01-04 01:11:06','2023-01-04 01:11:06'),(2330,1,'en','plugins/blog/tags','edit_this_tag','Edit this tag','2023-01-04 01:11:06','2023-01-04 01:11:06'),(2331,1,'en','plugins/blog/tags','menu_name','Tags','2023-01-04 01:11:06','2023-01-04 01:11:06'),(2332,1,'vi','plugins/blog/base','menu_name','Blog','2023-01-04 01:11:06','2023-01-04 01:11:06'),(2333,1,'vi','plugins/blog/base','blog_page','Trang Blog','2023-01-04 01:11:06','2023-01-04 01:11:06'),(2334,1,'vi','plugins/blog/base','select','-- L?a ch?n --','2023-01-04 01:11:06','2023-01-04 01:11:06'),(2335,1,'vi','plugins/blog/base','blog_page_id','Trang Blog','2023-01-04 01:11:06','2023-01-04 01:11:06'),(2336,1,'vi','plugins/blog/categories','create','Thêm danh mu?c m??i','2023-01-04 01:11:06','2023-01-04 01:11:06'),(2337,1,'vi','plugins/blog/categories','edit','S??a danh mu?c','2023-01-04 01:11:06','2023-01-04 01:11:06'),(2338,1,'vi','plugins/blog/categories','menu','Danh m?c','2023-01-04 01:11:06','2023-01-04 01:11:06'),(2339,1,'vi','plugins/blog/categories','edit_this_category','S?a danh m?c này','2023-01-04 01:11:06','2023-01-04 01:11:06'),(2340,1,'vi','plugins/blog/categories','menu_name','Danh m?c','2023-01-04 01:11:06','2023-01-04 01:11:06'),(2341,1,'vi','plugins/blog/categories','none','Không','2023-01-04 01:11:06','2023-01-04 01:11:06'),(2342,1,'vi','plugins/blog/member','dob','Born :date','2023-01-04 01:11:06','2023-01-04 01:11:06'),(2343,1,'vi','plugins/blog/member','draft_posts','Draft Posts','2023-01-04 01:11:06','2023-01-04 01:11:06'),(2344,1,'vi','plugins/blog/member','pending_posts','Pending Posts','2023-01-04 01:11:06','2023-01-04 01:11:06'),(2345,1,'vi','plugins/blog/member','published_posts','Published Posts','2023-01-04 01:11:06','2023-01-04 01:11:06'),(2346,1,'vi','plugins/blog/member','posts','Posts','2023-01-04 01:11:06','2023-01-04 01:11:06'),(2347,1,'vi','plugins/blog/member','write_post','Write a post','2023-01-04 01:11:06','2023-01-04 01:11:06'),(2348,1,'vi','plugins/blog/posts','create','Thêm ba?i vi?t','2023-01-04 01:11:06','2023-01-04 01:11:06'),(2349,1,'vi','plugins/blog/posts','edit','S??a ba?i vi?t','2023-01-04 01:11:06','2023-01-04 01:11:06'),(2350,1,'vi','plugins/blog/posts','form.name','Tên','2023-01-04 01:11:06','2023-01-04 01:11:06'),(2351,1,'vi','plugins/blog/posts','form.name_placeholder','Tên bài vi?t (T?i ?a 120 k? t?)','2023-01-04 01:11:06','2023-01-04 01:11:06'),(2352,1,'vi','plugins/blog/posts','form.description','Mô t?','2023-01-04 01:11:06','2023-01-04 01:11:06'),(2353,1,'vi','plugins/blog/posts','form.description_placeholder','Mô t? ng?n cho bài vi?t (T?i ?a 400 k? t?)','2023-01-04 01:11:06','2023-01-04 01:11:06'),(2354,1,'vi','plugins/blog/posts','form.categories','Chuyên m?c','2023-01-04 01:11:06','2023-01-04 01:11:06'),(2355,1,'vi','plugins/blog/posts','form.tags','T? kh?a','2023-01-04 01:11:06','2023-01-04 01:11:06'),(2356,1,'vi','plugins/blog/posts','form.tags_placeholder','Thêm t? kh?a','2023-01-04 01:11:06','2023-01-04 01:11:06'),(2357,1,'vi','plugins/blog/posts','form.content','N?i dung','2023-01-04 01:11:06','2023-01-04 01:11:06'),(2358,1,'vi','plugins/blog/posts','form.is_featured','Bài vi?t n?i b?t?','2023-01-04 01:11:06','2023-01-04 01:11:06'),(2359,1,'vi','plugins/blog/posts','form.note','Nô?i dung ghi chu?','2023-01-04 01:11:06','2023-01-04 01:11:06'),(2360,1,'vi','plugins/blog/posts','form.format_type','??nh d?ng','2023-01-04 01:11:06','2023-01-04 01:11:06'),(2361,1,'vi','plugins/blog/posts','post_deleted','Xo?a ba?i viê?t tha?nh công','2023-01-04 01:11:06','2023-01-04 01:11:06'),(2362,1,'vi','plugins/blog/posts','cannot_delete','Không thê? xo?a ba?i viê?t','2023-01-04 01:11:06','2023-01-04 01:11:06'),(2363,1,'vi','plugins/blog/posts','menu_name','Bài vi?t','2023-01-04 01:11:06','2023-01-04 01:11:06'),(2364,1,'vi','plugins/blog/posts','edit_this_post','S?a bài vi?t này','2023-01-04 01:11:06','2023-01-04 01:11:06'),(2365,1,'vi','plugins/blog/posts','no_new_post_now','Hi?n t?i không c? bài vi?t m?i!','2023-01-04 01:11:06','2023-01-04 01:11:06'),(2366,1,'vi','plugins/blog/posts','posts','Bài vi?t','2023-01-04 01:11:06','2023-01-04 01:11:06'),(2367,1,'vi','plugins/blog/posts','post','Bài vi?t','2023-01-04 01:11:06','2023-01-04 01:11:06'),(2368,1,'vi','plugins/blog/posts','widget_posts_recent','Bài vi?t g?n ?ây','2023-01-04 01:11:06','2023-01-04 01:11:06'),(2369,1,'vi','plugins/blog/posts','author','T?c gi?','2023-01-04 01:11:06','2023-01-04 01:11:06'),(2370,1,'vi','plugins/blog/posts','categories','Danh m?c','2023-01-04 01:11:06','2023-01-04 01:11:06'),(2371,1,'vi','plugins/blog/posts','category','Danh m?c','2023-01-04 01:11:06','2023-01-04 01:11:06'),(2372,1,'vi','plugins/blog/tags','create','Thêm th? m??i','2023-01-04 01:11:06','2023-01-04 01:11:06'),(2373,1,'vi','plugins/blog/tags','edit','S??a th?','2023-01-04 01:11:06','2023-01-04 01:11:06'),(2374,1,'vi','plugins/blog/tags','form.name','Tên','2023-01-04 01:11:06','2023-01-04 01:11:06'),(2375,1,'vi','plugins/blog/tags','form.name_placeholder','Tên th? (T?i ?a 120 k? t?)','2023-01-04 01:11:06','2023-01-04 01:11:06'),(2376,1,'vi','plugins/blog/tags','form.description','Mô t?','2023-01-04 01:11:06','2023-01-04 01:11:06'),(2377,1,'vi','plugins/blog/tags','form.description_placeholder','Mô t? ng?n cho tag (T?i ?a 400 k? t?)','2023-01-04 01:11:06','2023-01-04 01:11:06'),(2378,1,'vi','plugins/blog/tags','form.categories','Chuyên m?c','2023-01-04 01:11:06','2023-01-04 01:11:06'),(2379,1,'vi','plugins/blog/tags','notices.no_select','Cho?n i?t nhâ?t 1 ba?i viê?t ?ê? th??c hiê?n ha?nh ?ô?ng na?y!','2023-01-04 01:11:06','2023-01-04 01:11:06'),(2380,1,'vi','plugins/blog/tags','cannot_delete','Không thê? xo?a th?','2023-01-04 01:11:06','2023-01-04 01:11:06'),(2381,1,'vi','plugins/blog/tags','deleted','Xo?a th? tha?nh công','2023-01-04 01:11:06','2023-01-04 01:11:06'),(2382,1,'vi','plugins/blog/tags','menu_name','Th?','2023-01-04 01:11:06','2023-01-04 01:11:06'),(2383,1,'vi','plugins/blog/tags','edit_this_tag','S?a th? này','2023-01-04 01:11:06','2023-01-04 01:11:06'),(2384,1,'vi','plugins/blog/tags','menu','Th?','2023-01-04 01:11:06','2023-01-04 01:11:06'),(2385,1,'en','plugins/captcha/captcha','settings.title','Captcha','2023-01-04 01:11:06','2023-01-04 01:11:06'),(2386,1,'en','plugins/captcha/captcha','settings.description','Settings for Google Captcha','2023-01-04 01:11:06','2023-01-04 01:11:06'),(2387,1,'en','plugins/captcha/captcha','settings.captcha_site_key','Captcha Site Key','2023-01-04 01:11:06','2023-01-04 01:11:06'),(2388,1,'en','plugins/captcha/captcha','settings.captcha_secret','Captcha Secret','2023-01-04 01:11:06','2023-01-04 01:11:06'),(2389,1,'en','plugins/captcha/captcha','settings.enable_captcha','Enable Captcha?','2023-01-04 01:11:06','2023-01-04 01:11:06'),(2390,1,'en','plugins/captcha/captcha','settings.helper','Go here to get credentials https://www.google.com/recaptcha/admin#list.','2023-01-04 01:11:06','2023-01-04 01:11:06'),(2391,1,'en','plugins/captcha/captcha','settings.hide_badge','Hide recaptcha badge (for v3)','2023-01-04 01:11:06','2023-01-04 01:11:06'),(2392,1,'en','plugins/captcha/captcha','settings.type','Type','2023-01-04 01:11:06','2023-01-04 01:11:06'),(2393,1,'en','plugins/captcha/captcha','settings.v2_description','V2 (Verify requests with a challenge)','2023-01-04 01:11:06','2023-01-04 01:11:06'),(2394,1,'en','plugins/captcha/captcha','settings.v3_description','V3 (Verify requests with a score)','2023-01-04 01:11:06','2023-01-04 01:11:06'),(2395,1,'en','plugins/captcha/captcha','failed_validate','Failed to validate the captcha.','2023-01-04 01:11:06','2023-01-04 01:11:06'),(2396,1,'en','plugins/captcha/captcha','numbers.0','Zero','2023-01-04 01:11:06','2023-01-04 01:11:06'),(2397,1,'en','plugins/captcha/captcha','numbers.1','One','2023-01-04 01:11:06','2023-01-04 01:11:06'),(2398,1,'en','plugins/captcha/captcha','numbers.2','Two','2023-01-04 01:11:06','2023-01-04 01:11:06'),(2399,1,'en','plugins/captcha/captcha','numbers.3','Three','2023-01-04 01:11:06','2023-01-04 01:11:06'),(2400,1,'en','plugins/captcha/captcha','numbers.4','Four','2023-01-04 01:11:06','2023-01-04 01:11:06'),(2401,1,'en','plugins/captcha/captcha','numbers.5','Five','2023-01-04 01:11:06','2023-01-04 01:11:06'),(2402,1,'en','plugins/captcha/captcha','numbers.6','Six','2023-01-04 01:11:06','2023-01-04 01:11:06'),(2403,1,'en','plugins/captcha/captcha','numbers.7','Seven','2023-01-04 01:11:06','2023-01-04 01:11:06'),(2404,1,'en','plugins/captcha/captcha','numbers.8','Eight','2023-01-04 01:11:06','2023-01-04 01:11:06'),(2405,1,'en','plugins/captcha/captcha','numbers.9','Nine','2023-01-04 01:11:06','2023-01-04 01:11:06'),(2406,1,'en','plugins/captcha/captcha','numbers.10','Ten','2023-01-04 01:11:06','2023-01-04 01:11:06'),(2407,1,'en','plugins/captcha/captcha','numbers.11','Eleven','2023-01-04 01:11:06','2023-01-04 01:11:06'),(2408,1,'en','plugins/captcha/captcha','numbers.12','Twelve','2023-01-04 01:11:06','2023-01-04 01:11:06'),(2409,1,'en','plugins/captcha/captcha','operands.+','plus','2023-01-04 01:11:06','2023-01-04 01:11:06'),(2410,1,'en','plugins/captcha/captcha','operands.-','minus','2023-01-04 01:11:06','2023-01-04 01:11:06'),(2411,1,'en','plugins/captcha/captcha','operands.*','times','2023-01-04 01:11:06','2023-01-04 01:11:06'),(2412,1,'en','plugins/captcha/captcha','operands./','divided by','2023-01-04 01:11:06','2023-01-04 01:11:06'),(2413,1,'vi','plugins/captcha/captcha','settings.title','Captcha','2023-01-04 01:11:06','2023-01-04 01:11:06'),(2414,1,'vi','plugins/captcha/captcha','settings.description','Cài ??t cho Google Captcha','2023-01-04 01:11:06','2023-01-04 01:11:06'),(2415,1,'vi','plugins/captcha/captcha','settings.captcha_site_key','Captcha Site Key','2023-01-04 01:11:06','2023-01-04 01:11:06'),(2416,1,'vi','plugins/captcha/captcha','settings.captcha_secret','Captcha Secret','2023-01-04 01:11:06','2023-01-04 01:11:06'),(2417,1,'vi','plugins/captcha/captcha','settings.enable_captcha','B?t Captcha?','2023-01-04 01:11:06','2023-01-04 01:11:06'),(2418,1,'vi','plugins/captcha/captcha','settings.helper','Truy c?p https://www.google.com/recaptcha/admin#list ?? l?y thông tin v? Site key và Secret.','2023-01-04 01:11:06','2023-01-04 01:11:06'),(2419,1,'en','plugins/contact/contact','menu','Contact','2023-01-04 01:11:06','2023-01-04 01:11:06'),(2420,1,'en','plugins/contact/contact','edit','View contact','2023-01-04 01:11:06','2023-01-04 01:11:06'),(2421,1,'en','plugins/contact/contact','tables.phone','Phone','2023-01-04 01:11:06','2023-01-04 01:11:06'),(2422,1,'en','plugins/contact/contact','tables.email','Email','2023-01-04 01:11:06','2023-01-04 01:11:06'),(2423,1,'en','plugins/contact/contact','tables.full_name','Full Name','2023-01-04 01:11:06','2023-01-04 01:11:06'),(2424,1,'en','plugins/contact/contact','tables.time','Time','2023-01-04 01:11:06','2023-01-04 01:11:06'),(2425,1,'en','plugins/contact/contact','tables.address','Address','2023-01-04 01:11:06','2023-01-04 01:11:06'),(2426,1,'en','plugins/contact/contact','tables.subject','Subject','2023-01-04 01:11:06','2023-01-04 01:11:06'),(2427,1,'en','plugins/contact/contact','tables.content','Content','2023-01-04 01:11:06','2023-01-04 01:11:06'),(2428,1,'en','plugins/contact/contact','contact_information','Contact information','2023-01-04 01:11:06','2023-01-04 01:11:06'),(2429,1,'en','plugins/contact/contact','replies','Replies','2023-01-04 01:11:06','2023-01-04 01:11:06'),(2430,1,'en','plugins/contact/contact','email.header','Email','2023-01-04 01:11:06','2023-01-04 01:11:06'),(2431,1,'en','plugins/contact/contact','email.title','New contact from your site','2023-01-04 01:11:06','2023-01-04 01:11:06'),(2432,1,'en','plugins/contact/contact','form.name.required','Name is required','2023-01-04 01:11:06','2023-01-04 01:11:06'),(2433,1,'en','plugins/contact/contact','form.email.required','Email is required','2023-01-04 01:11:06','2023-01-04 01:11:06'),(2434,1,'en','plugins/contact/contact','form.email.email','The email address is not valid','2023-01-04 01:11:06','2023-01-04 01:11:06'),(2435,1,'en','plugins/contact/contact','form.content.required','Content is required','2023-01-04 01:11:06','2023-01-04 01:11:06'),(2436,1,'en','plugins/contact/contact','contact_sent_from','This contact information sent from','2023-01-04 01:11:06','2023-01-04 01:11:06'),(2437,1,'en','plugins/contact/contact','sender','Sender','2023-01-04 01:11:06','2023-01-04 01:11:06'),(2438,1,'en','plugins/contact/contact','sender_email','Email','2023-01-04 01:11:06','2023-01-04 01:11:06'),(2439,1,'en','plugins/contact/contact','sender_address','Address','2023-01-04 01:11:06','2023-01-04 01:11:06'),(2440,1,'en','plugins/contact/contact','sender_phone','Phone','2023-01-04 01:11:06','2023-01-04 01:11:06'),(2441,1,'en','plugins/contact/contact','message_content','Message content','2023-01-04 01:11:06','2023-01-04 01:11:06'),(2442,1,'en','plugins/contact/contact','sent_from','Email sent from','2023-01-04 01:11:06','2023-01-04 01:11:06'),(2443,1,'en','plugins/contact/contact','form_name','Name','2023-01-04 01:11:06','2023-01-04 01:11:06'),(2444,1,'en','plugins/contact/contact','form_email','Email','2023-01-04 01:11:06','2023-01-04 01:11:06'),(2445,1,'en','plugins/contact/contact','form_address','Address','2023-01-04 01:11:06','2023-01-04 01:11:06'),(2446,1,'en','plugins/contact/contact','form_subject','Subject','2023-01-04 01:11:06','2023-01-04 01:11:06'),(2447,1,'en','plugins/contact/contact','form_phone','Phone','2023-01-04 01:11:06','2023-01-04 01:11:06'),(2448,1,'en','plugins/contact/contact','form_message','Message','2023-01-04 01:11:06','2023-01-04 01:11:06'),(2449,1,'en','plugins/contact/contact','required_field','The field with (<span style=\"color: red\">*</span>) is required.','2023-01-04 01:11:06','2023-01-04 01:11:06'),(2450,1,'en','plugins/contact/contact','send_btn','Send message','2023-01-04 01:11:06','2023-01-04 01:11:06'),(2451,1,'en','plugins/contact/contact','new_msg_notice','You have <span class=\"bold\">:count</span> New Messages','2023-01-04 01:11:06','2023-01-04 01:11:06'),(2452,1,'en','plugins/contact/contact','view_all','View all','2023-01-04 01:11:06','2023-01-04 01:11:06'),(2453,1,'en','plugins/contact/contact','statuses.read','Read','2023-01-04 01:11:06','2023-01-04 01:11:06'),(2454,1,'en','plugins/contact/contact','statuses.unread','Unread','2023-01-04 01:11:06','2023-01-04 01:11:06'),(2455,1,'en','plugins/contact/contact','phone','Phone','2023-01-04 01:11:06','2023-01-04 01:11:06'),(2456,1,'en','plugins/contact/contact','address','Address','2023-01-04 01:11:06','2023-01-04 01:11:06'),(2457,1,'en','plugins/contact/contact','message','Message','2023-01-04 01:11:06','2023-01-04 01:11:06'),(2458,1,'en','plugins/contact/contact','settings.email.title','Contact','2023-01-04 01:11:06','2023-01-04 01:11:06'),(2459,1,'en','plugins/contact/contact','settings.email.description','Contact email configuration','2023-01-04 01:11:06','2023-01-04 01:11:06'),(2460,1,'en','plugins/contact/contact','settings.email.templates.notice_title','Send notice to administrator','2023-01-04 01:11:06','2023-01-04 01:11:06'),(2461,1,'en','plugins/contact/contact','settings.email.templates.notice_description','Email template to send notice to administrator when system get new contact','2023-01-04 01:11:06','2023-01-04 01:11:06'),(2462,1,'en','plugins/contact/contact','settings.title','Contact','2023-01-04 01:11:06','2023-01-04 01:11:06'),(2463,1,'en','plugins/contact/contact','settings.description','Settings for contact plugin','2023-01-04 01:11:06','2023-01-04 01:11:06'),(2464,1,'en','plugins/contact/contact','settings.blacklist_keywords','Blacklist keywords','2023-01-04 01:11:06','2023-01-04 01:11:06'),(2465,1,'en','plugins/contact/contact','settings.blacklist_keywords_placeholder','keywords...','2023-01-04 01:11:06','2023-01-04 01:11:06'),(2466,1,'en','plugins/contact/contact','settings.blacklist_keywords_helper','Blacklist contact requests if it includes those keywords in the content field (separate by comma).','2023-01-04 01:11:06','2023-01-04 01:11:06'),(2467,1,'en','plugins/contact/contact','settings.blacklist_email_domains','Blacklist email domains','2023-01-04 01:11:06','2023-01-04 01:11:06'),(2468,1,'en','plugins/contact/contact','settings.blacklist_email_domains_placeholder','domain...','2023-01-04 01:11:06','2023-01-04 01:11:06'),(2469,1,'en','plugins/contact/contact','settings.blacklist_email_domains_helper','Blacklist contact requests if the email domain is in blacklist domains (separate by comma).','2023-01-04 01:11:06','2023-01-04 01:11:06'),(2470,1,'en','plugins/contact/contact','settings.enable_math_captcha','Enable math captcha?','2023-01-04 01:11:06','2023-01-04 01:11:06'),(2471,1,'en','plugins/contact/contact','no_reply','No reply yet!','2023-01-04 01:11:06','2023-01-04 01:11:06'),(2472,1,'en','plugins/contact/contact','reply','Reply','2023-01-04 01:11:06','2023-01-04 01:11:06'),(2473,1,'en','plugins/contact/contact','send','Send','2023-01-04 01:11:06','2023-01-04 01:11:06'),(2474,1,'en','plugins/contact/contact','shortcode_name','Contact form','2023-01-04 01:11:06','2023-01-04 01:11:06'),(2475,1,'en','plugins/contact/contact','shortcode_description','Add a contact form','2023-01-04 01:11:06','2023-01-04 01:11:06'),(2476,1,'en','plugins/contact/contact','shortcode_content_description','Add shortcode [contact-form][/contact-form] to editor?','2023-01-04 01:11:06','2023-01-04 01:11:06'),(2477,1,'en','plugins/contact/contact','message_sent_success','Message sent successfully!','2023-01-04 01:11:06','2023-01-04 01:11:06'),(2478,1,'vi','plugins/contact/contact','menu','Liên hê?','2023-01-04 01:11:06','2023-01-04 01:11:06'),(2479,1,'vi','plugins/contact/contact','edit','Xem liên hê?','2023-01-04 01:11:06','2023-01-04 01:11:06'),(2480,1,'vi','plugins/contact/contact','tables.phone','?iê?n thoa?i','2023-01-04 01:11:06','2023-01-04 01:11:06'),(2481,1,'vi','plugins/contact/contact','tables.email','Email','2023-01-04 01:11:06','2023-01-04 01:11:06'),(2482,1,'vi','plugins/contact/contact','tables.full_name','Ho? tên','2023-01-04 01:11:06','2023-01-04 01:11:06'),(2483,1,'vi','plugins/contact/contact','tables.time','Th?i gian','2023-01-04 01:11:06','2023-01-04 01:11:06'),(2484,1,'vi','plugins/contact/contact','tables.address','?i?a ??a ch?','2023-01-04 01:11:06','2023-01-04 01:11:06'),(2485,1,'vi','plugins/contact/contact','tables.subject','Tiêu ??','2023-01-04 01:11:06','2023-01-04 01:11:06'),(2486,1,'vi','plugins/contact/contact','tables.content','Nô?i dung','2023-01-04 01:11:06','2023-01-04 01:11:06'),(2487,1,'vi','plugins/contact/contact','contact_information','Thông tin liên hê?','2023-01-04 01:11:06','2023-01-04 01:11:06'),(2488,1,'vi','plugins/contact/contact','email.title','Thông tin liên hê? m??i','2023-01-04 01:11:06','2023-01-04 01:11:06'),(2489,1,'vi','plugins/contact/contact','email.header','Email','2023-01-04 01:11:06','2023-01-04 01:11:06'),(2490,1,'vi','plugins/contact/contact','form.name.required','Tên là b?t bu?c','2023-01-04 01:11:06','2023-01-04 01:11:06'),(2491,1,'vi','plugins/contact/contact','form.email.required','Email là b?t bu?c','2023-01-04 01:11:06','2023-01-04 01:11:06'),(2492,1,'vi','plugins/contact/contact','form.email.email','??a ch? email không h?p l?','2023-01-04 01:11:06','2023-01-04 01:11:06'),(2493,1,'vi','plugins/contact/contact','form.content.required','N?i dung là b?t bu?c','2023-01-04 01:11:06','2023-01-04 01:11:06'),(2494,1,'vi','plugins/contact/contact','contact_sent_from','Liên h? này ???c g?i t?','2023-01-04 01:11:06','2023-01-04 01:11:06'),(2495,1,'vi','plugins/contact/contact','form_address','??a ch?','2023-01-04 01:11:06','2023-01-04 01:11:06'),(2496,1,'vi','plugins/contact/contact','form_email','Th? ?i?n t?','2023-01-04 01:11:06','2023-01-04 01:11:06'),(2497,1,'vi','plugins/contact/contact','form_message','Thông ?i?p','2023-01-04 01:11:06','2023-01-04 01:11:06'),(2498,1,'vi','plugins/contact/contact','form_name','H? tên','2023-01-04 01:11:06','2023-01-04 01:11:06'),(2499,1,'vi','plugins/contact/contact','form_phone','S? ?i?n tho?i','2023-01-04 01:11:06','2023-01-04 01:11:06'),(2500,1,'vi','plugins/contact/contact','message_content','N?i dung thông ?i?p','2023-01-04 01:11:06','2023-01-04 01:11:06'),(2501,1,'vi','plugins/contact/contact','required_field','Nh?ng tr??ng c? d?u (<span style=\"color: red\">*</span>) là b?t bu?c.','2023-01-04 01:11:06','2023-01-04 01:11:06'),(2502,1,'vi','plugins/contact/contact','send_btn','G?i tin nh?n','2023-01-04 01:11:06','2023-01-04 01:11:06'),(2503,1,'vi','plugins/contact/contact','sender','Ng??i g?i','2023-01-04 01:11:06','2023-01-04 01:11:06'),(2504,1,'vi','plugins/contact/contact','sender_address','??a ch?','2023-01-04 01:11:06','2023-01-04 01:11:06'),(2505,1,'vi','plugins/contact/contact','sender_email','Th? ?i?n t?','2023-01-04 01:11:06','2023-01-04 01:11:06'),(2506,1,'vi','plugins/contact/contact','sender_phone','S? ?i?n tho?i','2023-01-04 01:11:06','2023-01-04 01:11:06'),(2507,1,'vi','plugins/contact/contact','sent_from','Th? ???c g?i t?','2023-01-04 01:11:06','2023-01-04 01:11:06'),(2508,1,'vi','plugins/contact/contact','address','??a ch?','2023-01-04 01:11:06','2023-01-04 01:11:06'),(2509,1,'vi','plugins/contact/contact','message','Liên h?','2023-01-04 01:11:06','2023-01-04 01:11:06'),(2510,1,'vi','plugins/contact/contact','new_msg_notice','B?n c? <span class=\"bold\">:count</span> tin nh?n m?i','2023-01-04 01:11:06','2023-01-04 01:11:06'),(2511,1,'vi','plugins/contact/contact','phone','?i?n tho?i','2023-01-04 01:11:06','2023-01-04 01:11:06'),(2512,1,'vi','plugins/contact/contact','statuses.read','?? ??c','2023-01-04 01:11:06','2023-01-04 01:11:06'),(2513,1,'vi','plugins/contact/contact','statuses.unread','Ch?a ??c','2023-01-04 01:11:06','2023-01-04 01:11:06'),(2514,1,'vi','plugins/contact/contact','view_all','Xem t?t c?','2023-01-04 01:11:06','2023-01-04 01:11:06'),(2515,1,'vi','plugins/contact/contact','settings.email.title','Liên h?','2023-01-04 01:11:06','2023-01-04 01:11:06'),(2516,1,'vi','plugins/contact/contact','settings.email.description','C?u h?nh thông tin cho m?c liên h?','2023-01-04 01:11:06','2023-01-04 01:11:06'),(2517,1,'vi','plugins/contact/contact','settings.email.templates.notice_title','Thông b?o t?i admin','2023-01-04 01:11:06','2023-01-04 01:11:06'),(2518,1,'vi','plugins/contact/contact','settings.email.templates.notice_description','M?u n?i dung email g?i t?i admin khi c? liên h? m?i','2023-01-04 01:11:06','2023-01-04 01:11:06'),(2519,1,'vi','plugins/contact/contact','replies','Tr? l?i','2023-01-04 01:11:06','2023-01-04 01:11:06'),(2520,1,'vi','plugins/contact/contact','form_subject','Tiêu ??','2023-01-04 01:11:06','2023-01-04 01:11:06'),(2521,1,'en','plugins/cookie-consent/cookie-consent','theme_options.name','Cookie Consent','2023-01-04 01:11:06','2023-01-04 01:11:06'),(2522,1,'en','plugins/cookie-consent/cookie-consent','theme_options.description','Cookie consent settings','2023-01-04 01:11:06','2023-01-04 01:11:06'),(2523,1,'en','plugins/cookie-consent/cookie-consent','theme_options.enable','Enable cookie consent?','2023-01-04 01:11:06','2023-01-04 01:11:06'),(2524,1,'en','plugins/cookie-consent/cookie-consent','theme_options.message','Message','2023-01-04 01:11:06','2023-01-04 01:11:06'),(2525,1,'en','plugins/cookie-consent/cookie-consent','theme_options.button_text','Button text','2023-01-04 01:11:06','2023-01-04 01:11:06'),(2526,1,'en','plugins/cookie-consent/cookie-consent','theme_options.max_width','Max width (px)','2023-01-04 01:11:06','2023-01-04 01:11:06'),(2527,1,'en','plugins/cookie-consent/cookie-consent','theme_options.background_color','Background color','2023-01-04 01:11:06','2023-01-04 01:11:06'),(2528,1,'en','plugins/cookie-consent/cookie-consent','theme_options.text_color','Text color','2023-01-04 01:11:06','2023-01-04 01:11:06'),(2529,1,'en','plugins/cookie-consent/cookie-consent','theme_options.learn_more_url','Learn more URL','2023-01-04 01:11:06','2023-01-04 01:11:06'),(2530,1,'en','plugins/cookie-consent/cookie-consent','theme_options.learn_more_text','Learn more text','2023-01-04 01:11:06','2023-01-04 01:11:06'),(2531,1,'en','plugins/cookie-consent/cookie-consent','theme_options.style','Style','2023-01-04 01:11:06','2023-01-04 01:11:06'),(2532,1,'en','plugins/cookie-consent/cookie-consent','theme_options.full_width','Full width','2023-01-04 01:11:06','2023-01-04 01:11:06'),(2533,1,'en','plugins/cookie-consent/cookie-consent','theme_options.minimal','Minimal','2023-01-04 01:11:06','2023-01-04 01:11:06'),(2534,1,'en','plugins/cookie-consent/cookie-consent','message','Your experience on this site will be improved by allowing cookies.','2023-01-04 01:11:06','2023-01-04 01:11:06'),(2535,1,'en','plugins/cookie-consent/cookie-consent','button_text','Allow cookies','2023-01-04 01:11:06','2023-01-04 01:11:06'),(2536,1,'en','plugins/ecommerce/brands','name','Brands','2023-01-04 01:11:06','2023-01-04 01:11:06'),(2537,1,'en','plugins/ecommerce/brands','create','New brand','2023-01-04 01:11:06','2023-01-04 01:11:06'),(2538,1,'en','plugins/ecommerce/brands','edit','Edit brand','2023-01-04 01:11:06','2023-01-04 01:11:06'),(2539,1,'en','plugins/ecommerce/brands','form.name','Name','2023-01-04 01:11:06','2023-01-04 01:11:06'),(2540,1,'en','plugins/ecommerce/brands','form.name_placeholder','Brand\'s name (Maximum 255 characters)','2023-01-04 01:11:06','2023-01-04 01:11:06'),(2541,1,'en','plugins/ecommerce/brands','form.description','Description','2023-01-04 01:11:06','2023-01-04 01:11:06'),(2542,1,'en','plugins/ecommerce/brands','form.description_placeholder','Short description for brand (Maximum 400 characters)','2023-01-04 01:11:06','2023-01-04 01:11:06'),(2543,1,'en','plugins/ecommerce/brands','form.website','Website','2023-01-04 01:11:06','2023-01-04 01:11:06'),(2544,1,'en','plugins/ecommerce/brands','form.logo','Logo','2023-01-04 01:11:06','2023-01-04 01:11:06'),(2545,1,'en','plugins/ecommerce/brands','form.is_featured','Is featured','2023-01-04 01:11:06','2023-01-04 01:11:06'),(2546,1,'en','plugins/ecommerce/brands','logo','Logo','2023-01-04 01:11:06','2023-01-04 01:11:06'),(2547,1,'en','plugins/ecommerce/brands','website','Website','2023-01-04 01:11:06','2023-01-04 01:11:06'),(2548,1,'en','plugins/ecommerce/brands','notices.no_select','Please select at least one record to take this action!','2023-01-04 01:11:06','2023-01-04 01:11:06'),(2549,1,'en','plugins/ecommerce/brands','notices.update_success_message','Update successfully','2023-01-04 01:11:06','2023-01-04 01:11:06'),(2550,1,'en','plugins/ecommerce/brands','cannot_delete','Brand could not be deleted','2023-01-04 01:11:06','2023-01-04 01:11:06'),(2551,1,'en','plugins/ecommerce/brands','brand_deleted','Brand deleted','2023-01-04 01:11:06','2023-01-04 01:11:06'),(2552,1,'en','plugins/ecommerce/brands','menu','Brands','2023-01-04 01:11:06','2023-01-04 01:11:06'),(2553,1,'en','plugins/ecommerce/brands','no_brand','No brand','2023-01-04 01:11:06','2023-01-04 01:11:06'),(2554,1,'en','plugins/ecommerce/brands','intro.title','Manage brands','2023-01-04 01:11:06','2023-01-04 01:11:06'),(2555,1,'en','plugins/ecommerce/brands','intro.description','Manage product brands such as Nike, Adidas, Bitis ...','2023-01-04 01:11:06','2023-01-04 01:11:06'),(2556,1,'en','plugins/ecommerce/brands','intro.button_text','Create brand','2023-01-04 01:11:06','2023-01-04 01:11:06'),(2557,1,'en','plugins/ecommerce/bulk-import','name','Bulk Import','2023-01-04 01:11:06','2023-01-04 01:11:06'),(2558,1,'en','plugins/ecommerce/bulk-import','loading_text','Importing','2023-01-04 01:11:06','2023-01-04 01:11:06'),(2559,1,'en','plugins/ecommerce/bulk-import','imported_successfully','Imported successfully.','2023-01-04 01:11:06','2023-01-04 01:11:06'),(2560,1,'en','plugins/ecommerce/bulk-import','please_choose_the_file_mime','Please choose the file mime :types','2023-01-04 01:11:06','2023-01-04 01:11:06'),(2561,1,'en','plugins/ecommerce/bulk-import','please_choose_the_file','Please choose the file','2023-01-04 01:11:06','2023-01-04 01:11:06'),(2562,1,'en','plugins/ecommerce/bulk-import','start_import','Start Import','2023-01-04 01:11:06','2023-01-04 01:11:06'),(2563,1,'en','plugins/ecommerce/bulk-import','note','Note!','2023-01-04 01:11:06','2023-01-04 01:11:06'),(2564,1,'en','plugins/ecommerce/bulk-import','warning_before_importing','If this is your first time using this feature, please read the documentation or contact the Administrator for access to the correct functionality!','2023-01-04 01:11:06','2023-01-04 01:11:06'),(2565,1,'en','plugins/ecommerce/bulk-import','results','Result: :success successes, :failed failures','2023-01-04 01:11:06','2023-01-04 01:11:06'),(2566,1,'en','plugins/ecommerce/bulk-import','failures','Failures','2023-01-04 01:11:06','2023-01-04 01:11:06'),(2567,1,'en','plugins/ecommerce/bulk-import','tables.import','Import','2023-01-04 01:11:06','2023-01-04 01:11:06'),(2568,1,'en','plugins/ecommerce/bulk-import','template','Template','2023-01-04 01:11:06','2023-01-04 01:11:06'),(2569,1,'en','plugins/ecommerce/bulk-import','rules','Rules','2023-01-04 01:11:06','2023-01-04 01:11:06'),(2570,1,'en','plugins/ecommerce/bulk-import','choose_file_with_mime','Choose file with mime: (:types)','2023-01-04 01:11:06','2023-01-04 01:11:06'),(2571,1,'en','plugins/ecommerce/bulk-import','choose_file','Choose file','2023-01-04 01:11:06','2023-01-04 01:11:06'),(2572,1,'en','plugins/ecommerce/bulk-import','menu','Import products','2023-01-04 01:11:06','2023-01-04 01:11:06'),(2573,1,'en','plugins/ecommerce/bulk-import','download-csv-file','Download CSV template','2023-01-04 01:11:06','2023-01-04 01:11:06'),(2574,1,'en','plugins/ecommerce/bulk-import','download-excel-file','Download Excel template','2023-01-04 01:11:06','2023-01-04 01:11:06'),(2575,1,'en','plugins/ecommerce/bulk-import','downloading','Downloading...','2023-01-04 01:11:06','2023-01-04 01:11:06'),(2576,1,'en','plugins/ecommerce/bulk-import','export.template.input_error','Input error','2023-01-04 01:11:06','2023-01-04 01:11:06'),(2577,1,'en','plugins/ecommerce/bulk-import','export.template.number_not_allowed','Number is not allowed!','2023-01-04 01:11:06','2023-01-04 01:11:06'),(2578,1,'en','plugins/ecommerce/bulk-import','export.template.allowed_input','Allowed input','2023-01-04 01:11:06','2023-01-04 01:11:06'),(2579,1,'en','plugins/ecommerce/bulk-import','export.template.prompt_decimal','Only numbers or decimals are accepted and greater than or equal to :min.','2023-01-04 01:11:06','2023-01-04 01:11:06'),(2580,1,'en','plugins/ecommerce/bulk-import','export.template.prompt_whole_number','Only numbers are accepted and greater than or equal to :min.','2023-01-04 01:11:06','2023-01-04 01:11:06'),(2581,1,'en','plugins/ecommerce/bulk-import','export.template.prompt_list','Please pick a value from the drop-down list.','2023-01-04 01:11:06','2023-01-04 01:11:06'),(2582,1,'en','plugins/ecommerce/bulk-import','export.template.pick_from_list','Pick from list','2023-01-04 01:11:06','2023-01-04 01:11:06'),(2583,1,'en','plugins/ecommerce/bulk-import','export.template.value_not_in_list','Value is not in list.','2023-01-04 01:11:06','2023-01-04 01:11:06'),(2584,1,'en','plugins/ecommerce/bulk-import','import_failed_description','Import failed, please check the errors below!','2023-01-04 01:11:06','2023-01-04 01:11:06'),(2585,1,'en','plugins/ecommerce/currency','currencies','Currencies','2023-01-04 01:11:06','2023-01-04 01:11:06'),(2586,1,'en','plugins/ecommerce/currency','setting_description','List of currencies using on website','2023-01-04 01:11:06','2023-01-04 01:11:06'),(2587,1,'en','plugins/ecommerce/currency','name','Name','2023-01-04 01:11:06','2023-01-04 01:11:06'),(2588,1,'en','plugins/ecommerce/currency','symbol','Symbol','2023-01-04 01:11:06','2023-01-04 01:11:06'),(2589,1,'en','plugins/ecommerce/currency','number_of_decimals','Number of decimals','2023-01-04 01:11:06','2023-01-04 01:11:06'),(2590,1,'en','plugins/ecommerce/currency','exchange_rate','Exchange rate','2023-01-04 01:11:06','2023-01-04 01:11:06'),(2591,1,'en','plugins/ecommerce/currency','is_prefix_symbol','Position of symbol','2023-01-04 01:11:06','2023-01-04 01:11:06'),(2592,1,'en','plugins/ecommerce/currency','is_default','Is default?','2023-01-04 01:11:06','2023-01-04 01:11:06'),(2593,1,'en','plugins/ecommerce/currency','remove','Remove','2023-01-04 01:11:06','2023-01-04 01:11:06'),(2594,1,'en','plugins/ecommerce/currency','new_currency','Add a new currency','2023-01-04 01:11:06','2023-01-04 01:11:06'),(2595,1,'en','plugins/ecommerce/currency','save_settings','Save settings','2023-01-04 01:11:06','2023-01-04 01:11:06'),(2596,1,'en','plugins/ecommerce/currency','before_number','Before number','2023-01-04 01:11:06','2023-01-04 01:11:06'),(2597,1,'en','plugins/ecommerce/currency','after_number','After number','2023-01-04 01:11:06','2023-01-04 01:11:06'),(2598,1,'en','plugins/ecommerce/currency','require_at_least_one_currency','The system requires at least one currency!','2023-01-04 01:11:06','2023-01-04 01:11:06'),(2599,1,'en','plugins/ecommerce/currency','enable_auto_detect_visitor_currency','Enable auto-detect visitor currency?','2023-01-04 01:11:06','2023-01-04 01:11:06'),(2600,1,'en','plugins/ecommerce/currency','add_space_between_price_and_currency','Add a space between price and currency?','2023-01-04 01:11:06','2023-01-04 01:11:06'),(2601,1,'en','plugins/ecommerce/currency','invalid_currency_name','Invalid currency code, it must be in :currencies.','2023-01-04 01:11:06','2023-01-04 01:11:06'),(2602,1,'en','plugins/ecommerce/currency','instruction','Please check list currency code here: https://en.wikipedia.org/wiki/ISO_4217','2023-01-04 01:11:06','2023-01-04 01:11:06'),(2603,1,'en','plugins/ecommerce/currency','code','Code','2023-01-04 01:11:06','2023-01-04 01:11:06'),(2604,1,'en','plugins/ecommerce/customer','name','Customers','2023-01-04 01:11:06','2023-01-04 01:11:06'),(2605,1,'en','plugins/ecommerce/customer','create','Create a customer','2023-01-04 01:11:06','2023-01-04 01:11:06'),(2606,1,'en','plugins/ecommerce/customer','edit','Edit customer \":name\"','2023-01-04 01:11:06','2023-01-04 01:11:06'),(2607,1,'en','plugins/ecommerce/customer','email','Email','2023-01-04 01:11:06','2023-01-04 01:11:06'),(2608,1,'en','plugins/ecommerce/customer','email_placeholder','Ex: example@gmail.com','2023-01-04 01:11:06','2023-01-04 01:11:06'),(2609,1,'en','plugins/ecommerce/customer','password','Password','2023-01-04 01:11:06','2023-01-04 01:11:06'),(2610,1,'en','plugins/ecommerce/customer','change_password','Change password?','2023-01-04 01:11:06','2023-01-04 01:11:06'),(2611,1,'en','plugins/ecommerce/customer','password_confirmation','Password confirmation','2023-01-04 01:11:06','2023-01-04 01:11:06'),(2612,1,'en','plugins/ecommerce/customer','intro.title','Manage customers','2023-01-04 01:11:06','2023-01-04 01:11:06'),(2613,1,'en','plugins/ecommerce/customer','intro.description','When a customer buy your product(s), you will know their order histories.','2023-01-04 01:11:06','2023-01-04 01:11:06'),(2614,1,'en','plugins/ecommerce/customer','intro.button_text','Create customer','2023-01-04 01:11:06','2023-01-04 01:11:06'),(2615,1,'en','plugins/ecommerce/customer','phone','Phone','2023-01-04 01:11:06','2023-01-04 01:11:06'),(2616,1,'en','plugins/ecommerce/customer','phone_placeholder','Phone','2023-01-04 01:11:06','2023-01-04 01:11:06'),(2617,1,'en','plugins/ecommerce/customer','avatar','Avatar','2023-01-04 01:11:06','2023-01-04 01:11:06'),(2618,1,'en','plugins/ecommerce/customer','dob','Date of birth','2023-01-04 01:11:06','2023-01-04 01:11:06'),(2619,1,'en','plugins/ecommerce/customer','statuses.activated','Activated','2023-01-04 01:11:06','2023-01-04 01:11:06'),(2620,1,'en','plugins/ecommerce/customer','statuses.locked','Locked','2023-01-04 01:11:06','2023-01-04 01:11:06'),(2621,1,'en','plugins/ecommerce/customer','email_verified','Email verified?','2023-01-04 01:11:06','2023-01-04 01:11:06'),(2622,1,'en','plugins/ecommerce/discount','name','Discounts','2023-01-04 01:11:06','2023-01-04 01:11:06'),(2623,1,'en','plugins/ecommerce/discount','create','Create discount','2023-01-04 01:11:06','2023-01-04 01:11:06'),(2624,1,'en','plugins/ecommerce/discount','invalid_coupon','This coupon is invalid or expired!','2023-01-04 01:11:06','2023-01-04 01:11:06'),(2625,1,'en','plugins/ecommerce/discount','cannot_use_same_time_with_other_discount_program','Cannot use this coupon in the same time with other discount program!','2023-01-04 01:11:06','2023-01-04 01:11:06'),(2626,1,'en','plugins/ecommerce/discount','not_used','This coupon is not used yet!','2023-01-04 01:11:06','2023-01-04 01:11:06'),(2627,1,'en','plugins/ecommerce/discount','detail','Detail','2023-01-04 01:11:06','2023-01-04 01:11:06'),(2628,1,'en','plugins/ecommerce/discount','used','Used','2023-01-04 01:11:06','2023-01-04 01:11:06'),(2629,1,'en','plugins/ecommerce/discount','intro.title','Manage discount/coupon code','2023-01-04 01:11:06','2023-01-04 01:11:06'),(2630,1,'en','plugins/ecommerce/discount','intro.description','Create coupon code or promotion for your products.','2023-01-04 01:11:06','2023-01-04 01:11:06'),(2631,1,'en','plugins/ecommerce/discount','intro.button_text','Create discount','2023-01-04 01:11:06','2023-01-04 01:11:06'),(2632,1,'en','plugins/ecommerce/discount','expired','Expired','2023-01-04 01:11:06','2023-01-04 01:11:06'),(2633,1,'en','plugins/ecommerce/discount','discount_promotion','Discount promotion','2023-01-04 01:11:06','2023-01-04 01:11:06'),(2634,1,'en','plugins/ecommerce/discount','can','can','2023-01-04 01:11:06','2023-01-04 01:11:06'),(2635,1,'en','plugins/ecommerce/discount','cannot','cannot','2023-01-04 01:11:06','2023-01-04 01:11:06'),(2636,1,'en','plugins/ecommerce/discount','use_with_promotion','be used with promotion','2023-01-04 01:11:06','2023-01-04 01:11:06'),(2637,1,'en','plugins/ecommerce/discount','create_discount_validate_title_required_if','Please enter the name of the promotion','2023-01-04 01:11:06','2023-01-04 01:11:06'),(2638,1,'en','plugins/ecommerce/discount','create_discount_validate_code_required_if','Please enter the promotion code','2023-01-04 01:11:07','2023-01-04 01:11:07'),(2639,1,'en','plugins/ecommerce/discount','create_discount_validate_value_required','Amount must be greater than 0','2023-01-04 01:11:07','2023-01-04 01:11:07'),(2640,1,'en','plugins/ecommerce/discount','create_discount_validate_target_required','No object selected for promotion','2023-01-04 01:11:07','2023-01-04 01:11:07'),(2641,1,'en','plugins/ecommerce/discount','enums.type-options.amount','Amount - Fixed','2023-01-04 01:11:07','2023-01-04 01:11:07'),(2642,1,'en','plugins/ecommerce/discount','enums.type-options.percentage','Discount %','2023-01-04 01:11:07','2023-01-04 01:11:07'),(2643,1,'en','plugins/ecommerce/discount','enums.type-options.shipping','Free shipping','2023-01-04 01:11:07','2023-01-04 01:11:07'),(2644,1,'en','plugins/ecommerce/discount','enums.type-options.same-price','Same price','2023-01-04 01:11:07','2023-01-04 01:11:07'),(2645,1,'en','plugins/ecommerce/discount','discount','Discount','2023-01-04 01:11:07','2023-01-04 01:11:07'),(2646,1,'en','plugins/ecommerce/discount','create_coupon_code','Create coupon code','2023-01-04 01:11:07','2023-01-04 01:11:07'),(2647,1,'en','plugins/ecommerce/discount','create_discount_promotion','Create discount promotion','2023-01-04 01:11:07','2023-01-04 01:11:07'),(2648,1,'en','plugins/ecommerce/discount','generate_coupon_code','Generate coupon code','2023-01-04 01:11:07','2023-01-04 01:11:07'),(2649,1,'en','plugins/ecommerce/discount','customers_will_enter_this_coupon_code_when_they_checkout','Customers will enter this coupon code when they checkout','2023-01-04 01:11:07','2023-01-04 01:11:07'),(2650,1,'en','plugins/ecommerce/discount','select_type_of_discount','Select type of discount','2023-01-04 01:11:07','2023-01-04 01:11:07'),(2651,1,'en','plugins/ecommerce/discount','coupon_code','Coupon code','2023-01-04 01:11:07','2023-01-04 01:11:07'),(2652,1,'en','plugins/ecommerce/discount','promotion','Promotion','2023-01-04 01:11:07','2023-01-04 01:11:07'),(2653,1,'en','plugins/ecommerce/discount','can_be_used_with_promotion','Can be used with promotion','2023-01-04 01:11:07','2023-01-04 01:11:07'),(2654,1,'en','plugins/ecommerce/discount','unlimited_coupon','Unlimited coupon','2023-01-04 01:11:07','2023-01-04 01:11:07'),(2655,1,'en','plugins/ecommerce/discount','enter_number','Enter number','2023-01-04 01:11:07','2023-01-04 01:11:07'),(2656,1,'en','plugins/ecommerce/discount','coupon_type','Coupon type','2023-01-04 01:11:07','2023-01-04 01:11:07'),(2657,1,'en','plugins/ecommerce/discount','percentage_discount','Percentage discount (%)','2023-01-04 01:11:07','2023-01-04 01:11:07'),(2658,1,'en','plugins/ecommerce/discount','free_shipping','Free shipping','2023-01-04 01:11:07','2023-01-04 01:11:07'),(2659,1,'en','plugins/ecommerce/discount','same_price','Same price','2023-01-04 01:11:07','2023-01-04 01:11:07'),(2660,1,'en','plugins/ecommerce/discount','apply_for','apply for','2023-01-04 01:11:07','2023-01-04 01:11:07'),(2661,1,'en','plugins/ecommerce/discount','all_orders','All orders','2023-01-04 01:11:07','2023-01-04 01:11:07'),(2662,1,'en','plugins/ecommerce/discount','order_amount_from','Order amount from','2023-01-04 01:11:07','2023-01-04 01:11:07'),(2663,1,'en','plugins/ecommerce/discount','product_collection','Product collection','2023-01-04 01:11:07','2023-01-04 01:11:07'),(2664,1,'en','plugins/ecommerce/discount','product','Product','2023-01-04 01:11:07','2023-01-04 01:11:07'),(2665,1,'en','plugins/ecommerce/discount','customer','Customer','2023-01-04 01:11:07','2023-01-04 01:11:07'),(2666,1,'en','plugins/ecommerce/discount','variant','Variant','2023-01-04 01:11:07','2023-01-04 01:11:07'),(2667,1,'en','plugins/ecommerce/discount','search_product','Search product','2023-01-04 01:11:07','2023-01-04 01:11:07'),(2668,1,'en','plugins/ecommerce/discount','no_products_found','No products found!','2023-01-04 01:11:07','2023-01-04 01:11:07'),(2669,1,'en','plugins/ecommerce/discount','search_customer','Search customer','2023-01-04 01:11:07','2023-01-04 01:11:07'),(2670,1,'en','plugins/ecommerce/discount','no_customer_found','No customer found!','2023-01-04 01:11:07','2023-01-04 01:11:07'),(2671,1,'en','plugins/ecommerce/discount','one_time_per_order','One time per order','2023-01-04 01:11:07','2023-01-04 01:11:07'),(2672,1,'en','plugins/ecommerce/discount','one_time_per_product_in_cart','One time per product in cart','2023-01-04 01:11:07','2023-01-04 01:11:07'),(2673,1,'en','plugins/ecommerce/discount','number_of_products','Number of products required to apply','2023-01-04 01:11:07','2023-01-04 01:11:07'),(2674,1,'en','plugins/ecommerce/discount','selected_products','Selected products','2023-01-04 01:11:07','2023-01-04 01:11:07'),(2675,1,'en','plugins/ecommerce/discount','selected_customers','Selected customers','2023-01-04 01:11:07','2023-01-04 01:11:07'),(2676,1,'en','plugins/ecommerce/discount','time','Time','2023-01-04 01:11:07','2023-01-04 01:11:07'),(2677,1,'en','plugins/ecommerce/discount','start_date','Start date','2023-01-04 01:11:07','2023-01-04 01:11:07'),(2678,1,'en','plugins/ecommerce/discount','end_date','End date','2023-01-04 01:11:07','2023-01-04 01:11:07'),(2679,1,'en','plugins/ecommerce/discount','never_expired','Never expired','2023-01-04 01:11:07','2023-01-04 01:11:07'),(2680,1,'en','plugins/ecommerce/discount','save','Save','2023-01-04 01:11:07','2023-01-04 01:11:07'),(2681,1,'en','plugins/ecommerce/discount','enter_promotion_name','Enter promotion name','2023-01-04 01:11:07','2023-01-04 01:11:07'),(2682,1,'en','plugins/ecommerce/discount','enter_coupon_name','Enter coupon name','2023-01-04 01:11:07','2023-01-04 01:11:07'),(2683,1,'en','plugins/ecommerce/discount','cancel','Cancel','2023-01-04 01:11:07','2023-01-04 01:11:07'),(2684,1,'en','plugins/ecommerce/discount','is','Is','2023-01-04 01:11:07','2023-01-04 01:11:07'),(2685,1,'en','plugins/ecommerce/discount','when_shipping_fee_less_than','when shipping fee less than','2023-01-04 01:11:07','2023-01-04 01:11:07'),(2686,1,'en','plugins/ecommerce/discount','minimum_order_amount_error','You are under :minimum_amount to apply the coupon, you must add :add_more more items to your cart','2023-01-04 01:11:07','2023-01-04 01:11:07'),(2687,1,'en','plugins/ecommerce/ecommerce','settings','Settings','2023-01-04 01:11:07','2023-01-04 01:11:07'),(2688,1,'en','plugins/ecommerce/ecommerce','name','Ecommerce','2023-01-04 01:11:07','2023-01-04 01:11:07'),(2689,1,'en','plugins/ecommerce/ecommerce','setting.email.title','E-commerce','2023-01-04 01:11:07','2023-01-04 01:11:07'),(2690,1,'en','plugins/ecommerce/ecommerce','setting.email.description','Ecommerce email config','2023-01-04 01:11:07','2023-01-04 01:11:07'),(2691,1,'en','plugins/ecommerce/ecommerce','setting.email.order_confirm_subject','Subject of order confirmation email','2023-01-04 01:11:07','2023-01-04 01:11:07'),(2692,1,'en','plugins/ecommerce/ecommerce','setting.email.order_confirm_subject_placeholder','The subject of email confirmation send to the customer','2023-01-04 01:11:07','2023-01-04 01:11:07'),(2693,1,'en','plugins/ecommerce/ecommerce','setting.email.order_confirm_content','Content of order confirmation email','2023-01-04 01:11:07','2023-01-04 01:11:07'),(2694,1,'en','plugins/ecommerce/ecommerce','setting.email.order_status_change_subject','Subject of email when changing order\'s status','2023-01-04 01:11:07','2023-01-04 01:11:07'),(2695,1,'en','plugins/ecommerce/ecommerce','setting.email.order_status_change_subject_placeholder','Subject of email when changing order\'s status send to customer','2023-01-04 01:11:07','2023-01-04 01:11:07'),(2696,1,'en','plugins/ecommerce/ecommerce','setting.email.order_status_change_content','Content of email when changing order\'s status','2023-01-04 01:11:07','2023-01-04 01:11:07'),(2697,1,'en','plugins/ecommerce/ecommerce','setting.email.from_email','Email from','2023-01-04 01:11:07','2023-01-04 01:11:07'),(2698,1,'en','plugins/ecommerce/ecommerce','setting.email.from_email_placeholder','Email from address to display in mail. Ex: example@gmail.com','2023-01-04 01:11:07','2023-01-04 01:11:07'),(2699,1,'en','plugins/ecommerce/ecommerce','setting.title','Basic information','2023-01-04 01:11:07','2023-01-04 01:11:07'),(2700,1,'en','plugins/ecommerce/ecommerce','setting.state','State','2023-01-04 01:11:07','2023-01-04 01:11:07'),(2701,1,'en','plugins/ecommerce/ecommerce','setting.city','City','2023-01-04 01:11:07','2023-01-04 01:11:07'),(2702,1,'en','plugins/ecommerce/ecommerce','setting.country','Country','2023-01-04 01:11:07','2023-01-04 01:11:07'),(2703,1,'en','plugins/ecommerce/ecommerce','setting.weight_unit_gram','Gram (g)','2023-01-04 01:11:07','2023-01-04 01:11:07'),(2704,1,'en','plugins/ecommerce/ecommerce','setting.weight_unit_kilogram','Kilogram (kg)','2023-01-04 01:11:07','2023-01-04 01:11:07'),(2705,1,'en','plugins/ecommerce/ecommerce','setting.weight_unit_lb','Pound (lb)','2023-01-04 01:11:07','2023-01-04 01:11:07'),(2706,1,'en','plugins/ecommerce/ecommerce','setting.weight_unit_oz','Ounce (oz)','2023-01-04 01:11:07','2023-01-04 01:11:07'),(2707,1,'en','plugins/ecommerce/ecommerce','setting.height_unit_cm','Centimeter (cm)','2023-01-04 01:11:07','2023-01-04 01:11:07'),(2708,1,'en','plugins/ecommerce/ecommerce','setting.height_unit_m','Meter (m)','2023-01-04 01:11:07','2023-01-04 01:11:07'),(2709,1,'en','plugins/ecommerce/ecommerce','setting.height_unit_inch','Inch','2023-01-04 01:11:07','2023-01-04 01:11:07'),(2710,1,'en','plugins/ecommerce/ecommerce','setting.store_locator_title','Store locators','2023-01-04 01:11:07','2023-01-04 01:11:07'),(2711,1,'en','plugins/ecommerce/ecommerce','setting.store_locator_description','All the lists of your chains, main stores, branches, etc. The locations can be used to track sales and to help us configure tax rates to charge when selling products.','2023-01-04 01:11:07','2023-01-04 01:11:07'),(2712,1,'en','plugins/ecommerce/ecommerce','setting.phone','Phone','2023-01-04 01:11:07','2023-01-04 01:11:07'),(2713,1,'en','plugins/ecommerce/ecommerce','setting.address','Address','2023-01-04 01:11:07','2023-01-04 01:11:07'),(2714,1,'en','plugins/ecommerce/ecommerce','setting.is_primary','Primary?','2023-01-04 01:11:07','2023-01-04 01:11:07'),(2715,1,'en','plugins/ecommerce/ecommerce','setting.add_new','Add new','2023-01-04 01:11:07','2023-01-04 01:11:07'),(2716,1,'en','plugins/ecommerce/ecommerce','setting.or','Or','2023-01-04 01:11:07','2023-01-04 01:11:07'),(2717,1,'en','plugins/ecommerce/ecommerce','setting.change_primary_store','change default store locator','2023-01-04 01:11:07','2023-01-04 01:11:07'),(2718,1,'en','plugins/ecommerce/ecommerce','setting.other_settings','Other settings','2023-01-04 01:11:07','2023-01-04 01:11:07'),(2719,1,'en','plugins/ecommerce/ecommerce','setting.other_settings_description','Settings for cart, review...','2023-01-04 01:11:07','2023-01-04 01:11:07'),(2720,1,'en','plugins/ecommerce/ecommerce','setting.enable_cart','Enable shopping cart?','2023-01-04 01:11:07','2023-01-04 01:11:07'),(2721,1,'en','plugins/ecommerce/ecommerce','setting.enable_tax','Enable tax?','2023-01-04 01:11:07','2023-01-04 01:11:07'),(2722,1,'en','plugins/ecommerce/ecommerce','setting.display_product_price_including_taxes','Display product price including taxes?','2023-01-04 01:11:07','2023-01-04 01:11:07'),(2723,1,'en','plugins/ecommerce/ecommerce','setting.enable_review','Enable review?','2023-01-04 01:11:07','2023-01-04 01:11:07'),(2724,1,'en','plugins/ecommerce/ecommerce','setting.enable_quick_buy_button','Enable quick buy button?','2023-01-04 01:11:07','2023-01-04 01:11:07'),(2725,1,'en','plugins/ecommerce/ecommerce','setting.quick_buy_target','Quick buy target page?','2023-01-04 01:11:07','2023-01-04 01:11:07'),(2726,1,'en','plugins/ecommerce/ecommerce','setting.checkout_page','Checkout page','2023-01-04 01:11:07','2023-01-04 01:11:07'),(2727,1,'en','plugins/ecommerce/ecommerce','setting.cart_page','Cart page','2023-01-04 01:11:07','2023-01-04 01:11:07'),(2728,1,'en','plugins/ecommerce/ecommerce','setting.add_location','Add location','2023-01-04 01:11:07','2023-01-04 01:11:07'),(2729,1,'en','plugins/ecommerce/ecommerce','setting.edit_location','Edit location','2023-01-04 01:11:07','2023-01-04 01:11:07'),(2730,1,'en','plugins/ecommerce/ecommerce','setting.delete_location','Delete location','2023-01-04 01:11:07','2023-01-04 01:11:07'),(2731,1,'en','plugins/ecommerce/ecommerce','setting.change_primary_location','Change primary location','2023-01-04 01:11:07','2023-01-04 01:11:07'),(2732,1,'en','plugins/ecommerce/ecommerce','setting.delete_location_confirmation','Are you sure you want to delete this location? This action cannot be undo.','2023-01-04 01:11:07','2023-01-04 01:11:07'),(2733,1,'en','plugins/ecommerce/ecommerce','setting.save_location','Save location','2023-01-04 01:11:07','2023-01-04 01:11:07'),(2734,1,'en','plugins/ecommerce/ecommerce','setting.accept','Accept','2023-01-04 01:11:07','2023-01-04 01:11:07'),(2735,1,'en','plugins/ecommerce/ecommerce','setting.select_country','Select country...','2023-01-04 01:11:07','2023-01-04 01:11:07'),(2736,1,'en','plugins/ecommerce/ecommerce','setting.zip_code_enabled','Enable Zip Code?','2023-01-04 01:11:07','2023-01-04 01:11:07'),(2737,1,'en','plugins/ecommerce/ecommerce','setting.thousands_separator','Thousands separator','2023-01-04 01:11:07','2023-01-04 01:11:07'),(2738,1,'en','plugins/ecommerce/ecommerce','setting.decimal_separator','Decimal separator','2023-01-04 01:11:07','2023-01-04 01:11:07'),(2739,1,'en','plugins/ecommerce/ecommerce','setting.separator_period','Period (.)','2023-01-04 01:11:07','2023-01-04 01:11:07'),(2740,1,'en','plugins/ecommerce/ecommerce','setting.separator_comma','Comma (,)','2023-01-04 01:11:07','2023-01-04 01:11:07'),(2741,1,'en','plugins/ecommerce/ecommerce','setting.separator_space','Space ( )','2023-01-04 01:11:07','2023-01-04 01:11:07'),(2742,1,'en','plugins/ecommerce/ecommerce','setting.available_countries','Available countries','2023-01-04 01:11:07','2023-01-04 01:11:07'),(2743,1,'en','plugins/ecommerce/ecommerce','setting.all','All','2023-01-04 01:11:07','2023-01-04 01:11:07'),(2744,1,'en','plugins/ecommerce/ecommerce','setting.verify_customer_email','Verify customer\'s email?','2023-01-04 01:11:07','2023-01-04 01:11:07'),(2745,1,'en','plugins/ecommerce/ecommerce','setting.minimum_order_amount','Minimum order amount to place an order (:currency).','2023-01-04 01:11:07','2023-01-04 01:11:07'),(2746,1,'en','plugins/ecommerce/ecommerce','setting.enable_guest_checkout','Enable guest checkout?','2023-01-04 01:11:07','2023-01-04 01:11:07'),(2747,1,'en','plugins/ecommerce/ecommerce','setting.show_number_of_products','Show number of products in the product single','2023-01-04 01:11:07','2023-01-04 01:11:07'),(2748,1,'en','plugins/ecommerce/ecommerce','setting.payment_method_cod_minimum_amount','Minimum order amount - :currency (Optional)','2023-01-04 01:11:07','2023-01-04 01:11:07'),(2749,1,'en','plugins/ecommerce/ecommerce','setting.review.max_file_size','Review max file size (MB)','2023-01-04 01:11:07','2023-01-04 01:11:07'),(2750,1,'en','plugins/ecommerce/ecommerce','setting.review.max_file_number','Review max file number','2023-01-04 01:11:07','2023-01-04 01:11:07'),(2751,1,'en','plugins/ecommerce/ecommerce','setting.using_custom_font_for_invoice','Using custom font for invoice?','2023-01-04 01:11:07','2023-01-04 01:11:07'),(2752,1,'en','plugins/ecommerce/ecommerce','setting.invoice_font_family','Invoice font family (Only work for Latin language)','2023-01-04 01:11:07','2023-01-04 01:11:07'),(2753,1,'en','plugins/ecommerce/ecommerce','setting.enable_invoice_stamp','Enable invoice stamp?','2023-01-04 01:11:07','2023-01-04 01:11:07'),(2754,1,'en','plugins/ecommerce/ecommerce','setting.invoice_support_arabic_language','Support Arabic language in invoice?','2023-01-04 01:11:07','2023-01-04 01:11:07'),(2755,1,'en','plugins/ecommerce/ecommerce','setting.make_phone_field_at_the_checkout_optional','Make phone field at the checkout optional?','2023-01-04 01:11:07','2023-01-04 01:11:07'),(2756,1,'en','plugins/ecommerce/ecommerce','setting.disable_order_invoice_until_order_confirmed','Disable order invoice until order confirmed?','2023-01-04 01:11:07','2023-01-04 01:11:07'),(2757,1,'en','plugins/ecommerce/ecommerce','setting.vat_number','VAT number','2023-01-04 01:11:07','2023-01-04 01:11:07'),(2758,1,'en','plugins/ecommerce/ecommerce','setting.enable_recaptcha_in_register_page','Enable Recaptcha in the registration page?','2023-01-04 01:11:07','2023-01-04 01:11:07'),(2759,1,'en','plugins/ecommerce/ecommerce','setting.enable_recaptcha_in_register_page_description','Need to setup Captcha in Admin -> Settings -> General first.','2023-01-04 01:11:07','2023-01-04 01:11:07'),(2760,1,'en','plugins/ecommerce/ecommerce','setting.show_out_of_stock_products','Show out of stock products?','2023-01-04 01:11:07','2023-01-04 01:11:07'),(2761,1,'en','plugins/ecommerce/ecommerce','setting.default_tax_rate','Default tax rate','2023-01-04 01:11:07','2023-01-04 01:11:07'),(2762,1,'en','plugins/ecommerce/ecommerce','setting.default_tax_rate_description','Important: it will be applied if no tax selected in product.','2023-01-04 01:11:07','2023-01-04 01:11:07'),(2763,1,'en','plugins/ecommerce/ecommerce','setting.how_to_display_product_variation_images','How to display product variation images?','2023-01-04 01:11:07','2023-01-04 01:11:07'),(2764,1,'en','plugins/ecommerce/ecommerce','setting.only_variation_images','Only variation images','2023-01-04 01:11:07','2023-01-04 01:11:07'),(2765,1,'en','plugins/ecommerce/ecommerce','setting.variation_images_and_main_product_images','Variation images + main product images','2023-01-04 01:11:07','2023-01-04 01:11:07'),(2766,1,'en','plugins/ecommerce/ecommerce','setting.load_countries_states_cities_from_location_plugin','Load countries, states, cities from plugin location?','2023-01-04 01:11:07','2023-01-04 01:11:07'),(2767,1,'en','plugins/ecommerce/ecommerce','setting.enable_wishlist','Enable wishlist?','2023-01-04 01:11:07','2023-01-04 01:11:07'),(2768,1,'en','plugins/ecommerce/ecommerce','setting.enable_compare','Enable compare?','2023-01-04 01:11:07','2023-01-04 01:11:07'),(2769,1,'en','plugins/ecommerce/ecommerce','setting.enable_order_tracking','Enable order tracking?','2023-01-04 01:11:07','2023-01-04 01:11:07'),(2770,1,'en','plugins/ecommerce/ecommerce','setting.recently_viewed.enable','Enable customer recently viewed products?','2023-01-04 01:11:07','2023-01-04 01:11:07'),(2771,1,'en','plugins/ecommerce/ecommerce','setting.recently_viewed.max','Maximum number of customer recently viewed products','2023-01-04 01:11:07','2023-01-04 01:11:07'),(2772,1,'en','plugins/ecommerce/ecommerce','setting.recently_viewed.max_helper','If you set 0, it will save all products.','2023-01-04 01:11:07','2023-01-04 01:11:07'),(2773,1,'en','plugins/ecommerce/ecommerce','setting.search_products','Search products','2023-01-04 01:11:07','2023-01-04 01:11:07'),(2774,1,'en','plugins/ecommerce/ecommerce','setting.search_products_description','Config rules to search products','2023-01-04 01:11:07','2023-01-04 01:11:07'),(2775,1,'en','plugins/ecommerce/ecommerce','setting.search_for_an_exact_phrase','Search for an exact phrase?','2023-01-04 01:11:07','2023-01-04 01:11:07'),(2776,1,'en','plugins/ecommerce/ecommerce','setting.search_products_by','Search products by:','2023-01-04 01:11:07','2023-01-04 01:11:07'),(2777,1,'en','plugins/ecommerce/ecommerce','setting.tracking_settings','Tracking settings','2023-01-04 01:11:07','2023-01-04 01:11:07'),(2778,1,'en','plugins/ecommerce/ecommerce','setting.tracking_settings_description','Manage tracking: UTM, Facebook, Google Tag Manager...','2023-01-04 01:11:07','2023-01-04 01:11:07'),(2779,1,'en','plugins/ecommerce/ecommerce','setting.enable_facebook_pixel','Enable Facebook Pixel (Meta Pixel)?','2023-01-04 01:11:07','2023-01-04 01:11:07'),(2780,1,'en','plugins/ecommerce/ecommerce','setting.facebook_pixel_id','Facebook Pixel ID','2023-01-04 01:11:07','2023-01-04 01:11:07'),(2781,1,'en','plugins/ecommerce/ecommerce','setting.facebook_pixel_helper','Go to https://developers.facebook.com/docs/meta-pixel to create Facebook Pixel.','2023-01-04 01:11:07','2023-01-04 01:11:07'),(2782,1,'en','plugins/ecommerce/ecommerce','setting.enable_google_tag_manager','Enable Google Tag Manager?','2023-01-04 01:11:07','2023-01-04 01:11:07'),(2783,1,'en','plugins/ecommerce/ecommerce','setting.google_tag_manager_code','Google Tag Mana\n        ger code','2023-01-04 01:11:07','2023-01-04 01:11:07'),(2784,1,'en','plugins/ecommerce/ecommerce','setting.google_tag_manager_helper','Go to https://ads.google.com/aw/conversions to create Google Ads Conversions.','2023-01-04 01:11:07','2023-01-04 01:11:07'),(2785,1,'en','plugins/ecommerce/ecommerce','setting.webhook','Webhook','2023-01-04 01:11:07','2023-01-04 01:11:07'),(2786,1,'en','plugins/ecommerce/ecommerce','setting.webhook_description','Send webhook when order placed.','2023-01-04 01:11:07','2023-01-04 01:11:07'),(2787,1,'en','plugins/ecommerce/ecommerce','setting.order_placed_webhook_url','Order placed webhook URL (method: POST)','2023-01-04 01:11:07','2023-01-04 01:11:07'),(2788,1,'en','plugins/ecommerce/ecommerce','setting.return_request','Return Request','2023-01-04 01:11:07','2023-01-04 01:11:07'),(2789,1,'en','plugins/ecommerce/ecommerce','setting.return_request_description','Number of days a customer can request a return after the order is completed.','2023-01-04 01:11:07','2023-01-04 01:11:07'),(2790,1,'en','plugins/ecommerce/ecommerce','setting.returnable_days','Refundable days','2023-01-04 01:11:07','2023-01-04 01:11:07'),(2791,1,'en','plugins/ecommerce/ecommerce','setting.billing_address_enabled','Enable billing address?','2023-01-04 01:11:07','2023-01-04 01:11:07'),(2792,1,'en','plugins/ecommerce/ecommerce','setting.activate_custom_return_product_quantity','Activate custom return product quantity?','2023-01-04 01:11:07','2023-01-04 01:11:07'),(2793,1,'en','plugins/ecommerce/ecommerce','setting.activate_custom_return_product_quantity_description','Allow customer to change the quantity of the product they want to return.','2023-01-04 01:11:07','2023-01-04 01:11:07'),(2794,1,'en','plugins/ecommerce/ecommerce','setting.digital_product','Digital product','2023-01-04 01:11:07','2023-01-04 01:11:07'),(2795,1,'en','plugins/ecommerce/ecommerce','setting.digital_product_title','Is enabled to support the digital products?','2023-01-04 01:11:07','2023-01-04 01:11:07'),(2796,1,'en','plugins/ecommerce/ecommerce','setting.company_settings','Company settings','2023-01-04 01:11:07','2023-01-04 01:11:07'),(2797,1,'en','plugins/ecommerce/ecommerce','setting.company_settings_description','Settings Company information for invoicing','2023-01-04 01:11:07','2023-01-04 01:11:07'),(2798,1,'en','plugins/ecommerce/ecommerce','setting.company_name','Company name','2023-01-04 01:11:07','2023-01-04 01:11:07'),(2799,1,'en','plugins/ecommerce/ecommerce','setting.company_address','Company address','2023-01-04 01:11:07','2023-01-04 01:11:07'),(2800,1,'en','plugins/ecommerce/ecommerce','setting.company_email','Company email','2023-01-04 01:11:07','2023-01-04 01:11:07'),(2801,1,'en','plugins/ecommerce/ecommerce','setting.company_phone','Company phone','2023-01-04 01:11:07','2023-01-04 01:11:07'),(2802,1,'en','plugins/ecommerce/ecommerce','setting.company_logo','Company logo','2023-01-04 01:11:07','2023-01-04 01:11:07'),(2803,1,'en','plugins/ecommerce/ecommerce','setting.company_tax_id','Company tax ID','2023-01-04 01:11:07','2023-01-04 01:11:07'),(2804,1,'en','plugins/ecommerce/ecommerce','setting.invoice_code_prefix','Invoice code prefix','2023-01-04 01:11:07','2023-01-04 01:11:07'),(2805,1,'en','plugins/ecommerce/ecommerce','store_address','Store address','2023-01-04 01:11:07','2023-01-04 01:11:07'),(2806,1,'en','plugins/ecommerce/ecommerce','store_phone','Store phone','2023-01-04 01:11:07','2023-01-04 01:11:07'),(2807,1,'en','plugins/ecommerce/ecommerce','order_id','Order ID','2023-01-04 01:11:07','2023-01-04 01:11:07'),(2808,1,'en','plugins/ecommerce/ecommerce','order_token','Order token','2023-01-04 01:11:07','2023-01-04 01:11:07'),(2809,1,'en','plugins/ecommerce/ecommerce','customer_name','Customer name','2023-01-04 01:11:07','2023-01-04 01:11:07'),(2810,1,'en','plugins/ecommerce/ecommerce','customer_email','Customer email','2023-01-04 01:11:07','2023-01-04 01:11:07'),(2811,1,'en','plugins/ecommerce/ecommerce','customer_phone','Customer phone','2023-01-04 01:11:07','2023-01-04 01:11:07'),(2812,1,'en','plugins/ecommerce/ecommerce','customer_address','Customer address','2023-01-04 01:11:07','2023-01-04 01:11:07'),(2813,1,'en','plugins/ecommerce/ecommerce','product_list','List products in order','2023-01-04 01:11:07','2023-01-04 01:11:07'),(2814,1,'en','plugins/ecommerce/ecommerce','payment_detail','Payment detail','2023-01-04 01:11:07','2023-01-04 01:11:07'),(2815,1,'en','plugins/ecommerce/ecommerce','shipping_method','Shipping method','2023-01-04 01:11:07','2023-01-04 01:11:07'),(2816,1,'en','plugins/ecommerce/ecommerce','payment_method','Payment method','2023-01-04 01:11:07','2023-01-04 01:11:07'),(2817,1,'en','plugins/ecommerce/ecommerce','standard_and_format','Standard & Format','2023-01-04 01:11:07','2023-01-04 01:11:07'),(2818,1,'en','plugins/ecommerce/ecommerce','standard_and_format_description','Standards and formats are used to calculate things like product prices, shipping weights, and order times.','2023-01-04 01:11:07','2023-01-04 01:11:07'),(2819,1,'en','plugins/ecommerce/ecommerce','change_order_format','Edit order code format (optional)','2023-01-04 01:11:07','2023-01-04 01:11:07'),(2820,1,'en','plugins/ecommerce/ecommerce','change_order_format_description','The default order code starts at: number. You can change the start or end string to create the order code you want, for example \"DH-: number\" or \": number-A\"','2023-01-04 01:11:07','2023-01-04 01:11:07'),(2821,1,'en','plugins/ecommerce/ecommerce','start_with','Start with','2023-01-04 01:11:07','2023-01-04 01:11:07'),(2822,1,'en','plugins/ecommerce/ecommerce','end_with','End with','2023-01-04 01:11:07','2023-01-04 01:11:07'),(2823,1,'en','plugins/ecommerce/ecommerce','order_will_be_shown','Your order code will be shown','2023-01-04 01:11:07','2023-01-04 01:11:07'),(2824,1,'en','plugins/ecommerce/ecommerce','weight_unit','Unit of weight','2023-01-04 01:11:07','2023-01-04 01:11:07'),(2825,1,'en','plugins/ecommerce/ecommerce','height_unit','Unit length / height','2023-01-04 01:11:07','2023-01-04 01:11:07'),(2826,1,'en','plugins/ecommerce/ecommerce','theme_options.name','Ecommerce','2023-01-04 01:11:07','2023-01-04 01:11:07'),(2827,1,'en','plugins/ecommerce/ecommerce','theme_options.description','Theme options for Ecommerce','2023-01-04 01:11:07','2023-01-04 01:11:07'),(2828,1,'en','plugins/ecommerce/ecommerce','theme_options.number_products_per_page','Number of products per page','2023-01-04 01:11:07','2023-01-04 01:11:07'),(2829,1,'en','plugins/ecommerce/ecommerce','theme_options.number_of_cross_sale_product','Number of cross sale products in product detail page','2023-01-04 01:11:07','2023-01-04 01:11:07'),(2830,1,'en','plugins/ecommerce/ecommerce','theme_options.max_price_filter','Maximum price to filter','2023-01-04 01:11:07','2023-01-04 01:11:07'),(2831,1,'en','plugins/ecommerce/ecommerce','theme_options.logo_in_the_checkout_page','Logo in the checkout page (Default is the main logo)','2023-01-04 01:11:07','2023-01-04 01:11:07'),(2832,1,'en','plugins/ecommerce/ecommerce','basic_settings','Basic settings','2023-01-04 01:11:07','2023-01-04 01:11:07'),(2833,1,'en','plugins/ecommerce/ecommerce','advanced_settings','Advanced settings','2023-01-04 01:11:07','2023-01-04 01:11:07'),(2834,1,'en','plugins/ecommerce/email','customer_new_order_title','Order confirmation','2023-01-04 01:11:07','2023-01-04 01:11:07'),(2835,1,'en','plugins/ecommerce/email','customer_new_order_description','Send email confirmation to customer when an order placed','2023-01-04 01:11:07','2023-01-04 01:11:07'),(2836,1,'en','plugins/ecommerce/email','order_cancellation_title','Order cancellation','2023-01-04 01:11:07','2023-01-04 01:11:07'),(2837,1,'en','plugins/ecommerce/email','order_cancellation_description','Send to custom when they cancelled order','2023-01-04 01:11:07','2023-01-04 01:11:07'),(2838,1,'en','plugins/ecommerce/email','delivery_confirmation_title','Delivering confirmation','2023-01-04 01:11:07','2023-01-04 01:11:07'),(2839,1,'en','plugins/ecommerce/email','delivery_confirmation_description','Send to customer when order is delivering','2023-01-04 01:11:07','2023-01-04 01:11:07'),(2840,1,'en','plugins/ecommerce/email','admin_new_order_title','Notice about new order','2023-01-04 01:11:07','2023-01-04 01:11:07'),(2841,1,'en','plugins/ecommerce/email','admin_new_order_description','Send to administrators when an order placed','2023-01-04 01:11:07','2023-01-04 01:11:07'),(2842,1,'en','plugins/ecommerce/email','order_confirmation_title','Order confirmation','2023-01-04 01:11:07','2023-01-04 01:11:07'),(2843,1,'en','plugins/ecommerce/email','order_confirmation_description','Send to customer when they order was confirmed by admins','2023-01-04 01:11:07','2023-01-04 01:11:07'),(2844,1,'en','plugins/ecommerce/email','payment_confirmation_title','Payment confirmation','2023-01-04 01:11:07','2023-01-04 01:11:07'),(2845,1,'en','plugins/ecommerce/email','payment_confirmation_description','Send to customer when their payment was confirmed','2023-01-04 01:11:07','2023-01-04 01:11:07'),(2846,1,'en','plugins/ecommerce/email','order_recover_title','Incomplete order','2023-01-04 01:11:07','2023-01-04 01:11:07'),(2847,1,'en','plugins/ecommerce/email','order_recover_description','Send to custom to remind them about incomplete orders','2023-01-04 01:11:07','2023-01-04 01:11:07'),(2848,1,'en','plugins/ecommerce/email','view_order','View order','2023-01-04 01:11:07','2023-01-04 01:11:07'),(2849,1,'en','plugins/ecommerce/email','link_go_to_our_shop','or <a href=\":link\">Go to our shop</a>','2023-01-04 01:11:07','2023-01-04 01:11:07'),(2850,1,'en','plugins/ecommerce/email','order_number','Order number: <strong>:order_id</strong>','2023-01-04 01:11:07','2023-01-04 01:11:07'),(2851,1,'en','plugins/ecommerce/email','order_information','Order information:','2023-01-04 01:11:07','2023-01-04 01:11:07'),(2852,1,'en','plugins/ecommerce/email','order_return_request_title','Order return request','2023-01-04 01:11:07','2023-01-04 01:11:07'),(2853,1,'en','plugins/ecommerce/email','order_return_request_description','Send to customer when they return order','2023-01-04 01:11:07','2023-01-04 01:11:07'),(2854,1,'en','plugins/ecommerce/export','products.name','Export products','2023-01-04 01:11:07','2023-01-04 01:11:07'),(2855,1,'en','plugins/ecommerce/export','products.title','Export Products (CSV)','2023-01-04 01:11:07','2023-01-04 01:11:07'),(2856,1,'en','plugins/ecommerce/export','products.total_products','Total products','2023-01-04 01:11:07','2023-01-04 01:11:07'),(2857,1,'en','plugins/ecommerce/export','products.total_variations','Total variations','2023-01-04 01:11:07','2023-01-04 01:11:07'),(2858,1,'en','plugins/ecommerce/export','start_export','Start export','2023-01-04 01:11:07','2023-01-04 01:11:07'),(2859,1,'en','plugins/ecommerce/export','exporting','Exporting...','2023-01-04 01:11:07','2023-01-04 01:11:07'),(2860,1,'en','plugins/ecommerce/export','export','Export','2023-01-04 01:11:07','2023-01-04 01:11:07'),(2861,1,'en','plugins/ecommerce/flash-sale','name','Flash sales','2023-01-04 01:11:07','2023-01-04 01:11:07'),(2862,1,'en','plugins/ecommerce/flash-sale','create','New flash sale','2023-01-04 01:11:07','2023-01-04 01:11:07'),(2863,1,'en','plugins/ecommerce/flash-sale','edit','Edit flash sale','2023-01-04 01:11:07','2023-01-04 01:11:07'),(2864,1,'en','plugins/ecommerce/flash-sale','products','Products','2023-01-04 01:11:07','2023-01-04 01:11:07'),(2865,1,'en','plugins/ecommerce/invoice','name','Invoices','2023-01-04 01:11:07','2023-01-04 01:11:07'),(2866,1,'en','plugins/ecommerce/invoice','create','New invoice','2023-01-04 01:11:07','2023-01-04 01:11:07'),(2867,1,'en','plugins/ecommerce/invoice','edit','Edit invoice','2023-01-04 01:11:07','2023-01-04 01:11:07'),(2868,1,'en','plugins/ecommerce/invoice','print','Print Invoice','2023-01-04 01:11:07','2023-01-04 01:11:07'),(2869,1,'en','plugins/ecommerce/invoice','download','Download Invoice','2023-01-04 01:11:07','2023-01-04 01:11:07'),(2870,1,'en','plugins/ecommerce/invoice','heading','Invoice','2023-01-04 01:11:07','2023-01-04 01:11:07'),(2871,1,'en','plugins/ecommerce/invoice','invoice_for_job','','2023-01-04 01:11:07','2023-01-04 01:11:07'),(2872,1,'en','plugins/ecommerce/invoice','table.code','Code','2023-01-04 01:11:07','2023-01-04 01:11:07'),(2873,1,'en','plugins/ecommerce/invoice','table.amount','Amount','2023-01-04 01:11:07','2023-01-04 01:11:07'),(2874,1,'en','plugins/ecommerce/invoice','detail.invoice_for','Invoice For','2023-01-04 01:11:07','2023-01-04 01:11:07'),(2875,1,'en','plugins/ecommerce/invoice','detail.invoice_to','Invoice To','2023-01-04 01:11:07','2023-01-04 01:11:07'),(2876,1,'en','plugins/ecommerce/invoice','detail.tax_id','Tax ID','2023-01-04 01:11:07','2023-01-04 01:11:07'),(2877,1,'en','plugins/ecommerce/invoice','detail.code','Invoice Code','2023-01-04 01:11:07','2023-01-04 01:11:07'),(2878,1,'en','plugins/ecommerce/invoice','detail.issue_at','Issue At','2023-01-04 01:11:07','2023-01-04 01:11:07'),(2879,1,'en','plugins/ecommerce/invoice','detail.description','Description','2023-01-04 01:11:07','2023-01-04 01:11:07'),(2880,1,'en','plugins/ecommerce/invoice','detail.qty','Qty','2023-01-04 01:11:07','2023-01-04 01:11:07'),(2881,1,'en','plugins/ecommerce/invoice','detail.amount','Amount','2023-01-04 01:11:07','2023-01-04 01:11:07'),(2882,1,'en','plugins/ecommerce/invoice','detail.discount','Discount','2023-01-04 01:11:07','2023-01-04 01:11:07'),(2883,1,'en','plugins/ecommerce/invoice','detail.grand_total','Grand Total','2023-01-04 01:11:07','2023-01-04 01:11:07'),(2884,1,'en','plugins/ecommerce/invoice','detail.shipping_fee','Shipping Fee','2023-01-04 01:11:07','2023-01-04 01:11:07'),(2885,1,'en','plugins/ecommerce/invoice','detail.sub_total','Sub Total','2023-01-04 01:11:07','2023-01-04 01:11:07'),(2886,1,'en','plugins/ecommerce/invoice','detail.tax','Tax','2023-01-04 01:11:07','2023-01-04 01:11:07'),(2887,1,'en','plugins/ecommerce/invoice','detail.total','Total','2023-01-04 01:11:07','2023-01-04 01:11:07'),(2888,1,'en','plugins/ecommerce/invoice','total_amount','Total Amount','2023-01-04 01:11:07','2023-01-04 01:11:07'),(2889,1,'en','plugins/ecommerce/invoice','payment_info','Payment Info','2023-01-04 01:11:07','2023-01-04 01:11:07'),(2890,1,'en','plugins/ecommerce/invoice','payment_method','Payment Method','2023-01-04 01:11:07','2023-01-04 01:11:07'),(2891,1,'en','plugins/ecommerce/invoice','payment_status','Payment Status','2023-01-04 01:11:07','2023-01-04 01:11:07'),(2892,1,'en','plugins/ecommerce/order','statuses.pending','Pending','2023-01-04 01:11:07','2023-01-04 01:11:07'),(2893,1,'en','plugins/ecommerce/order','statuses.processing','Processing','2023-01-04 01:11:07','2023-01-04 01:11:07'),(2894,1,'en','plugins/ecommerce/order','statuses.completed','Completed','2023-01-04 01:11:07','2023-01-04 01:11:07'),(2895,1,'en','plugins/ecommerce/order','statuses.canceled','Canceled','2023-01-04 01:11:07','2023-01-04 01:11:07'),(2896,1,'en','plugins/ecommerce/order','menu','Orders','2023-01-04 01:11:07','2023-01-04 01:11:07'),(2897,1,'en','plugins/ecommerce/order','create','Create an order','2023-01-04 01:11:07','2023-01-04 01:11:07'),(2898,1,'en','plugins/ecommerce/order','cancel_error','The order is delivering or not completed','2023-01-04 01:11:07','2023-01-04 01:11:07'),(2899,1,'en','plugins/ecommerce/order','cancel_success','You do cancel the order successful','2023-01-04 01:11:07','2023-01-04 01:11:07'),(2900,1,'en','plugins/ecommerce/order','return_error','The order is delivering or not completed','2023-01-04 01:11:07','2023-01-04 01:11:07'),(2901,1,'en','plugins/ecommerce/order','return_success','Requested product(s) return successfully!','2023-01-04 01:11:07','2023-01-04 01:11:07'),(2902,1,'en','plugins/ecommerce/order','incomplete_order','Incomplete orders','2023-01-04 01:11:07','2023-01-04 01:11:07'),(2903,1,'en','plugins/ecommerce/order','order_id','Order ID','2023-01-04 01:11:07','2023-01-04 01:11:07'),(2904,1,'en','plugins/ecommerce/order','product_id','Product ID','2023-01-04 01:11:07','2023-01-04 01:11:07'),(2905,1,'en','plugins/ecommerce/order','customer_label','Customer','2023-01-04 01:11:07','2023-01-04 01:11:07'),(2906,1,'en','plugins/ecommerce/order','tax_amount','Tax Amount','2023-01-04 01:11:07','2023-01-04 01:11:07'),(2907,1,'en','plugins/ecommerce/order','shipping_amount','Shipping amount','2023-01-04 01:11:07','2023-01-04 01:11:07'),(2908,1,'en','plugins/ecommerce/order','payment_method','Payment method','2023-01-04 01:11:07','2023-01-04 01:11:07'),(2909,1,'en','plugins/ecommerce/order','payment_status_label','Payment status','2023-01-04 01:11:07','2023-01-04 01:11:07'),(2910,1,'en','plugins/ecommerce/order','manage_orders','Manage orders','2023-01-04 01:11:07','2023-01-04 01:11:07'),(2911,1,'en','plugins/ecommerce/order','order_intro_description','Once your store has orders, this is where you will process and track those orders.','2023-01-04 01:11:07','2023-01-04 01:11:07'),(2912,1,'en','plugins/ecommerce/order','create_new_order','Create a new order','2023-01-04 01:11:07','2023-01-04 01:11:07'),(2913,1,'en','plugins/ecommerce/order','manage_incomplete_orders','Manage incomplete orders','2023-01-04 01:11:07','2023-01-04 01:11:07'),(2914,1,'en','plugins/ecommerce/order','incomplete_orders_intro_description','Incomplete order is an order created when a customer adds a product to the cart, proceeds to fill out the purchase information but does not complete the checkout process.','2023-01-04 01:11:07','2023-01-04 01:11:07'),(2915,1,'en','plugins/ecommerce/order','invoice_for_order','Invoice for order','2023-01-04 01:11:07','2023-01-04 01:11:07'),(2916,1,'en','plugins/ecommerce/order','created','Created','2023-01-04 01:11:07','2023-01-04 01:11:07'),(2917,1,'en','plugins/ecommerce/order','invoice','Invoice','2023-01-04 01:11:07','2023-01-04 01:11:07'),(2918,1,'en','plugins/ecommerce/order','return','Order Return Request','2023-01-04 01:11:07','2023-01-04 01:11:07'),(2919,1,'en','plugins/ecommerce/order','is_return','Return checkbox','2023-01-04 01:11:07','2023-01-04 01:11:07'),(2920,1,'en','plugins/ecommerce/order','total_refund_amount','Total refund amount','2023-01-04 01:11:07','2023-01-04 01:11:07'),(2921,1,'en','plugins/ecommerce/order','total_amount_can_be_refunded','Total amount can be refunded','2023-01-04 01:11:07','2023-01-04 01:11:07'),(2922,1,'en','plugins/ecommerce/order','refund_reason','Refund reason','2023-01-04 01:11:07','2023-01-04 01:11:07'),(2923,1,'en','plugins/ecommerce/order','products','product(s)','2023-01-04 01:11:07','2023-01-04 01:11:07'),(2924,1,'en','plugins/ecommerce/order','default','Default','2023-01-04 01:11:07','2023-01-04 01:11:07'),(2925,1,'en','plugins/ecommerce/order','system','System','2023-01-04 01:11:07','2023-01-04 01:11:07'),(2926,1,'en','plugins/ecommerce/order','new_order_from','New order :order_id from :customer','2023-01-04 01:11:07','2023-01-04 01:11:07'),(2927,1,'en','plugins/ecommerce/order','confirmation_email_was_sent_to_customer','The email confirmation was sent to customer','2023-01-04 01:11:07','2023-01-04 01:11:07'),(2928,1,'en','plugins/ecommerce/order','address_name_required','The name field is required.','2023-01-04 01:11:07','2023-01-04 01:11:07'),(2929,1,'en','plugins/ecommerce/order','address_phone_required','The phone field is required.','2023-01-04 01:11:07','2023-01-04 01:11:07'),(2930,1,'en','plugins/ecommerce/order','address_email_required','The email field is required.','2023-01-04 01:11:07','2023-01-04 01:11:07'),(2931,1,'en','plugins/ecommerce/order','address_email_unique','The customer with that email is existed, please choose other email or login with this email!','2023-01-04 01:11:07','2023-01-04 01:11:07'),(2932,1,'en','plugins/ecommerce/order','address_state_required','The state field is required.','2023-01-04 01:11:07','2023-01-04 01:11:07'),(2933,1,'en','plugins/ecommerce/order','address_city_required','The city field is required.','2023-01-04 01:11:07','2023-01-04 01:11:07'),(2934,1,'en','plugins/ecommerce/order','address_country_required','The country field is required.','2023-01-04 01:11:07','2023-01-04 01:11:07'),(2935,1,'en','plugins/ecommerce/order','address_address_required','The address field is required.','2023-01-04 01:11:07','2023-01-04 01:11:07'),(2936,1,'en','plugins/ecommerce/order','create_order_from_payment_page','Order was created from checkout page','2023-01-04 01:11:07','2023-01-04 01:11:07'),(2937,1,'en','plugins/ecommerce/order','order_was_verified_by','Order was verified by %user_name%','2023-01-04 01:11:07','2023-01-04 01:11:07'),(2938,1,'en','plugins/ecommerce/order','new_order','New order :order_id','2023-01-04 01:11:07','2023-01-04 01:11:07'),(2939,1,'en','plugins/ecommerce/order','payment_was_confirmed_by','Payment was confirmed (amount :money) by %user_name%','2023-01-04 01:11:07','2023-01-04 01:11:07'),(2940,1,'en','plugins/ecommerce/order','edit_order','Edit order :code','2023-01-04 01:11:07','2023-01-04 01:11:07'),(2941,1,'en','plugins/ecommerce/order','confirm_order_success','Confirm order successfully!','2023-01-04 01:11:07','2023-01-04 01:11:07'),(2942,1,'en','plugins/ecommerce/order','error_when_sending_email','There is an error when sending email','2023-01-04 01:11:07','2023-01-04 01:11:07'),(2943,1,'en','plugins/ecommerce/order','sent_confirmation_email_success','Sent confirmation email successfully!','2023-01-04 01:11:07','2023-01-04 01:11:07'),(2944,1,'en','plugins/ecommerce/order','order_was_sent_to_shipping_team','Order was sent to shipping team','2023-01-04 01:11:07','2023-01-04 01:11:07'),(2945,1,'en','plugins/ecommerce/order','by_username','by %user_name%','2023-01-04 01:11:07','2023-01-04 01:11:07'),(2946,1,'en','plugins/ecommerce/order','shipping_was_created_from','Shipping was created from order %order_id%','2023-01-04 01:11:07','2023-01-04 01:11:07'),(2947,1,'en','plugins/ecommerce/order','shipping_was_canceled_success','Shipping was cancelled successfully!','2023-01-04 01:11:07','2023-01-04 01:11:07'),(2948,1,'en','plugins/ecommerce/order','shipping_was_canceled_by','Shipping was cancelled by %user_name%','2023-01-04 01:11:07','2023-01-04 01:11:07'),(2949,1,'en','plugins/ecommerce/order','update_shipping_address_success','Update shipping address successfully!','2023-01-04 01:11:07','2023-01-04 01:11:07'),(2950,1,'en','plugins/ecommerce/order','order_was_canceled_by','Order was cancelled by %user_name%','2023-01-04 01:11:07','2023-01-04 01:11:07'),(2951,1,'en','plugins/ecommerce/order','order_was_returned_by','Order was returned by %user_name%','2023-01-04 01:11:07','2023-01-04 01:11:07'),(2952,1,'en','plugins/ecommerce/order','confirm_payment_success','Confirm payment successfully!','2023-01-04 01:11:07','2023-01-04 01:11:07'),(2953,1,'en','plugins/ecommerce/order','refund_amount_invalid','Refund amount must be lower or equal :price','2023-01-04 01:11:07','2023-01-04 01:11:07'),(2954,1,'en','plugins/ecommerce/order','number_of_products_invalid','Number of products refund is not valid!','2023-01-04 01:11:07','2023-01-04 01:11:07'),(2955,1,'en','plugins/ecommerce/order','cannot_found_payment_for_this_order','Cannot found payment for this order!','2023-01-04 01:11:07','2023-01-04 01:11:07'),(2956,1,'en','plugins/ecommerce/order','refund_success_with_price','Refund success :price','2023-01-04 01:11:07','2023-01-04 01:11:07'),(2957,1,'en','plugins/ecommerce/order','refund_success','Refund successfully!','2023-01-04 01:11:07','2023-01-04 01:11:07'),(2958,1,'en','plugins/ecommerce/order','order_is_not_existed','Order is not existed!','2023-01-04 01:11:07','2023-01-04 01:11:07'),(2959,1,'en','plugins/ecommerce/order','reorder','Reorder','2023-01-04 01:11:07','2023-01-04 01:11:07'),(2960,1,'en','plugins/ecommerce/order','sent_email_incomplete_order_success','Sent email to remind about incomplete order successfully!','2023-01-04 01:11:07','2023-01-04 01:11:07'),(2961,1,'en','plugins/ecommerce/order','applied_coupon_success','Applied coupon \":code\" successfully!','2023-01-04 01:11:07','2023-01-04 01:11:07'),(2962,1,'en','plugins/ecommerce/order','new_order_notice','You have <span class=\"bold\">:count</span> New Order(s)','2023-01-04 01:11:07','2023-01-04 01:11:07'),(2963,1,'en','plugins/ecommerce/order','view_all','View all','2023-01-04 01:11:07','2023-01-04 01:11:07'),(2964,1,'en','plugins/ecommerce/order','cancel_order','Cancel order','2023-01-04 01:11:07','2023-01-04 01:11:07'),(2965,1,'en','plugins/ecommerce/order','order_canceled','Order canceled','2023-01-04 01:11:07','2023-01-04 01:11:07'),(2966,1,'en','plugins/ecommerce/order','order_was_canceled_at','Order was canceled at','2023-01-04 01:11:07','2023-01-04 01:11:07'),(2967,1,'en','plugins/ecommerce/order','return_order','Return order','2023-01-04 01:11:07','2023-01-04 01:11:07'),(2968,1,'en','plugins/ecommerce/order','order_returned','Order returned','2023-01-04 01:11:07','2023-01-04 01:11:07'),(2969,1,'en','plugins/ecommerce/order','order_was_returned_at','Order was returned at','2023-01-04 01:11:07','2023-01-04 01:11:07'),(2970,1,'en','plugins/ecommerce/order','completed','Completed','2023-01-04 01:11:07','2023-01-04 01:11:07'),(2971,1,'en','plugins/ecommerce/order','uncompleted','Uncompleted','2023-01-04 01:11:07','2023-01-04 01:11:07'),(2972,1,'en','plugins/ecommerce/order','sku','SKU','2023-01-04 01:11:07','2023-01-04 01:11:07'),(2973,1,'en','plugins/ecommerce/order','warehouse','Warehouse','2023-01-04 01:11:07','2023-01-04 01:11:07'),(2974,1,'en','plugins/ecommerce/order','sub_amount','Sub amount','2023-01-04 01:11:07','2023-01-04 01:11:07'),(2975,1,'en','plugins/ecommerce/order','coupon_code','Coupon code: \":code\"','2023-01-04 01:11:07','2023-01-04 01:11:07'),(2976,1,'en','plugins/ecommerce/order','shipping_fee','Shipping fee','2023-01-04 01:11:07','2023-01-04 01:11:07'),(2977,1,'en','plugins/ecommerce/order','tax','Tax','2023-01-04 01:11:07','2023-01-04 01:11:07'),(2978,1,'en','plugins/ecommerce/order','refunded_amount','Refunded amount','2023-01-04 01:11:07','2023-01-04 01:11:07'),(2979,1,'en','plugins/ecommerce/order','amount_received','The amount actually received','2023-01-04 01:11:07','2023-01-04 01:11:07'),(2980,1,'en','plugins/ecommerce/order','download_invoice','Download invoice','2023-01-04 01:11:07','2023-01-04 01:11:07'),(2981,1,'en','plugins/ecommerce/order','print_invoice','Print invoice','2023-01-04 01:11:07','2023-01-04 01:11:07'),(2982,1,'en','plugins/ecommerce/order','add_note','Add note...','2023-01-04 01:11:07','2023-01-04 01:11:07'),(2983,1,'en','plugins/ecommerce/order','order_was_confirmed','Order was confirmed','2023-01-04 01:11:07','2023-01-04 01:11:07'),(2984,1,'en','plugins/ecommerce/order','confirm_order','Confirm order','2023-01-04 01:11:07','2023-01-04 01:11:07'),(2985,1,'en','plugins/ecommerce/order','confirm','Confirm','2023-01-04 01:11:07','2023-01-04 01:11:07'),(2986,1,'en','plugins/ecommerce/order','order_was_canceled','Order was canceled','2023-01-04 01:11:07','2023-01-04 01:11:07'),(2987,1,'en','plugins/ecommerce/order','order_was_returned','Order was returned','2023-01-04 01:11:07','2023-01-04 01:11:07'),(2988,1,'en','plugins/ecommerce/order','pending_payment','Pending payment','2023-01-04 01:11:07','2023-01-04 01:11:07'),(2989,1,'en','plugins/ecommerce/order','payment_was_accepted','Payment :money was accepted','2023-01-04 01:11:07','2023-01-04 01:11:07'),(2990,1,'en','plugins/ecommerce/order','payment_was_refunded','Payment was refunded','2023-01-04 01:11:07','2023-01-04 01:11:07'),(2991,1,'en','plugins/ecommerce/order','confirm_payment','Confirm payment','2023-01-04 01:11:07','2023-01-04 01:11:07'),(2992,1,'en','plugins/ecommerce/order','refund','Refund','2023-01-04 01:11:07','2023-01-04 01:11:07'),(2993,1,'en','plugins/ecommerce/order','all_products_are_not_delivered','All products are not delivered','2023-01-04 01:11:07','2023-01-04 01:11:07'),(2994,1,'en','plugins/ecommerce/order','delivery','Delivery','2023-01-04 01:11:07','2023-01-04 01:11:07'),(2995,1,'en','plugins/ecommerce/order','history','History','2023-01-04 01:11:07','2023-01-04 01:11:07'),(2996,1,'en','plugins/ecommerce/order','order_number','Order number','2023-01-04 01:11:07','2023-01-04 01:11:07'),(2997,1,'en','plugins/ecommerce/order','from','from','2023-01-04 01:11:07','2023-01-04 01:11:07'),(2998,1,'en','plugins/ecommerce/order','status','Status','2023-01-04 01:11:07','2023-01-04 01:11:07'),(2999,1,'en','plugins/ecommerce/order','successfully','Successfully','2023-01-04 01:11:07','2023-01-04 01:11:07'),(3000,1,'en','plugins/ecommerce/order','transaction_type','Transaction\'s type','2023-01-04 01:11:07','2023-01-04 01:11:07'),(3001,1,'en','plugins/ecommerce/order','staff','Staff','2023-01-04 01:11:07','2023-01-04 01:11:07'),(3002,1,'en','plugins/ecommerce/order','refund_date','Refund date','2023-01-04 01:11:07','2023-01-04 01:11:07'),(3003,1,'en','plugins/ecommerce/order','n_a','N\\A','2023-01-04 01:11:07','2023-01-04 01:11:07'),(3004,1,'en','plugins/ecommerce/order','payment_date','Payment date','2023-01-04 01:11:07','2023-01-04 01:11:07'),(3005,1,'en','plugins/ecommerce/order','payment_gateway','Payment gateway','2023-01-04 01:11:07','2023-01-04 01:11:07'),(3006,1,'en','plugins/ecommerce/order','transaction_amount','Transaction amount','2023-01-04 01:11:07','2023-01-04 01:11:07'),(3007,1,'en','plugins/ecommerce/order','resend','Resend','2023-01-04 01:11:07','2023-01-04 01:11:07'),(3008,1,'en','plugins/ecommerce/order','default_store','Default store','2023-01-04 01:11:07','2023-01-04 01:11:07'),(3009,1,'en','plugins/ecommerce/order','update_address','Update address','2023-01-04 01:11:07','2023-01-04 01:11:07'),(3010,1,'en','plugins/ecommerce/order','have_an_account_already','Have an account already','2023-01-04 01:11:07','2023-01-04 01:11:07'),(3011,1,'en','plugins/ecommerce/order','dont_have_an_account_yet','Don\'t have an account yet','2023-01-04 01:11:07','2023-01-04 01:11:07'),(3012,1,'en','plugins/ecommerce/order','mark_payment_as_confirmed','Mark <span>:method</span> as confirmed','2023-01-04 01:11:07','2023-01-04 01:11:07'),(3013,1,'en','plugins/ecommerce/order','resend_order_confirmation','Resend order confirmation','2023-01-04 01:11:07','2023-01-04 01:11:07'),(3014,1,'en','plugins/ecommerce/order','resend_order_confirmation_description','Confirmation email will be sent to <strong>:email</strong>?','2023-01-04 01:11:07','2023-01-04 01:11:07'),(3015,1,'en','plugins/ecommerce/order','send','Send','2023-01-04 01:11:07','2023-01-04 01:11:07'),(3016,1,'en','plugins/ecommerce/order','update','Update','2023-01-04 01:11:07','2023-01-04 01:11:07'),(3017,1,'en','plugins/ecommerce/order','cancel_shipping_confirmation','Cancel shipping confirmation?','2023-01-04 01:11:07','2023-01-04 01:11:07'),(3018,1,'en','plugins/ecommerce/order','cancel_shipping_confirmation_description','Cancel shipping confirmation?','2023-01-04 01:11:07','2023-01-04 01:11:07'),(3019,1,'en','plugins/ecommerce/order','cancel_order_confirmation','Cancel order confirmation?','2023-01-04 01:11:07','2023-01-04 01:11:07'),(3020,1,'en','plugins/ecommerce/order','cancel_order_confirmation_description','Are you sure you want to cancel this order? This action cannot rollback','2023-01-04 01:11:07','2023-01-04 01:11:07'),(3021,1,'en','plugins/ecommerce/order','return_order_confirmation','Return order confirmation?','2023-01-04 01:11:07','2023-01-04 01:11:07'),(3022,1,'en','plugins/ecommerce/order','return_order_confirmation_description','Are you sure you want to return this order? This action cannot rollback','2023-01-04 01:11:07','2023-01-04 01:11:07'),(3023,1,'en','plugins/ecommerce/order','confirm_payment_confirmation_description','Processed by <strong>:method</strong>. Did you receive payment outside the system? This payment won\'t be saved into system and cannot be refunded','2023-01-04 01:11:07','2023-01-04 01:11:07'),(3024,1,'en','plugins/ecommerce/order','save_note','Save note','2023-01-04 01:11:07','2023-01-04 01:11:07'),(3025,1,'en','plugins/ecommerce/order','order_note','Order note','2023-01-04 01:11:07','2023-01-04 01:11:07'),(3026,1,'en','plugins/ecommerce/order','order_note_placeholder','Note about order, ex: time or shipping instruction.','2023-01-04 01:11:07','2023-01-04 01:11:07'),(3027,1,'en','plugins/ecommerce/order','order_amount','Order amount','2023-01-04 01:11:07','2023-01-04 01:11:07'),(3028,1,'en','plugins/ecommerce/order','additional_information','Additional information','2023-01-04 01:11:07','2023-01-04 01:11:07'),(3029,1,'en','plugins/ecommerce/order','notice_about_incomplete_order','Notice about incomplete order','2023-01-04 01:11:07','2023-01-04 01:11:07'),(3030,1,'en','plugins/ecommerce/order','notice_about_incomplete_order_description','Remind email about uncompleted order will be send to <strong>:email</strong>?','2023-01-04 01:11:07','2023-01-04 01:11:07'),(3031,1,'en','plugins/ecommerce/order','incomplete_order_description_1','An incomplete order is when a potential customer places items in their shopping cart, and goes all the way through to the payment page, but then doesn\'t complete the transaction.','2023-01-04 01:11:07','2023-01-04 01:11:07'),(3032,1,'en','plugins/ecommerce/order','incomplete_order_description_2','If you have contacted customers and they want to continue buying, you can help them complete their order by following the link:','2023-01-04 01:11:07','2023-01-04 01:11:07'),(3033,1,'en','plugins/ecommerce/order','send_an_email_to_recover_this_order','Send an email to customer to recover this order','2023-01-04 01:11:07','2023-01-04 01:11:07'),(3034,1,'en','plugins/ecommerce/order','see_maps','See maps','2023-01-04 01:11:07','2023-01-04 01:11:07'),(3035,1,'en','plugins/ecommerce/order','one_or_more_products_dont_have_enough_quantity','One or more products don\'t have enough quantity!','2023-01-04 01:11:07','2023-01-04 01:11:07'),(3036,1,'en','plugins/ecommerce/order','cannot_send_order_recover_to_mail','The email could not be found so it can\'t send a recovery email to the customer.','2023-01-04 01:11:07','2023-01-04 01:11:07'),(3037,1,'en','plugins/ecommerce/order','payment_info','Payment Info','2023-01-04 01:11:07','2023-01-04 01:11:07'),(3038,1,'en','plugins/ecommerce/order','payment_method_refund_automatic','Your customer will be refunded using :method automatically.','2023-01-04 01:11:07','2023-01-04 01:11:07'),(3039,1,'en','plugins/ecommerce/order','order','Order','2023-01-04 01:11:07','2023-01-04 01:11:07'),(3040,1,'en','plugins/ecommerce/order','order_information','Order information','2023-01-04 01:11:07','2023-01-04 01:11:07'),(3041,1,'en','plugins/ecommerce/order','create_a_new_product','Create a new product','2023-01-04 01:11:07','2023-01-04 01:11:07'),(3042,1,'en','plugins/ecommerce/order','out_of_stock','Out of stock','2023-01-04 01:11:07','2023-01-04 01:11:07'),(3043,1,'en','plugins/ecommerce/order','products_available','product(s) available','2023-01-04 01:11:07','2023-01-04 01:11:07'),(3044,1,'en','plugins/ecommerce/order','no_products_found','No products found!','2023-01-04 01:11:07','2023-01-04 01:11:07'),(3045,1,'en','plugins/ecommerce/order','note','Note','2023-01-04 01:11:07','2023-01-04 01:11:07'),(3046,1,'en','plugins/ecommerce/order','note_for_order','Note for order...','2023-01-04 01:11:08','2023-01-04 01:11:08'),(3047,1,'en','plugins/ecommerce/order','amount','Amount','2023-01-04 01:11:08','2023-01-04 01:11:08'),(3048,1,'en','plugins/ecommerce/order','add_discount','Add discount','2023-01-04 01:11:08','2023-01-04 01:11:08'),(3049,1,'en','plugins/ecommerce/order','discount','Discount','2023-01-04 01:11:08','2023-01-04 01:11:08'),(3050,1,'en','plugins/ecommerce/order','add_shipping_fee','Add shipping fee','2023-01-04 01:11:08','2023-01-04 01:11:08'),(3051,1,'en','plugins/ecommerce/order','shipping','Shipping','2023-01-04 01:11:08','2023-01-04 01:11:08'),(3052,1,'en','plugins/ecommerce/order','total_amount','Total amount','2023-01-04 01:11:08','2023-01-04 01:11:08'),(3053,1,'en','plugins/ecommerce/order','confirm_payment_and_create_order','Confirm payment and create order','2023-01-04 01:11:08','2023-01-04 01:11:08'),(3054,1,'en','plugins/ecommerce/order','paid','Paid','2023-01-04 01:11:08','2023-01-04 01:11:08'),(3055,1,'en','plugins/ecommerce/order','pay_later','Pay later','2023-01-04 01:11:08','2023-01-04 01:11:08'),(3056,1,'en','plugins/ecommerce/order','customer_information','Customer information','2023-01-04 01:11:08','2023-01-04 01:11:08'),(3057,1,'en','plugins/ecommerce/order','create_new_customer','Create new customer','2023-01-04 01:11:08','2023-01-04 01:11:08'),(3058,1,'en','plugins/ecommerce/order','no_customer_found','No customer found!','2023-01-04 01:11:08','2023-01-04 01:11:08'),(3059,1,'en','plugins/ecommerce/order','customer','Customer','2023-01-04 01:11:08','2023-01-04 01:11:08'),(3060,1,'en','plugins/ecommerce/order','orders','order(s)','2023-01-04 01:11:08','2023-01-04 01:11:08'),(3061,1,'en','plugins/ecommerce/order','shipping_address','Shipping Address','2023-01-04 01:11:08','2023-01-04 01:11:08'),(3062,1,'en','plugins/ecommerce/order','billing_address','Billing Address','2023-01-04 01:11:08','2023-01-04 01:11:08'),(3063,1,'en','plugins/ecommerce/order','see_on_maps','See on maps','2023-01-04 01:11:08','2023-01-04 01:11:08'),(3064,1,'en','plugins/ecommerce/order','name','Name','2023-01-04 01:11:08','2023-01-04 01:11:08'),(3065,1,'en','plugins/ecommerce/order','price','Price','2023-01-04 01:11:08','2023-01-04 01:11:08'),(3066,1,'en','plugins/ecommerce/order','sku_optional','SKU (optional)','2023-01-04 01:11:08','2023-01-04 01:11:08'),(3067,1,'en','plugins/ecommerce/order','with_storehouse_management','With storehouse management?','2023-01-04 01:11:08','2023-01-04 01:11:08'),(3068,1,'en','plugins/ecommerce/order','quantity','Quantity','2023-01-04 01:11:08','2023-01-04 01:11:08'),(3069,1,'en','plugins/ecommerce/order','allow_customer_checkout_when_this_product_out_of_stock','Allow customer checkout when this product out of stock?','2023-01-04 01:11:08','2023-01-04 01:11:08'),(3070,1,'en','plugins/ecommerce/order','address','Address','2023-01-04 01:11:08','2023-01-04 01:11:08'),(3071,1,'en','plugins/ecommerce/order','phone','Phone','2023-01-04 01:11:08','2023-01-04 01:11:08'),(3072,1,'en','plugins/ecommerce/order','country','Country','2023-01-04 01:11:08','2023-01-04 01:11:08'),(3073,1,'en','plugins/ecommerce/order','state','State','2023-01-04 01:11:08','2023-01-04 01:11:08'),(3074,1,'en','plugins/ecommerce/order','city','City','2023-01-04 01:11:08','2023-01-04 01:11:08'),(3075,1,'en','plugins/ecommerce/order','zip_code','Zip code','2023-01-04 01:11:08','2023-01-04 01:11:08'),(3076,1,'en','plugins/ecommerce/order','discount_based_on','Discount based on','2023-01-04 01:11:08','2023-01-04 01:11:08'),(3077,1,'en','plugins/ecommerce/order','or_coupon_code','Or coupon code','2023-01-04 01:11:08','2023-01-04 01:11:08'),(3078,1,'en','plugins/ecommerce/order','description','Description','2023-01-04 01:11:08','2023-01-04 01:11:08'),(3079,1,'en','plugins/ecommerce/order','how_to_select_configured_shipping','How to select configured shipping?','2023-01-04 01:11:08','2023-01-04 01:11:08'),(3080,1,'en','plugins/ecommerce/order','please_add_customer_information_with_the_complete_shipping_address_to_see_the_configured_shipping_rates','Please add customer information with the complete shipping address to see the configured shipping rates','2023-01-04 01:11:08','2023-01-04 01:11:08'),(3081,1,'en','plugins/ecommerce/order','free_shipping','Free shipping','2023-01-04 01:11:08','2023-01-04 01:11:08'),(3082,1,'en','plugins/ecommerce/order','custom','Custom','2023-01-04 01:11:08','2023-01-04 01:11:08'),(3083,1,'en','plugins/ecommerce/order','email','Email','2023-01-04 01:11:08','2023-01-04 01:11:08'),(3084,1,'en','plugins/ecommerce/order','create_order','Create order','2023-01-04 01:11:08','2023-01-04 01:11:08'),(3085,1,'en','plugins/ecommerce/order','close','Close','2023-01-04 01:11:08','2023-01-04 01:11:08'),(3086,1,'en','plugins/ecommerce/order','confirm_payment_is_paid_for_this_order','Confirm payment is paid for this order','2023-01-04 01:11:08','2023-01-04 01:11:08'),(3087,1,'en','plugins/ecommerce/order','payment_status_of_the_order_is_paid_once_the_order_has_been_created_you_cannot_change_the_payment_method_or_status','Payment status of the order is Paid. Once the order has been created, you cannot change the payment method or status','2023-01-04 01:11:08','2023-01-04 01:11:08'),(3088,1,'en','plugins/ecommerce/order','select_payment_method','Select payment method','2023-01-04 01:11:08','2023-01-04 01:11:08'),(3089,1,'en','plugins/ecommerce/order','cash_on_delivery_cod','Cash on delivery (COD)','2023-01-04 01:11:08','2023-01-04 01:11:08'),(3090,1,'en','plugins/ecommerce/order','bank_transfer','Bank transfer','2023-01-04 01:11:08','2023-01-04 01:11:08'),(3091,1,'en','plugins/ecommerce/order','paid_amount','Paid amount','2023-01-04 01:11:08','2023-01-04 01:11:08'),(3092,1,'en','plugins/ecommerce/order','confirm_that_payment_for_this_order_will_be_paid_later','Confirm that payment for this order will be paid later','2023-01-04 01:11:08','2023-01-04 01:11:08'),(3093,1,'en','plugins/ecommerce/order','payment_status_of_the_order_is_pending_once_the_order_has_been_created_you_cannot_change_the_payment_method_or_status','Payment status of the order is Pending. Once the order has been created, you cannot change the payment method or status','2023-01-04 01:11:08','2023-01-04 01:11:08'),(3094,1,'en','plugins/ecommerce/order','pending_amount','Pending amount','2023-01-04 01:11:08','2023-01-04 01:11:08'),(3095,1,'en','plugins/ecommerce/order','update_email','Update email','2023-01-04 01:11:08','2023-01-04 01:11:08'),(3096,1,'en','plugins/ecommerce/order','save','Save','2023-01-04 01:11:08','2023-01-04 01:11:08'),(3097,1,'en','plugins/ecommerce/order','cancel','Cancel','2023-01-04 01:11:08','2023-01-04 01:11:08'),(3098,1,'en','plugins/ecommerce/order','create_a_new_order','Create a new order','2023-01-04 01:11:08','2023-01-04 01:11:08'),(3099,1,'en','plugins/ecommerce/order','search_or_create_new_product','Search or create a new product','2023-01-04 01:11:08','2023-01-04 01:11:08'),(3100,1,'en','plugins/ecommerce/order','search_or_create_new_customer','Search or create a new customer','2023-01-04 01:11:08','2023-01-04 01:11:08'),(3101,1,'en','plugins/ecommerce/order','discount_description','Discount description','2023-01-04 01:11:08','2023-01-04 01:11:08'),(3102,1,'en','plugins/ecommerce/order','cant_select_out_of_stock_product','Cannot select out of stock product!','2023-01-04 01:11:08','2023-01-04 01:11:08'),(3103,1,'en','plugins/ecommerce/order','referral','Referral','2023-01-04 01:11:08','2023-01-04 01:11:08'),(3104,1,'en','plugins/ecommerce/order','return_order_unique','Same :attribute already exists in a previous return request.','2023-01-04 01:11:08','2023-01-04 01:11:08'),(3105,1,'en','plugins/ecommerce/order','total_return_amount','Total return amount','2023-01-04 01:11:08','2023-01-04 01:11:08'),(3106,1,'en','plugins/ecommerce/order','change_return_order_status','Change return order status','2023-01-04 01:11:08','2023-01-04 01:11:08'),(3107,1,'en','plugins/ecommerce/order','return_reason','Return reason','2023-01-04 01:11:08','2023-01-04 01:11:08'),(3108,1,'en','plugins/ecommerce/order','referral_data.ip','IP','2023-01-04 01:11:08','2023-01-04 01:11:08'),(3109,1,'en','plugins/ecommerce/order','referral_data.landing_domain','Landing domain','2023-01-04 01:11:08','2023-01-04 01:11:08'),(3110,1,'en','plugins/ecommerce/order','referral_data.landing_page','Landing page','2023-01-04 01:11:08','2023-01-04 01:11:08'),(3111,1,'en','plugins/ecommerce/order','referral_data.landing_params','Landing params','2023-01-04 01:11:08','2023-01-04 01:11:08'),(3112,1,'en','plugins/ecommerce/order','referral_data.gclid','Gclid','2023-01-04 01:11:08','2023-01-04 01:11:08'),(3113,1,'en','plugins/ecommerce/order','referral_data.fclid','Fclid','2023-01-04 01:11:08','2023-01-04 01:11:08'),(3114,1,'en','plugins/ecommerce/order','referral_data.utm_source','UTM source','2023-01-04 01:11:08','2023-01-04 01:11:08'),(3115,1,'en','plugins/ecommerce/order','referral_data.utm_campaign','UTM campaign','2023-01-04 01:11:08','2023-01-04 01:11:08'),(3116,1,'en','plugins/ecommerce/order','referral_data.utm_medium','UTM medium','2023-01-04 01:11:08','2023-01-04 01:11:08'),(3117,1,'en','plugins/ecommerce/order','referral_data.utm_term','UTM term','2023-01-04 01:11:08','2023-01-04 01:11:08'),(3118,1,'en','plugins/ecommerce/order','referral_data.utm_content','UTM content','2023-01-04 01:11:08','2023-01-04 01:11:08'),(3119,1,'en','plugins/ecommerce/order','referral_data.referral','Referral','2023-01-04 01:11:08','2023-01-04 01:11:08'),(3120,1,'en','plugins/ecommerce/order','referral_data.referrer_url','Referral URL','2023-01-04 01:11:08','2023-01-04 01:11:08'),(3121,1,'en','plugins/ecommerce/order','referral_data.referrer_domain','Referral domain','2023-01-04 01:11:08','2023-01-04 01:11:08'),(3122,1,'en','plugins/ecommerce/order','order_address_types.shipping_address','Shipping address','2023-01-04 01:11:08','2023-01-04 01:11:08'),(3123,1,'en','plugins/ecommerce/order','order_address_types.billing_address','Billing address','2023-01-04 01:11:08','2023-01-04 01:11:08'),(3124,1,'en','plugins/ecommerce/order','order_return_reasons.damaged','Damaged product','2023-01-04 01:11:08','2023-01-04 01:11:08'),(3125,1,'en','plugins/ecommerce/order','order_return_reasons.defective','Defective','2023-01-04 01:11:08','2023-01-04 01:11:08'),(3126,1,'en','plugins/ecommerce/order','order_return_reasons.incorrect_item','Incorrect item','2023-01-04 01:11:08','2023-01-04 01:11:08'),(3127,1,'en','plugins/ecommerce/order','order_return_reasons.arrived_late','Arrived late','2023-01-04 01:11:08','2023-01-04 01:11:08'),(3128,1,'en','plugins/ecommerce/order','order_return_reasons.not_as_described','Not as described','2023-01-04 01:11:08','2023-01-04 01:11:08'),(3129,1,'en','plugins/ecommerce/order','order_return_reasons.no_longer_want','No longer want','2023-01-04 01:11:08','2023-01-04 01:11:08'),(3130,1,'en','plugins/ecommerce/order','order_return_reasons.other','Other','2023-01-04 01:11:08','2023-01-04 01:11:08'),(3131,1,'en','plugins/ecommerce/order','notices.update_return_order_status_error','Cannot update return order status! Maybe the return order status is not valid.','2023-01-04 01:11:08','2023-01-04 01:11:08'),(3132,1,'en','plugins/ecommerce/order','notices.update_return_order_status_success','Update return order status successfully!','2023-01-04 01:11:08','2023-01-04 01:11:08'),(3133,1,'en','plugins/ecommerce/order','order_return','Order returns','2023-01-04 01:11:08','2023-01-04 01:11:08'),(3134,1,'en','plugins/ecommerce/order','order_return_items_count','Product item(s)','2023-01-04 01:11:08','2023-01-04 01:11:08'),(3135,1,'en','plugins/ecommerce/payment','name','Payments','2023-01-04 01:11:08','2023-01-04 01:11:08'),(3136,1,'en','plugins/ecommerce/payment','payment_method','Payment methods','2023-01-04 01:11:08','2023-01-04 01:11:08'),(3137,1,'en','plugins/ecommerce/payment','view_payment','View payment #','2023-01-04 01:11:08','2023-01-04 01:11:08'),(3138,1,'en','plugins/ecommerce/payment','charge_id','Charge ID','2023-01-04 01:11:08','2023-01-04 01:11:08'),(3139,1,'en','plugins/ecommerce/payment','amount','Amount','2023-01-04 01:11:08','2023-01-04 01:11:08'),(3140,1,'en','plugins/ecommerce/payment','currency','Currency','2023-01-04 01:11:08','2023-01-04 01:11:08'),(3141,1,'en','plugins/ecommerce/payment','user','User','2023-01-04 01:11:08','2023-01-04 01:11:08'),(3142,1,'en','plugins/ecommerce/payment','paypal_name_required','PayPal\'s name is required!','2023-01-04 01:11:08','2023-01-04 01:11:08'),(3143,1,'en','plugins/ecommerce/payment','paypal_name_max','PayPal\'s name is too long!','2023-01-04 01:11:08','2023-01-04 01:11:08'),(3144,1,'en','plugins/ecommerce/payment','status','Status','2023-01-04 01:11:08','2023-01-04 01:11:08'),(3145,1,'en','plugins/ecommerce/payment','enabled','Enabled','2023-01-04 01:11:08','2023-01-04 01:11:08'),(3146,1,'en','plugins/ecommerce/payment','disabled','Disabled','2023-01-04 01:11:08','2023-01-04 01:11:08'),(3147,1,'en','plugins/ecommerce/payment','client_id','Client ID','2023-01-04 01:11:08','2023-01-04 01:11:08'),(3148,1,'en','plugins/ecommerce/payment','client_secret','Client Secret','2023-01-04 01:11:08','2023-01-04 01:11:08'),(3149,1,'en','plugins/ecommerce/payment','mode','Mode','2023-01-04 01:11:08','2023-01-04 01:11:08'),(3150,1,'en','plugins/ecommerce/payment','sandbox','Sandbox','2023-01-04 01:11:08','2023-01-04 01:11:08'),(3151,1,'en','plugins/ecommerce/payment','live','Live','2023-01-04 01:11:08','2023-01-04 01:11:08'),(3152,1,'en','plugins/ecommerce/payment','enable_payment_log','Enable Payment Log','2023-01-04 01:11:08','2023-01-04 01:11:08'),(3153,1,'en','plugins/ecommerce/payment','yes','Yes','2023-01-04 01:11:08','2023-01-04 01:11:08'),(3154,1,'en','plugins/ecommerce/payment','no','No','2023-01-04 01:11:08','2023-01-04 01:11:08'),(3155,1,'en','plugins/ecommerce/payment','client_key','Client Key','2023-01-04 01:11:08','2023-01-04 01:11:08'),(3156,1,'en','plugins/ecommerce/payment','paypal','PayPal','2023-01-04 01:11:08','2023-01-04 01:11:08'),(3157,1,'en','plugins/ecommerce/payment','action','Action','2023-01-04 01:11:08','2023-01-04 01:11:08'),(3158,1,'en','plugins/ecommerce/payment','go_back','Go back','2023-01-04 01:11:08','2023-01-04 01:11:08'),(3159,1,'en','plugins/ecommerce/payment','view','View','2023-01-04 01:11:08','2023-01-04 01:11:08'),(3160,1,'en','plugins/ecommerce/payment','cash_on_delivery','Cash on delivery (COD)','2023-01-04 01:11:08','2023-01-04 01:11:08'),(3161,1,'en','plugins/ecommerce/payment','via_bank_transfer','Via bank transfer','2023-01-04 01:11:08','2023-01-04 01:11:08'),(3162,1,'en','plugins/ecommerce/payment','payment_via_cart','Payment via card','2023-01-04 01:11:08','2023-01-04 01:11:08'),(3163,1,'en','plugins/ecommerce/payment','card_number','Card number','2023-01-04 01:11:08','2023-01-04 01:11:08'),(3164,1,'en','plugins/ecommerce/payment','full_name','Full name','2023-01-04 01:11:08','2023-01-04 01:11:08'),(3165,1,'en','plugins/ecommerce/payment','payment_via_paypal','Payment via PayPal','2023-01-04 01:11:08','2023-01-04 01:11:08'),(3166,1,'en','plugins/ecommerce/payment','mm_yy','MM/YY','2023-01-04 01:11:08','2023-01-04 01:11:08'),(3167,1,'en','plugins/ecommerce/payment','cvc','CVC','2023-01-04 01:11:08','2023-01-04 01:11:08'),(3168,1,'en','plugins/ecommerce/payment','details','Details','2023-01-04 01:11:08','2023-01-04 01:11:08'),(3169,1,'en','plugins/ecommerce/payment','payer_name','Payer Name','2023-01-04 01:11:08','2023-01-04 01:11:08'),(3170,1,'en','plugins/ecommerce/payment','email','Email','2023-01-04 01:11:08','2023-01-04 01:11:08'),(3171,1,'en','plugins/ecommerce/payment','phone','Phone','2023-01-04 01:11:08','2023-01-04 01:11:08'),(3172,1,'en','plugins/ecommerce/payment','country','Country','2023-01-04 01:11:08','2023-01-04 01:11:08'),(3173,1,'en','plugins/ecommerce/payment','shipping_address','Shipping Address','2023-01-04 01:11:08','2023-01-04 01:11:08'),(3174,1,'en','plugins/ecommerce/payment','payment_details','Payment Details','2023-01-04 01:11:08','2023-01-04 01:11:08'),(3175,1,'en','plugins/ecommerce/payment','card','Card','2023-01-04 01:11:08','2023-01-04 01:11:08'),(3176,1,'en','plugins/ecommerce/payment','address','Address','2023-01-04 01:11:08','2023-01-04 01:11:08'),(3177,1,'en','plugins/ecommerce/payment','new_payment','Payment for order :id','2023-01-04 01:11:08','2023-01-04 01:11:08'),(3178,1,'en','plugins/ecommerce/payment','payment_id','Payment ID','2023-01-04 01:11:08','2023-01-04 01:11:08'),(3179,1,'en','plugins/ecommerce/prices','name','Price','2023-01-04 01:11:08','2023-01-04 01:11:08'),(3180,1,'en','plugins/ecommerce/prices','create','New price','2023-01-04 01:11:08','2023-01-04 01:11:08'),(3181,1,'en','plugins/ecommerce/prices','edit','Edit price','2023-01-04 01:11:08','2023-01-04 01:11:08'),(3182,1,'en','plugins/ecommerce/prices','list','List price','2023-01-04 01:11:08','2023-01-04 01:11:08'),(3183,1,'en','plugins/ecommerce/product-attribute-sets','name','Product attribute sets','2023-01-04 01:11:08','2023-01-04 01:11:08'),(3184,1,'en','plugins/ecommerce/product-attribute-sets','create','New product attribute set','2023-01-04 01:11:08','2023-01-04 01:11:08'),(3185,1,'en','plugins/ecommerce/product-attribute-sets','edit','Edit product attribute set','2023-01-04 01:11:08','2023-01-04 01:11:08'),(3186,1,'en','plugins/ecommerce/product-attribute-sets','visible_in_categories','Visible in categories','2023-01-04 01:11:08','2023-01-04 01:11:08'),(3187,1,'en','plugins/ecommerce/product-attribute-sets','product_with_more_version','Product with more version','2023-01-04 01:11:08','2023-01-04 01:11:08'),(3188,1,'en','plugins/ecommerce/product-attribute-sets','create_a_version','Create a version','2023-01-04 01:11:08','2023-01-04 01:11:08'),(3189,1,'en','plugins/ecommerce/product-attribute-sets','enabled','Enabled','2023-01-04 01:11:08','2023-01-04 01:11:08'),(3190,1,'en','plugins/ecommerce/product-attribute-sets','attributes','Attributes','2023-01-04 01:11:08','2023-01-04 01:11:08'),(3191,1,'en','plugins/ecommerce/product-attribute-sets','price','Price','2023-01-04 01:11:08','2023-01-04 01:11:08'),(3192,1,'en','plugins/ecommerce/product-attribute-sets','edit_btn','Edit','2023-01-04 01:11:08','2023-01-04 01:11:08'),(3193,1,'en','plugins/ecommerce/product-attribute-sets','remove_btn','Remove','2023-01-04 01:11:08','2023-01-04 01:11:08'),(3194,1,'en','plugins/ecommerce/product-attribute-sets','product','Product','2023-01-04 01:11:08','2023-01-04 01:11:08'),(3195,1,'en','plugins/ecommerce/product-attribute-sets','back_to_product','Back to product','2023-01-04 01:11:08','2023-01-04 01:11:08'),(3196,1,'en','plugins/ecommerce/product-attribute-sets','save','Save','2023-01-04 01:11:08','2023-01-04 01:11:08'),(3197,1,'en','plugins/ecommerce/product-attribute-sets','other_existing_versions','Other existing versions','2023-01-04 01:11:08','2023-01-04 01:11:08'),(3198,1,'en','plugins/ecommerce/product-attribute-sets','version_information','Version information','2023-01-04 01:11:08','2023-01-04 01:11:08'),(3199,1,'en','plugins/ecommerce/product-attribute-sets','add_rule','Add rule','2023-01-04 01:11:08','2023-01-04 01:11:08'),(3200,1,'en','plugins/ecommerce/product-attribute-sets','rules','Rules','2023-01-04 01:11:08','2023-01-04 01:11:08'),(3201,1,'en','plugins/ecommerce/product-attribute-sets','pricing','Pricing','2023-01-04 01:11:08','2023-01-04 01:11:08'),(3202,1,'en','plugins/ecommerce/product-attribute-sets','sale_price','Sale price','2023-01-04 01:11:08','2023-01-04 01:11:08'),(3203,1,'en','plugins/ecommerce/product-attribute-sets','sale_type','Sale type','2023-01-04 01:11:08','2023-01-04 01:11:08'),(3204,1,'en','plugins/ecommerce/product-attribute-sets','no_sale_price','No sale price','2023-01-04 01:11:08','2023-01-04 01:11:08'),(3205,1,'en','plugins/ecommerce/product-attribute-sets','always_on_sale','Always on sale','2023-01-04 01:11:08','2023-01-04 01:11:08'),(3206,1,'en','plugins/ecommerce/product-attribute-sets','limited_time','Limited time','2023-01-04 01:11:08','2023-01-04 01:11:08'),(3207,1,'en','plugins/ecommerce/product-attribute-sets','from','From','2023-01-04 01:11:08','2023-01-04 01:11:08'),(3208,1,'en','plugins/ecommerce/product-attribute-sets','to','To','2023-01-04 01:11:08','2023-01-04 01:11:08'),(3209,1,'en','plugins/ecommerce/product-attribute-sets','storehouse','Storehouse','2023-01-04 01:11:08','2023-01-04 01:11:08'),(3210,1,'en','plugins/ecommerce/product-attribute-sets','no_storehouse_management','No storehouse management','2023-01-04 01:11:08','2023-01-04 01:11:08'),(3211,1,'en','plugins/ecommerce/product-attribute-sets','with_storehouse_management','With storehouse management','2023-01-04 01:11:08','2023-01-04 01:11:08'),(3212,1,'en','plugins/ecommerce/product-attribute-sets','quantity','Quantity','2023-01-04 01:11:08','2023-01-04 01:11:08'),(3213,1,'en','plugins/ecommerce/product-attribute-sets','allow_customer_checkout_out_of_stock','Allow customer checkout when this product out of stock','2023-01-04 01:11:08','2023-01-04 01:11:08'),(3214,1,'en','plugins/ecommerce/product-attribute-sets','shipping','Shipping','2023-01-04 01:11:08','2023-01-04 01:11:08'),(3215,1,'en','plugins/ecommerce/product-attribute-sets','length','Length','2023-01-04 01:11:08','2023-01-04 01:11:08'),(3216,1,'en','plugins/ecommerce/product-attribute-sets','wide','Wide','2023-01-04 01:11:08','2023-01-04 01:11:08'),(3217,1,'en','plugins/ecommerce/product-attribute-sets','height','Height','2023-01-04 01:11:08','2023-01-04 01:11:08'),(3218,1,'en','plugins/ecommerce/product-attribute-sets','weight','Weight','2023-01-04 01:11:08','2023-01-04 01:11:08'),(3219,1,'en','plugins/ecommerce/product-attribute-sets','version_images','Version images','2023-01-04 01:11:08','2023-01-04 01:11:08'),(3220,1,'en','plugins/ecommerce/product-attribute-sets','add_new_image','Add new image','2023-01-04 01:11:08','2023-01-04 01:11:08'),(3221,1,'en','plugins/ecommerce/product-attribute-sets','attribute_set','Attribute set','2023-01-04 01:11:08','2023-01-04 01:11:08'),(3222,1,'en','plugins/ecommerce/product-attribute-sets','value','Value','2023-01-04 01:11:08','2023-01-04 01:11:08'),(3223,1,'en','plugins/ecommerce/product-attribute-sets','dropdown_swatch','Dropdown Swatch','2023-01-04 01:11:08','2023-01-04 01:11:08'),(3224,1,'en','plugins/ecommerce/product-attribute-sets','visual_swatch','Visual Swatch','2023-01-04 01:11:08','2023-01-04 01:11:08'),(3225,1,'en','plugins/ecommerce/product-attribute-sets','text_swatch','Text Swatch','2023-01-04 01:11:08','2023-01-04 01:11:08'),(3226,1,'en','plugins/ecommerce/product-attribute-sets','display_layout','Display Layout','2023-01-04 01:11:08','2023-01-04 01:11:08'),(3227,1,'en','plugins/ecommerce/product-attribute-sets','searchable','Searchable','2023-01-04 01:11:08','2023-01-04 01:11:08'),(3228,1,'en','plugins/ecommerce/product-attribute-sets','comparable','Comparable','2023-01-04 01:11:08','2023-01-04 01:11:08'),(3229,1,'en','plugins/ecommerce/product-attribute-sets','use_in_product_listing','Used in product listing','2023-01-04 01:11:08','2023-01-04 01:11:08'),(3230,1,'en','plugins/ecommerce/product-attribute-sets','attributes_list','Attributes list','2023-01-04 01:11:08','2023-01-04 01:11:08'),(3231,1,'en','plugins/ecommerce/product-attribute-sets','is_default','Is default?','2023-01-04 01:11:08','2023-01-04 01:11:08'),(3232,1,'en','plugins/ecommerce/product-attribute-sets','title','Title','2023-01-04 01:11:08','2023-01-04 01:11:08'),(3233,1,'en','plugins/ecommerce/product-attribute-sets','slug','Slug','2023-01-04 01:11:08','2023-01-04 01:11:08'),(3234,1,'en','plugins/ecommerce/product-attribute-sets','color','Color','2023-01-04 01:11:08','2023-01-04 01:11:08'),(3235,1,'en','plugins/ecommerce/product-attribute-sets','image','Image','2023-01-04 01:11:08','2023-01-04 01:11:08'),(3236,1,'en','plugins/ecommerce/product-attribute-sets','remove','Remove','2023-01-04 01:11:08','2023-01-04 01:11:08'),(3237,1,'en','plugins/ecommerce/product-attribute-sets','add_new_attribute','Add new attribute','2023-01-04 01:11:08','2023-01-04 01:11:08'),(3238,1,'en','plugins/ecommerce/product-attribute-sets','use_image_from_product_variation','Use image from product variation (for Visual Swatch only)','2023-01-04 01:11:08','2023-01-04 01:11:08'),(3239,1,'en','plugins/ecommerce/product-attributes','name','Product attributes','2023-01-04 01:11:08','2023-01-04 01:11:08'),(3240,1,'en','plugins/ecommerce/product-attributes','create','New product attribute','2023-01-04 01:11:08','2023-01-04 01:11:08'),(3241,1,'en','plugins/ecommerce/product-attributes','edit','Edit product attribute','2023-01-04 01:11:08','2023-01-04 01:11:08'),(3242,1,'en','plugins/ecommerce/product-attributes','intro.title','Manage product attributes','2023-01-04 01:11:08','2023-01-04 01:11:08'),(3243,1,'en','plugins/ecommerce/product-attributes','intro.description','Product attribute such as color, width, height ...','2023-01-04 01:11:08','2023-01-04 01:11:08'),(3244,1,'en','plugins/ecommerce/product-attributes','intro.button_text','Create product attribute','2023-01-04 01:11:08','2023-01-04 01:11:08'),(3245,1,'en','plugins/ecommerce/product-categories','name','Product categories','2023-01-04 01:11:08','2023-01-04 01:11:08'),(3246,1,'en','plugins/ecommerce/product-categories','create','Create new product category','2023-01-04 01:11:08','2023-01-04 01:11:08'),(3247,1,'en','plugins/ecommerce/product-categories','edit','Edit product category','2023-01-04 01:11:08','2023-01-04 01:11:08'),(3248,1,'en','plugins/ecommerce/product-categories','list','List product categories','2023-01-04 01:11:08','2023-01-04 01:11:08'),(3249,1,'en','plugins/ecommerce/product-categories','none','None','2023-01-04 01:11:08','2023-01-04 01:11:08'),(3250,1,'en','plugins/ecommerce/product-categories','menu','Product categories','2023-01-04 01:11:08','2023-01-04 01:11:08'),(3251,1,'en','plugins/ecommerce/product-categories','intro.title','Manage product categories','2023-01-04 01:11:08','2023-01-04 01:11:08'),(3252,1,'en','plugins/ecommerce/product-categories','intro.description','Such as clothes, shoes, bags, jewelry ...','2023-01-04 01:11:08','2023-01-04 01:11:08'),(3253,1,'en','plugins/ecommerce/product-categories','intro.button_text','Create product category','2023-01-04 01:11:08','2023-01-04 01:11:08'),(3254,1,'en','plugins/ecommerce/product-categories','total_products','Total products: :total','2023-01-04 01:11:08','2023-01-04 01:11:08'),(3255,1,'en','plugins/ecommerce/product-collections','name','Product collections','2023-01-04 01:11:08','2023-01-04 01:11:08'),(3256,1,'en','plugins/ecommerce/product-collections','create','New product collection','2023-01-04 01:11:08','2023-01-04 01:11:08'),(3257,1,'en','plugins/ecommerce/product-collections','edit','Edit product collection','2023-01-04 01:11:08','2023-01-04 01:11:08'),(3258,1,'en','plugins/ecommerce/product-collections','slug_help_block','Label key: <code>:slug</code>. We will use this key for filter.','2023-01-04 01:11:08','2023-01-04 01:11:08'),(3259,1,'en','plugins/ecommerce/product-collections','intro.title','Manage product collections','2023-01-04 01:11:08','2023-01-04 01:11:08'),(3260,1,'en','plugins/ecommerce/product-collections','intro.description','Group your products into collections to make it easier for customers to find them by category.','2023-01-04 01:11:08','2023-01-04 01:11:08'),(3261,1,'en','plugins/ecommerce/product-collections','intro.button_text','Create product collection','2023-01-04 01:11:08','2023-01-04 01:11:08'),(3262,1,'en','plugins/ecommerce/product-label','name','Product labels','2023-01-04 01:11:08','2023-01-04 01:11:08'),(3263,1,'en','plugins/ecommerce/product-label','create','New product label','2023-01-04 01:11:08','2023-01-04 01:11:08'),(3264,1,'en','plugins/ecommerce/product-label','edit','Edit product label','2023-01-04 01:11:08','2023-01-04 01:11:08'),(3265,1,'en','plugins/ecommerce/product-label','color','Color','2023-01-04 01:11:08','2023-01-04 01:11:08'),(3266,1,'en','plugins/ecommerce/product-label','color_placeholder','Example: #f0f0f0','2023-01-04 01:11:08','2023-01-04 01:11:08'),(3267,1,'en','plugins/ecommerce/product-option','name','Product Options','2023-01-04 01:11:08','2023-01-04 01:11:08'),(3268,1,'en','plugins/ecommerce/product-option','options','Options','2023-01-04 01:11:08','2023-01-04 01:11:08'),(3269,1,'en','plugins/ecommerce/product-option','create','New option','2023-01-04 01:11:08','2023-01-04 01:11:08'),(3270,1,'en','plugins/ecommerce/product-option','edit','Edit option','2023-01-04 01:11:08','2023-01-04 01:11:08'),(3271,1,'en','plugins/ecommerce/product-option','required','Is required?','2023-01-04 01:11:08','2023-01-04 01:11:08'),(3272,1,'en','plugins/ecommerce/product-option','option_value','Option value','2023-01-04 01:11:08','2023-01-04 01:11:08'),(3273,1,'en','plugins/ecommerce/product-option','option_type','Type','2023-01-04 01:11:08','2023-01-04 01:11:08'),(3274,1,'en','plugins/ecommerce/product-option','label','Label','2023-01-04 01:11:08','2023-01-04 01:11:08'),(3275,1,'en','plugins/ecommerce/product-option','price','Price','2023-01-04 01:11:08','2023-01-04 01:11:08'),(3276,1,'en','plugins/ecommerce/product-option','price_type','Price Type','2023-01-04 01:11:08','2023-01-04 01:11:08'),(3277,1,'en','plugins/ecommerce/product-option','percent','Percent','2023-01-04 01:11:08','2023-01-04 01:11:08'),(3278,1,'en','plugins/ecommerce/product-option','fixed','Fixed','2023-01-04 01:11:08','2023-01-04 01:11:08'),(3279,1,'en','plugins/ecommerce/product-option','label_placeholder','Please fill label','2023-01-04 01:11:08','2023-01-04 01:11:08'),(3280,1,'en','plugins/ecommerce/product-option','affect_price_label','Please fill affect price','2023-01-04 01:11:08','2023-01-04 01:11:08'),(3281,1,'en','plugins/ecommerce/product-option','add_new_row','Add new row','2023-01-04 01:11:08','2023-01-04 01:11:08'),(3282,1,'en','plugins/ecommerce/product-option','add_new_option','Add new option','2023-01-04 01:11:08','2023-01-04 01:11:08'),(3283,1,'en','plugins/ecommerce/product-option','select_global_option','Select Global Option','2023-01-04 01:11:08','2023-01-04 01:11:08'),(3284,1,'en','plugins/ecommerce/product-option','add_global_option','Add Global Option','2023-01-04 01:11:08','2023-01-04 01:11:08'),(3285,1,'en','plugins/ecommerce/product-option','please_select_option','Please select option','2023-01-04 01:11:08','2023-01-04 01:11:08'),(3286,1,'en','plugins/ecommerce/product-option','add_to_cart_value_required','Option :value is required','2023-01-04 01:11:08','2023-01-04 01:11:08'),(3287,1,'en','plugins/ecommerce/product-option','option_value_attribute','value :item of :value_key on option #:option_key','2023-01-04 01:11:08','2023-01-04 01:11:08'),(3288,1,'en','plugins/ecommerce/product-option','option_name_attribute','Option :key','2023-01-04 01:11:08','2023-01-04 01:11:08'),(3289,1,'en','plugins/ecommerce/product-option','option_type_attribute','Type of option :key','2023-01-04 01:11:08','2023-01-04 01:11:08'),(3290,1,'en','plugins/ecommerce/product-option','option_value_name_attribute','Values of option :key','2023-01-04 01:11:08','2023-01-04 01:11:08'),(3291,1,'en','plugins/ecommerce/product-tag','name','Product tags','2023-01-04 01:11:08','2023-01-04 01:11:08'),(3292,1,'en','plugins/ecommerce/product-tag','create','New product tag','2023-01-04 01:11:08','2023-01-04 01:11:08'),(3293,1,'en','plugins/ecommerce/product-tag','edit','Edit product tag','2023-01-04 01:11:08','2023-01-04 01:11:08'),(3294,1,'en','plugins/ecommerce/products','name','Products','2023-01-04 01:11:08','2023-01-04 01:11:08'),(3295,1,'en','plugins/ecommerce/products','create','New product','2023-01-04 01:11:08','2023-01-04 01:11:08'),(3296,1,'en','plugins/ecommerce/products','create_product_type.physical','New physical product','2023-01-04 01:11:08','2023-01-04 01:11:08'),(3297,1,'en','plugins/ecommerce/products','create_product_type.digital','New digital product','2023-01-04 01:11:08','2023-01-04 01:11:08'),(3298,1,'en','plugins/ecommerce/products','edit','Edit product - :name','2023-01-04 01:11:08','2023-01-04 01:11:08'),(3299,1,'en','plugins/ecommerce/products','form.name','Name','2023-01-04 01:11:08','2023-01-04 01:11:08'),(3300,1,'en','plugins/ecommerce/products','form.name_placeholder','Product\'s name (Maximum 120 characters)','2023-01-04 01:11:08','2023-01-04 01:11:08'),(3301,1,'en','plugins/ecommerce/products','form.description','Description','2023-01-04 01:11:08','2023-01-04 01:11:08'),(3302,1,'en','plugins/ecommerce/products','form.description_placeholder','Short description for product (Maximum 400 characters)','2023-01-04 01:11:08','2023-01-04 01:11:08'),(3303,1,'en','plugins/ecommerce/products','form.categories','Categories','2023-01-04 01:11:08','2023-01-04 01:11:08'),(3304,1,'en','plugins/ecommerce/products','form.content','Content','2023-01-04 01:11:08','2023-01-04 01:11:08'),(3305,1,'en','plugins/ecommerce/products','form.price','Price','2023-01-04 01:11:08','2023-01-04 01:11:08'),(3306,1,'en','plugins/ecommerce/products','form.quantity','Quantity','2023-01-04 01:11:08','2023-01-04 01:11:08'),(3307,1,'en','plugins/ecommerce/products','form.brand','Brand','2023-01-04 01:11:08','2023-01-04 01:11:08'),(3308,1,'en','plugins/ecommerce/products','form.width','Width','2023-01-04 01:11:08','2023-01-04 01:11:08'),(3309,1,'en','plugins/ecommerce/products','form.height','Height','2023-01-04 01:11:08','2023-01-04 01:11:08'),(3310,1,'en','plugins/ecommerce/products','form.weight','Weight','2023-01-04 01:11:08','2023-01-04 01:11:08'),(3311,1,'en','plugins/ecommerce/products','form.date.start','From date','2023-01-04 01:11:08','2023-01-04 01:11:08'),(3312,1,'en','plugins/ecommerce/products','form.date.end','To date','2023-01-04 01:11:08','2023-01-04 01:11:08'),(3313,1,'en','plugins/ecommerce/products','form.image','Images','2023-01-04 01:11:08','2023-01-04 01:11:08'),(3314,1,'en','plugins/ecommerce/products','form.collections','Product collections','2023-01-04 01:11:08','2023-01-04 01:11:08'),(3315,1,'en','plugins/ecommerce/products','form.labels','Labels','2023-01-04 01:11:08','2023-01-04 01:11:08'),(3316,1,'en','plugins/ecommerce/products','form.price_sale','Price sale','2023-01-04 01:11:08','2023-01-04 01:11:08'),(3317,1,'en','plugins/ecommerce/products','form.product_type.title','Product type','2023-01-04 01:11:08','2023-01-04 01:11:08'),(3318,1,'en','plugins/ecommerce/products','form.product','Product','2023-01-04 01:11:08','2023-01-04 01:11:08'),(3319,1,'en','plugins/ecommerce/products','form.total','Total','2023-01-04 01:11:08','2023-01-04 01:11:08'),(3320,1,'en','plugins/ecommerce/products','form.sub_total','Subtotal','2023-01-04 01:11:08','2023-01-04 01:11:08'),(3321,1,'en','plugins/ecommerce/products','form.shipping_fee','Shipping fee','2023-01-04 01:11:08','2023-01-04 01:11:08'),(3322,1,'en','plugins/ecommerce/products','form.discount','Discount','2023-01-04 01:11:08','2023-01-04 01:11:08'),(3323,1,'en','plugins/ecommerce/products','form.options','Options','2023-01-04 01:11:08','2023-01-04 01:11:08'),(3324,1,'en','plugins/ecommerce/products','form.shipping.height','Height','2023-01-04 01:11:08','2023-01-04 01:11:08'),(3325,1,'en','plugins/ecommerce/products','form.shipping.length','Length','2023-01-04 01:11:08','2023-01-04 01:11:08'),(3326,1,'en','plugins/ecommerce/products','form.shipping.title','Shipping','2023-01-04 01:11:08','2023-01-04 01:11:08'),(3327,1,'en','plugins/ecommerce/products','form.shipping.weight','Weight','2023-01-04 01:11:08','2023-01-04 01:11:08'),(3328,1,'en','plugins/ecommerce/products','form.shipping.wide','Wide','2023-01-04 01:11:08','2023-01-04 01:11:08'),(3329,1,'en','plugins/ecommerce/products','form.stock.allow_order_when_out','Allow customer checkout when this product out of stock','2023-01-04 01:11:08','2023-01-04 01:11:08'),(3330,1,'en','plugins/ecommerce/products','form.stock.in_stock','In stock','2023-01-04 01:11:08','2023-01-04 01:11:08'),(3331,1,'en','plugins/ecommerce/products','form.stock.out_stock','Out stock','2023-01-04 01:11:08','2023-01-04 01:11:08'),(3332,1,'en','plugins/ecommerce/products','form.stock.title','Stock status','2023-01-04 01:11:08','2023-01-04 01:11:08'),(3333,1,'en','plugins/ecommerce/products','form.storehouse.no_storehouse','No storehouse management','2023-01-04 01:11:08','2023-01-04 01:11:08'),(3334,1,'en','plugins/ecommerce/products','form.storehouse.storehouse','With storehouse management','2023-01-04 01:11:08','2023-01-04 01:11:08'),(3335,1,'en','plugins/ecommerce/products','form.storehouse.title','Storehouse','2023-01-04 01:11:08','2023-01-04 01:11:08'),(3336,1,'en','plugins/ecommerce/products','form.storehouse.quantity','Quantity','2023-01-04 01:11:08','2023-01-04 01:11:08'),(3337,1,'en','plugins/ecommerce/products','form.tax','Tax','2023-01-04 01:11:08','2023-01-04 01:11:08'),(3338,1,'en','plugins/ecommerce/products','form.taxes','Taxes','2023-01-04 01:11:08','2023-01-04 01:11:08'),(3339,1,'en','plugins/ecommerce/products','form.is_default','Is default','2023-01-04 01:11:08','2023-01-04 01:11:08'),(3340,1,'en','plugins/ecommerce/products','form.action','Action','2023-01-04 01:11:08','2023-01-04 01:11:08'),(3341,1,'en','plugins/ecommerce/products','form.restock_quantity','Restock quantity','2023-01-04 01:11:08','2023-01-04 01:11:08'),(3342,1,'en','plugins/ecommerce/products','form.remain','Remain','2023-01-04 01:11:08','2023-01-04 01:11:08'),(3343,1,'en','plugins/ecommerce/products','form.choose_discount_period','Choose Discount Period','2023-01-04 01:11:08','2023-01-04 01:11:08'),(3344,1,'en','plugins/ecommerce/products','form.cancel','Cancel','2023-01-04 01:11:08','2023-01-04 01:11:08'),(3345,1,'en','plugins/ecommerce/products','form.no_results','No results!','2023-01-04 01:11:08','2023-01-04 01:11:08'),(3346,1,'en','plugins/ecommerce/products','form.value','Value','2023-01-04 01:11:08','2023-01-04 01:11:08'),(3347,1,'en','plugins/ecommerce/products','form.attribute_name','Attribute name','2023-01-04 01:11:08','2023-01-04 01:11:08'),(3348,1,'en','plugins/ecommerce/products','form.add_more_attribute','Add more attribute','2023-01-04 01:11:08','2023-01-04 01:11:08'),(3349,1,'en','plugins/ecommerce/products','form.continue','Continue','2023-01-04 01:11:08','2023-01-04 01:11:08'),(3350,1,'en','plugins/ecommerce/products','form.add_new_attributes','Add new attributes','2023-01-04 01:11:08','2023-01-04 01:11:08'),(3351,1,'en','plugins/ecommerce/products','form.add_new_attributes_description','Adding new attributes helps the product to have many options, such as size or color.','2023-01-04 01:11:08','2023-01-04 01:11:08'),(3352,1,'en','plugins/ecommerce/products','form.create_product_variations',':link to create product variations!','2023-01-04 01:11:08','2023-01-04 01:11:08'),(3353,1,'en','plugins/ecommerce/products','form.tags','Tags','2023-01-04 01:11:08','2023-01-04 01:11:08'),(3354,1,'en','plugins/ecommerce/products','form.write_some_tags','Write some tags','2023-01-04 01:11:08','2023-01-04 01:11:08'),(3355,1,'en','plugins/ecommerce/products','form.variation_existed','This variation is existed.','2023-01-04 01:11:08','2023-01-04 01:11:08'),(3356,1,'en','plugins/ecommerce/products','form.no_attributes_selected','No attributes selected!','2023-01-04 01:11:08','2023-01-04 01:11:08'),(3357,1,'en','plugins/ecommerce/products','form.added_variation_success','Added variation successfully!','2023-01-04 01:11:08','2023-01-04 01:11:08'),(3358,1,'en','plugins/ecommerce/products','form.updated_variation_success','Updated variation successfully!','2023-01-04 01:11:08','2023-01-04 01:11:08'),(3359,1,'en','plugins/ecommerce/products','form.created_all_variation_success','Created all variations successfully!','2023-01-04 01:11:08','2023-01-04 01:11:08'),(3360,1,'en','plugins/ecommerce/products','form.updated_product_attributes_success','Updated product attributes successfully!','2023-01-04 01:11:08','2023-01-04 01:11:08'),(3361,1,'en','plugins/ecommerce/products','form.stock_status','Stock status','2023-01-04 01:11:08','2023-01-04 01:11:08'),(3362,1,'en','plugins/ecommerce/products','form.auto_generate_sku','Auto generate SKU?','2023-01-04 01:11:08','2023-01-04 01:11:08'),(3363,1,'en','plugins/ecommerce/products','form.featured_image','Featured image (optional)','2023-01-04 01:11:08','2023-01-04 01:11:08'),(3364,1,'en','plugins/ecommerce/products','form.product_id','Product ID','2023-01-04 01:11:08','2023-01-04 01:11:08'),(3365,1,'en','plugins/ecommerce/products','price','Price','2023-01-04 01:11:08','2023-01-04 01:11:08'),(3366,1,'en','plugins/ecommerce/products','quantity','Quantity','2023-01-04 01:11:08','2023-01-04 01:11:08'),(3367,1,'en','plugins/ecommerce/products','type','Type','2023-01-04 01:11:08','2023-01-04 01:11:08'),(3368,1,'en','plugins/ecommerce/products','image','Thumbnail','2023-01-04 01:11:08','2023-01-04 01:11:08'),(3369,1,'en','plugins/ecommerce/products','sku','SKU','2023-01-04 01:11:08','2023-01-04 01:11:08'),(3370,1,'en','plugins/ecommerce/products','variation_sku','Variation SKU','2023-01-04 01:11:08','2023-01-04 01:11:08'),(3371,1,'en','plugins/ecommerce/products','brand','Brand','2023-01-04 01:11:08','2023-01-04 01:11:08'),(3372,1,'en','plugins/ecommerce/products','cannot_delete','Product could not be deleted','2023-01-04 01:11:08','2023-01-04 01:11:08'),(3373,1,'en','plugins/ecommerce/products','product_deleted','Product deleted','2023-01-04 01:11:08','2023-01-04 01:11:08'),(3374,1,'en','plugins/ecommerce/products','product_collections','Product collections','2023-01-04 01:11:08','2023-01-04 01:11:08'),(3375,1,'en','plugins/ecommerce/products','products','Products','2023-01-04 01:11:08','2023-01-04 01:11:08'),(3376,1,'en','plugins/ecommerce/products','menu','Products','2023-01-04 01:11:08','2023-01-04 01:11:08'),(3377,1,'en','plugins/ecommerce/products','control.button_add_image','Add image','2023-01-04 01:11:08','2023-01-04 01:11:08'),(3378,1,'en','plugins/ecommerce/products','price_sale','Sale price','2023-01-04 01:11:08','2023-01-04 01:11:08'),(3379,1,'en','plugins/ecommerce/products','price_group_title','Manager product price','2023-01-04 01:11:08','2023-01-04 01:11:08'),(3380,1,'en','plugins/ecommerce/products','store_house_group_title','Manager store house','2023-01-04 01:11:08','2023-01-04 01:11:08'),(3381,1,'en','plugins/ecommerce/products','shipping_group_title','Manager shipping','2023-01-04 01:11:08','2023-01-04 01:11:08'),(3382,1,'en','plugins/ecommerce/products','overview','Overview','2023-01-04 01:11:08','2023-01-04 01:11:08'),(3383,1,'en','plugins/ecommerce/products','attributes','Attributes','2023-01-04 01:11:08','2023-01-04 01:11:08'),(3384,1,'en','plugins/ecommerce/products','product_has_variations','Product has variations','2023-01-04 01:11:08','2023-01-04 01:11:08'),(3385,1,'en','plugins/ecommerce/products','manage_products','Manage products','2023-01-04 01:11:08','2023-01-04 01:11:08'),(3386,1,'en','plugins/ecommerce/products','add_new_product','Add a new product','2023-01-04 01:11:08','2023-01-04 01:11:08'),(3387,1,'en','plugins/ecommerce/products','start_by_adding_new_product','Start by adding new products.','2023-01-04 01:11:08','2023-01-04 01:11:08'),(3388,1,'en','plugins/ecommerce/products','edit_this_product','Edit this product','2023-01-04 01:11:08','2023-01-04 01:11:08'),(3389,1,'en','plugins/ecommerce/products','delete','Delete','2023-01-04 01:11:08','2023-01-04 01:11:08'),(3390,1,'en','plugins/ecommerce/products','related_products','Related products','2023-01-04 01:11:08','2023-01-04 01:11:08'),(3391,1,'en','plugins/ecommerce/products','cross_selling_products','Cross-selling products','2023-01-04 01:11:08','2023-01-04 01:11:08'),(3392,1,'en','plugins/ecommerce/products','up_selling_products','Up-selling products','2023-01-04 01:11:08','2023-01-04 01:11:08'),(3393,1,'en','plugins/ecommerce/products','grouped_products','Grouped products','2023-01-04 01:11:08','2023-01-04 01:11:08'),(3394,1,'en','plugins/ecommerce/products','search_products','Search products','2023-01-04 01:11:08','2023-01-04 01:11:08'),(3395,1,'en','plugins/ecommerce/products','selected_products','Selected products','2023-01-04 01:11:08','2023-01-04 01:11:08'),(3396,1,'en','plugins/ecommerce/products','edit_variation_item','Edit','2023-01-04 01:11:08','2023-01-04 01:11:08'),(3397,1,'en','plugins/ecommerce/products','variations_box_description','Click on \"Edit attribute\" to add/remove attributes of variation or click on \"Add new variation\" to add variation.','2023-01-04 01:11:08','2023-01-04 01:11:08'),(3398,1,'en','plugins/ecommerce/products','save_changes','Save changes','2023-01-04 01:11:08','2023-01-04 01:11:08'),(3399,1,'en','plugins/ecommerce/products','continue','Continue','2023-01-04 01:11:08','2023-01-04 01:11:08'),(3400,1,'en','plugins/ecommerce/products','edit_attribute','Edit attribute','2023-01-04 01:11:08','2023-01-04 01:11:08'),(3401,1,'en','plugins/ecommerce/products','select_attribute','Select attribute','2023-01-04 01:11:08','2023-01-04 01:11:08'),(3402,1,'en','plugins/ecommerce/products','add_new_variation','Add new variation','2023-01-04 01:11:08','2023-01-04 01:11:08'),(3403,1,'en','plugins/ecommerce/products','edit_variation','Edit variation','2023-01-04 01:11:08','2023-01-04 01:11:08'),(3404,1,'en','plugins/ecommerce/products','generate_all_variations','Generate all variations','2023-01-04 01:11:08','2023-01-04 01:11:08'),(3405,1,'en','plugins/ecommerce/products','generate_all_variations_confirmation','Are you sure you want to generate all variations for this product?','2023-01-04 01:11:08','2023-01-04 01:11:08'),(3406,1,'en','plugins/ecommerce/products','delete_variation','Delete variation?','2023-01-04 01:11:08','2023-01-04 01:11:08'),(3407,1,'en','plugins/ecommerce/products','delete_variation_confirmation','Are you sure you want to delete this variation? This action cannot be undo.','2023-01-04 01:11:08','2023-01-04 01:11:08'),(3408,1,'en','plugins/ecommerce/products','delete_variations_confirmation','Are you sure you want to delete those variations? This action cannot be undo.','2023-01-04 01:11:08','2023-01-04 01:11:08'),(3409,1,'en','plugins/ecommerce/products','product_create_validate_name_required','Please enter product\'s name','2023-01-04 01:11:08','2023-01-04 01:11:08'),(3410,1,'en','plugins/ecommerce/products','product_create_validate_sale_price_max','The discount must be less than the original price','2023-01-04 01:11:08','2023-01-04 01:11:08'),(3411,1,'en','plugins/ecommerce/products','product_create_validate_sale_price_required_if','Must enter a discount when you want to schedule a promotion','2023-01-04 01:11:08','2023-01-04 01:11:08'),(3412,1,'en','plugins/ecommerce/products','product_create_validate_end_date_after','End date must be after start date','2023-01-04 01:11:08','2023-01-04 01:11:08'),(3413,1,'en','plugins/ecommerce/products','product_create_validate_start_date_required_if','Discount start date cannot be left blank when scheduling is selected','2023-01-04 01:11:08','2023-01-04 01:11:08'),(3414,1,'en','plugins/ecommerce/products','product_create_validate_sale_price','Discounts cannot be left blank when scheduling is selected','2023-01-04 01:11:08','2023-01-04 01:11:08'),(3415,1,'en','plugins/ecommerce/products','stock_statuses.in_stock','In stock','2023-01-04 01:11:08','2023-01-04 01:11:08'),(3416,1,'en','plugins/ecommerce/products','stock_statuses.out_of_stock','Out of stock','2023-01-04 01:11:08','2023-01-04 01:11:08'),(3417,1,'en','plugins/ecommerce/products','stock_statuses.on_backorder','On backorder','2023-01-04 01:11:08','2023-01-04 01:11:08'),(3418,1,'en','plugins/ecommerce/products','stock_status','Stock status','2023-01-04 01:11:08','2023-01-04 01:11:08'),(3419,1,'en','plugins/ecommerce/products','processing','Processing...','2023-01-04 01:11:08','2023-01-04 01:11:08'),(3420,1,'en','plugins/ecommerce/products','delete_selected_variations','Delete selected variations','2023-01-04 01:11:09','2023-01-04 01:11:09'),(3421,1,'en','plugins/ecommerce/products','delete_variations','Delete variations','2023-01-04 01:11:09','2023-01-04 01:11:09'),(3422,1,'en','plugins/ecommerce/products','category','Category','2023-01-04 01:11:09','2023-01-04 01:11:09'),(3423,1,'en','plugins/ecommerce/products','product_price_flash_sale_warning','This product is in flash sale <strong>:name</strong> so its price is <strong>:price</strong>.','2023-01-04 01:11:09','2023-01-04 01:11:09'),(3424,1,'en','plugins/ecommerce/products','product_price_discount_warning','This product is in discount <strong>:name</strong> so its price is <strong>:price</strong>.','2023-01-04 01:11:09','2023-01-04 01:11:09'),(3425,1,'en','plugins/ecommerce/products','product_image','Product image','2023-01-04 01:11:09','2023-01-04 01:11:09'),(3426,1,'en','plugins/ecommerce/products','product_name','Product name','2023-01-04 01:11:09','2023-01-04 01:11:09'),(3427,1,'en','plugins/ecommerce/products','types.physical','Physical','2023-01-04 01:11:09','2023-01-04 01:11:09'),(3428,1,'en','plugins/ecommerce/products','types.digital','Digital','2023-01-04 01:11:09','2023-01-04 01:11:09'),(3429,1,'en','plugins/ecommerce/products','digital_attachments.title','Digital attachments','2023-01-04 01:11:09','2023-01-04 01:11:09'),(3430,1,'en','plugins/ecommerce/products','digital_attachments.add','Add Attachment','2023-01-04 01:11:09','2023-01-04 01:11:09'),(3431,1,'en','plugins/ecommerce/products','digital_attachments.file_name','File name','2023-01-04 01:11:09','2023-01-04 01:11:09'),(3432,1,'en','plugins/ecommerce/products','digital_attachments.file_size','File size','2023-01-04 01:11:09','2023-01-04 01:11:09'),(3433,1,'en','plugins/ecommerce/products','digital_attachments.unsaved','Unsaved','2023-01-04 01:11:09','2023-01-04 01:11:09'),(3434,1,'en','plugins/ecommerce/reports','name','Report','2023-01-04 01:11:09','2023-01-04 01:11:09'),(3435,1,'en','plugins/ecommerce/reports','widget.order.title','Orders','2023-01-04 01:11:09','2023-01-04 01:11:09'),(3436,1,'en','plugins/ecommerce/reports','count.revenue','Today revenue','2023-01-04 01:11:09','2023-01-04 01:11:09'),(3437,1,'en','plugins/ecommerce/reports','count.orders','Today orders','2023-01-04 01:11:09','2023-01-04 01:11:09'),(3438,1,'en','plugins/ecommerce/reports','count.products','Total products','2023-01-04 01:11:09','2023-01-04 01:11:09'),(3439,1,'en','plugins/ecommerce/reports','count.customers','Total customers','2023-01-04 01:11:09','2023-01-04 01:11:09'),(3440,1,'en','plugins/ecommerce/reports','product_name','Product name','2023-01-04 01:11:09','2023-01-04 01:11:09'),(3441,1,'en','plugins/ecommerce/reports','quantity','Quantity','2023-01-04 01:11:09','2023-01-04 01:11:09'),(3442,1,'en','plugins/ecommerce/reports','revenue_statistics','Revenue statistics','2023-01-04 01:11:09','2023-01-04 01:11:09'),(3443,1,'en','plugins/ecommerce/reports','top_selling_products','Top Selling Products','2023-01-04 01:11:09','2023-01-04 01:11:09'),(3444,1,'en','plugins/ecommerce/reports','ranges.today','Today','2023-01-04 01:11:09','2023-01-04 01:11:09'),(3445,1,'en','plugins/ecommerce/reports','ranges.this_week','This week','2023-01-04 01:11:09','2023-01-04 01:11:09'),(3446,1,'en','plugins/ecommerce/reports','ranges.last_7_days','Last 7 days','2023-01-04 01:11:09','2023-01-04 01:11:09'),(3447,1,'en','plugins/ecommerce/reports','ranges.last_30_days','Last 30 days','2023-01-04 01:11:09','2023-01-04 01:11:09'),(3448,1,'en','plugins/ecommerce/reports','ranges.this_month','This month','2023-01-04 01:11:09','2023-01-04 01:11:09'),(3449,1,'en','plugins/ecommerce/reports','ranges.this_year','This year','2023-01-04 01:11:09','2023-01-04 01:11:09'),(3450,1,'en','plugins/ecommerce/reports','revenue_this_month','Revenue this month','2023-01-04 01:11:09','2023-01-04 01:11:09'),(3451,1,'en','plugins/ecommerce/reports','order_processing_this_month','order(s) processing in this month','2023-01-04 01:11:09','2023-01-04 01:11:09'),(3452,1,'en','plugins/ecommerce/reports','order_completed_this_month','order(s) completed in this month','2023-01-04 01:11:09','2023-01-04 01:11:09'),(3453,1,'en','plugins/ecommerce/reports','product_will_be_out_of_stock','product(s) will be out of stock soon','2023-01-04 01:11:09','2023-01-04 01:11:09'),(3454,1,'en','plugins/ecommerce/reports','product_out_of_stock','product(s) out of stock','2023-01-04 01:11:09','2023-01-04 01:11:09'),(3455,1,'en','plugins/ecommerce/reports','sales_reports','Sales Reports','2023-01-04 01:11:09','2023-01-04 01:11:09'),(3456,1,'en','plugins/ecommerce/reports','total_earnings','Total Earnings','2023-01-04 01:11:09','2023-01-04 01:11:09'),(3457,1,'en','plugins/ecommerce/reports','recent_orders','Recent Orders','2023-01-04 01:11:09','2023-01-04 01:11:09'),(3458,1,'en','plugins/ecommerce/reports','statistics','Statistics','2023-01-04 01:11:09','2023-01-04 01:11:09'),(3459,1,'en','plugins/ecommerce/reports','items_earning_sales','Items Earning Sales: :value','2023-01-04 01:11:09','2023-01-04 01:11:09'),(3460,1,'en','plugins/ecommerce/reports','revenue','Revenue','2023-01-04 01:11:09','2023-01-04 01:11:09'),(3461,1,'en','plugins/ecommerce/reports','orders','Orders','2023-01-04 01:11:09','2023-01-04 01:11:09'),(3462,1,'en','plugins/ecommerce/reports','products','Products','2023-01-04 01:11:09','2023-01-04 01:11:09'),(3463,1,'en','plugins/ecommerce/reports','customers','Customers','2023-01-04 01:11:09','2023-01-04 01:11:09'),(3464,1,'en','plugins/ecommerce/reports','earnings','Earnings','2023-01-04 01:11:09','2023-01-04 01:11:09'),(3465,1,'en','plugins/ecommerce/reports','date_range_format_value','From :from to :to','2023-01-04 01:11:09','2023-01-04 01:11:09'),(3466,1,'en','plugins/ecommerce/reports','select_range','Select Range','2023-01-04 01:11:09','2023-01-04 01:11:09'),(3467,1,'en','plugins/ecommerce/review','name','Reviews','2023-01-04 01:11:09','2023-01-04 01:11:09'),(3468,1,'en','plugins/ecommerce/review','add_review','Add review','2023-01-04 01:11:09','2023-01-04 01:11:09'),(3469,1,'en','plugins/ecommerce/review','delete_review','Delete review','2023-01-04 01:11:09','2023-01-04 01:11:09'),(3470,1,'en','plugins/ecommerce/review','create_review','Create Review','2023-01-04 01:11:09','2023-01-04 01:11:09'),(3471,1,'en','plugins/ecommerce/review','please_select_rating','Please select rating','2023-01-04 01:11:09','2023-01-04 01:11:09'),(3472,1,'en','plugins/ecommerce/review','comment','Comment','2023-01-04 01:11:09','2023-01-04 01:11:09'),(3473,1,'en','plugins/ecommerce/review','approve','Approve','2023-01-04 01:11:09','2023-01-04 01:11:09'),(3474,1,'en','plugins/ecommerce/review','approved','Approved','2023-01-04 01:11:09','2023-01-04 01:11:09'),(3475,1,'en','plugins/ecommerce/review','disapprove','Disapprove','2023-01-04 01:11:09','2023-01-04 01:11:09'),(3476,1,'en','plugins/ecommerce/review','disapproved','Disapproved','2023-01-04 01:11:09','2023-01-04 01:11:09'),(3477,1,'en','plugins/ecommerce/review','product','Product','2023-01-04 01:11:09','2023-01-04 01:11:09'),(3478,1,'en','plugins/ecommerce/review','user','User','2023-01-04 01:11:09','2023-01-04 01:11:09'),(3479,1,'en','plugins/ecommerce/review','star','Star','2023-01-04 01:11:09','2023-01-04 01:11:09'),(3480,1,'en','plugins/ecommerce/review','status','Status','2023-01-04 01:11:09','2023-01-04 01:11:09'),(3481,1,'en','plugins/ecommerce/review','list_review','Customer reviews','2023-01-04 01:11:09','2023-01-04 01:11:09'),(3482,1,'en','plugins/ecommerce/review','intro.title','Manage customer reviews','2023-01-04 01:11:09','2023-01-04 01:11:09'),(3483,1,'en','plugins/ecommerce/review','intro.description','Customer reviews will be shown here and you can manage it to show/hide in product detail page.','2023-01-04 01:11:09','2023-01-04 01:11:09'),(3484,1,'en','plugins/ecommerce/review','images','Images','2023-01-04 01:11:09','2023-01-04 01:11:09'),(3485,1,'en','plugins/ecommerce/shipping','name','Shipping Rules','2023-01-04 01:11:09','2023-01-04 01:11:09'),(3486,1,'en','plugins/ecommerce/shipping','shipping','Shipping','2023-01-04 01:11:09','2023-01-04 01:11:09'),(3487,1,'en','plugins/ecommerce/shipping','title','Title','2023-01-04 01:11:09','2023-01-04 01:11:09'),(3488,1,'en','plugins/ecommerce/shipping','amount','Amount','2023-01-04 01:11:09','2023-01-04 01:11:09'),(3489,1,'en','plugins/ecommerce/shipping','enable','Enable','2023-01-04 01:11:09','2023-01-04 01:11:09'),(3490,1,'en','plugins/ecommerce/shipping','enabled','Enabled','2023-01-04 01:11:09','2023-01-04 01:11:09'),(3491,1,'en','plugins/ecommerce/shipping','disable','Disable','2023-01-04 01:11:09','2023-01-04 01:11:09'),(3492,1,'en','plugins/ecommerce/shipping','disabled','Disabled','2023-01-04 01:11:09','2023-01-04 01:11:09'),(3493,1,'en','plugins/ecommerce/shipping','create_shipping','Create a shipping','2023-01-04 01:11:09','2023-01-04 01:11:09'),(3494,1,'en','plugins/ecommerce/shipping','edit_shipping','Edit shipping :code','2023-01-04 01:11:09','2023-01-04 01:11:09'),(3495,1,'en','plugins/ecommerce/shipping','status','Status','2023-01-04 01:11:09','2023-01-04 01:11:09'),(3496,1,'en','plugins/ecommerce/shipping','shipping_methods','Shipping methods','2023-01-04 01:11:09','2023-01-04 01:11:09'),(3497,1,'en','plugins/ecommerce/shipping','create_shipping_method','Create shipping method','2023-01-04 01:11:09','2023-01-04 01:11:09'),(3498,1,'en','plugins/ecommerce/shipping','edit_shipping_method','Edit shipping method','2023-01-04 01:11:09','2023-01-04 01:11:09'),(3499,1,'en','plugins/ecommerce/shipping','add_shipping_region','Add shipping region','2023-01-04 01:11:09','2023-01-04 01:11:09'),(3500,1,'en','plugins/ecommerce/shipping','country','Country','2023-01-04 01:11:09','2023-01-04 01:11:09'),(3501,1,'en','plugins/ecommerce/shipping','state','State','2023-01-04 01:11:09','2023-01-04 01:11:09'),(3502,1,'en','plugins/ecommerce/shipping','city','City','2023-01-04 01:11:09','2023-01-04 01:11:09'),(3503,1,'en','plugins/ecommerce/shipping','address','Address','2023-01-04 01:11:09','2023-01-04 01:11:09'),(3504,1,'en','plugins/ecommerce/shipping','phone','Phone','2023-01-04 01:11:09','2023-01-04 01:11:09'),(3505,1,'en','plugins/ecommerce/shipping','email','Email','2023-01-04 01:11:09','2023-01-04 01:11:09'),(3506,1,'en','plugins/ecommerce/shipping','zip_code','Zip code','2023-01-04 01:11:09','2023-01-04 01:11:09'),(3507,1,'en','plugins/ecommerce/shipping','methods.default','Default','2023-01-04 01:11:09','2023-01-04 01:11:09'),(3508,1,'en','plugins/ecommerce/shipping','statuses.not_approved','Not approved','2023-01-04 01:11:09','2023-01-04 01:11:09'),(3509,1,'en','plugins/ecommerce/shipping','statuses.approved','Approved','2023-01-04 01:11:09','2023-01-04 01:11:09'),(3510,1,'en','plugins/ecommerce/shipping','statuses.pending','Pending','2023-01-04 01:11:09','2023-01-04 01:11:09'),(3511,1,'en','plugins/ecommerce/shipping','statuses.arrange_shipment','Arrange shipment','2023-01-04 01:11:09','2023-01-04 01:11:09'),(3512,1,'en','plugins/ecommerce/shipping','statuses.ready_to_be_shipped_out','Ready to be shipped out','2023-01-04 01:11:09','2023-01-04 01:11:09'),(3513,1,'en','plugins/ecommerce/shipping','statuses.picking','Picking','2023-01-04 01:11:09','2023-01-04 01:11:09'),(3514,1,'en','plugins/ecommerce/shipping','statuses.delay_picking','Delay picking','2023-01-04 01:11:09','2023-01-04 01:11:09'),(3515,1,'en','plugins/ecommerce/shipping','statuses.picked','Picked','2023-01-04 01:11:09','2023-01-04 01:11:09'),(3516,1,'en','plugins/ecommerce/shipping','statuses.not_picked','Not picked','2023-01-04 01:11:09','2023-01-04 01:11:09'),(3517,1,'en','plugins/ecommerce/shipping','statuses.delivering','Delivering','2023-01-04 01:11:09','2023-01-04 01:11:09'),(3518,1,'en','plugins/ecommerce/shipping','statuses.delivered','Delivered','2023-01-04 01:11:09','2023-01-04 01:11:09'),(3519,1,'en','plugins/ecommerce/shipping','statuses.not_delivered','Not delivered','2023-01-04 01:11:09','2023-01-04 01:11:09'),(3520,1,'en','plugins/ecommerce/shipping','statuses.audited','Audited','2023-01-04 01:11:09','2023-01-04 01:11:09'),(3521,1,'en','plugins/ecommerce/shipping','statuses.canceled','Canceled','2023-01-04 01:11:09','2023-01-04 01:11:09'),(3522,1,'en','plugins/ecommerce/shipping','cod_statuses.pending','Pending','2023-01-04 01:11:09','2023-01-04 01:11:09'),(3523,1,'en','plugins/ecommerce/shipping','cod_statuses.completed','Completed','2023-01-04 01:11:09','2023-01-04 01:11:09'),(3524,1,'en','plugins/ecommerce/shipping','delete','Delete','2023-01-04 01:11:09','2023-01-04 01:11:09'),(3525,1,'en','plugins/ecommerce/shipping','shipping_rules','Shipping Rules','2023-01-04 01:11:09','2023-01-04 01:11:09'),(3526,1,'en','plugins/ecommerce/shipping','shipping_rules_description','Rules to calculate shipping fee.','2023-01-04 01:11:09','2023-01-04 01:11:09'),(3527,1,'en','plugins/ecommerce/shipping','select_country','Select country','2023-01-04 01:11:09','2023-01-04 01:11:09'),(3528,1,'en','plugins/ecommerce/shipping','add_shipping_rule','Add shipping rule','2023-01-04 01:11:09','2023-01-04 01:11:09'),(3529,1,'en','plugins/ecommerce/shipping','delete_shipping_rate','Delete shipping rate for area','2023-01-04 01:11:09','2023-01-04 01:11:09'),(3530,1,'en','plugins/ecommerce/shipping','delete_shipping_rate_confirmation','Are you sure you want to delete <strong class=\"region-price-item-label\"></strong> from this shipping area?','2023-01-04 01:11:09','2023-01-04 01:11:09'),(3531,1,'en','plugins/ecommerce/shipping','delete_shipping_area','Delete shipping area','2023-01-04 01:11:09','2023-01-04 01:11:09'),(3532,1,'en','plugins/ecommerce/shipping','delete_shipping_area_confirmation','Are you sure you want to delete shipping area <strong class=\"region-item-label\"></strong>?','2023-01-04 01:11:09','2023-01-04 01:11:09'),(3533,1,'en','plugins/ecommerce/shipping','add_shipping_fee_for_area','Add shipping fee for area','2023-01-04 01:11:09','2023-01-04 01:11:09'),(3534,1,'en','plugins/ecommerce/shipping','confirm','Confirm','2023-01-04 01:11:09','2023-01-04 01:11:09'),(3535,1,'en','plugins/ecommerce/shipping','save','Save','2023-01-04 01:11:09','2023-01-04 01:11:09'),(3536,1,'en','plugins/ecommerce/shipping','greater_than','Greater than','2023-01-04 01:11:09','2023-01-04 01:11:09'),(3537,1,'en','plugins/ecommerce/shipping','type','Type','2023-01-04 01:11:09','2023-01-04 01:11:09'),(3538,1,'en','plugins/ecommerce/shipping','shipping_rule_name','Name of shipping rule','2023-01-04 01:11:09','2023-01-04 01:11:09'),(3539,1,'en','plugins/ecommerce/shipping','shipping_fee','Shipping fee','2023-01-04 01:11:09','2023-01-04 01:11:09'),(3540,1,'en','plugins/ecommerce/shipping','cancel','Cancel','2023-01-04 01:11:09','2023-01-04 01:11:09'),(3541,1,'en','plugins/ecommerce/shipping','based_on_weight','Based on product\'s weight (:unit)','2023-01-04 01:11:09','2023-01-04 01:11:09'),(3542,1,'en','plugins/ecommerce/shipping','based_on_price','Based on product\'s price','2023-01-04 01:11:09','2023-01-04 01:11:09'),(3543,1,'en','plugins/ecommerce/shipping','shipment_canceled','Shipment was canceled','2023-01-04 01:11:09','2023-01-04 01:11:09'),(3544,1,'en','plugins/ecommerce/shipping','at','At','2023-01-04 01:11:09','2023-01-04 01:11:09'),(3545,1,'en','plugins/ecommerce/shipping','cash_on_delivery','Cash on delivery (COD)','2023-01-04 01:11:09','2023-01-04 01:11:09'),(3546,1,'en','plugins/ecommerce/shipping','update_shipping_status','Update shipping status','2023-01-04 01:11:09','2023-01-04 01:11:09'),(3547,1,'en','plugins/ecommerce/shipping','update_cod_status','Update COD status','2023-01-04 01:11:09','2023-01-04 01:11:09'),(3548,1,'en','plugins/ecommerce/shipping','history','History','2023-01-04 01:11:09','2023-01-04 01:11:09'),(3549,1,'en','plugins/ecommerce/shipping','shipment_information','Shipment information','2023-01-04 01:11:09','2023-01-04 01:11:09'),(3550,1,'en','plugins/ecommerce/shipping','order_number','Order number','2023-01-04 01:11:09','2023-01-04 01:11:09'),(3551,1,'en','plugins/ecommerce/shipping','shipping_method','Shipping method','2023-01-04 01:11:09','2023-01-04 01:11:09'),(3552,1,'en','plugins/ecommerce/shipping','select_shipping_method','Select shipping method','2023-01-04 01:11:09','2023-01-04 01:11:09'),(3553,1,'en','plugins/ecommerce/shipping','cod_status','COD status','2023-01-04 01:11:09','2023-01-04 01:11:09'),(3554,1,'en','plugins/ecommerce/shipping','shipping_status','Shipping status','2023-01-04 01:11:09','2023-01-04 01:11:09'),(3555,1,'en','plugins/ecommerce/shipping','customer_information','Customer information','2023-01-04 01:11:09','2023-01-04 01:11:09'),(3556,1,'en','plugins/ecommerce/shipping','sku','SKU','2023-01-04 01:11:09','2023-01-04 01:11:09'),(3557,1,'en','plugins/ecommerce/shipping','change_status_confirm_title','Confirm <span class=\"shipment-status-label\"></span> ?','2023-01-04 01:11:09','2023-01-04 01:11:09'),(3558,1,'en','plugins/ecommerce/shipping','change_status_confirm_description','Are you sure you want to confirm <span class=\"shipment-status-label\"></span> for this shipment?','2023-01-04 01:11:09','2023-01-04 01:11:09'),(3559,1,'en','plugins/ecommerce/shipping','accept','Accept','2023-01-04 01:11:09','2023-01-04 01:11:09'),(3560,1,'en','plugins/ecommerce/shipping','weight_unit','Weight (:unit)','2023-01-04 01:11:09','2023-01-04 01:11:09'),(3561,1,'en','plugins/ecommerce/shipping','updated_at','Last Update','2023-01-04 01:11:09','2023-01-04 01:11:09'),(3562,1,'en','plugins/ecommerce/shipping','cod_amount','Cash on delivery amount (COD)','2023-01-04 01:11:09','2023-01-04 01:11:09'),(3563,1,'en','plugins/ecommerce/shipping','cancel_shipping','Cancel shipping','2023-01-04 01:11:09','2023-01-04 01:11:09'),(3564,1,'en','plugins/ecommerce/shipping','shipping_address','Shipping address','2023-01-04 01:11:09','2023-01-04 01:11:09'),(3565,1,'en','plugins/ecommerce/shipping','packages','Packages','2023-01-04 01:11:09','2023-01-04 01:11:09'),(3566,1,'en','plugins/ecommerce/shipping','edit','Edit','2023-01-04 01:11:09','2023-01-04 01:11:09'),(3567,1,'en','plugins/ecommerce/shipping','fee','Fee','2023-01-04 01:11:09','2023-01-04 01:11:09'),(3568,1,'en','plugins/ecommerce/shipping','note','Note','2023-01-04 01:11:09','2023-01-04 01:11:09'),(3569,1,'en','plugins/ecommerce/shipping','finish','Finish','2023-01-04 01:11:09','2023-01-04 01:11:09'),(3570,1,'en','plugins/ecommerce/shipping','shipping_fee_cod','Shipping fee/COD','2023-01-04 01:11:09','2023-01-04 01:11:09'),(3571,1,'en','plugins/ecommerce/shipping','send_confirmation_email_to_customer','Send confirmation email to customer','2023-01-04 01:11:09','2023-01-04 01:11:09'),(3572,1,'en','plugins/ecommerce/shipping','form_name','Name','2023-01-04 01:11:09','2023-01-04 01:11:09'),(3573,1,'en','plugins/ecommerce/shipping','changed_shipping_status','Changed status of shipping to: :status. Updated by: %user_name%','2023-01-04 01:11:09','2023-01-04 01:11:09'),(3574,1,'en','plugins/ecommerce/shipping','order_confirmed_by','Order confirmed by %user_name%','2023-01-04 01:11:09','2023-01-04 01:11:09'),(3575,1,'en','plugins/ecommerce/shipping','shipping_canceled_by','Shipping is cancelled by %user_name%','2023-01-04 01:11:09','2023-01-04 01:11:09'),(3576,1,'en','plugins/ecommerce/shipping','update_shipping_status_success','Update shipping status successfully!','2023-01-04 01:11:09','2023-01-04 01:11:09'),(3577,1,'en','plugins/ecommerce/shipping','update_cod_status_success','Updated COD status of shipping successfully!','2023-01-04 01:11:09','2023-01-04 01:11:09'),(3578,1,'en','plugins/ecommerce/shipping','updated_cod_status_by','Updated COD status to :status . Updated by: %user_name%','2023-01-04 01:11:09','2023-01-04 01:11:09'),(3579,1,'en','plugins/ecommerce/shipping','all','All','2023-01-04 01:11:09','2023-01-04 01:11:09'),(3580,1,'en','plugins/ecommerce/shipping','error_when_adding_new_region','There is an error when adding new region!','2023-01-04 01:11:09','2023-01-04 01:11:09'),(3581,1,'en','plugins/ecommerce/shipping','delivery','Delivery','2023-01-04 01:11:09','2023-01-04 01:11:09'),(3582,1,'en','plugins/ecommerce/shipping','adjustment_price_of','Adjustment price of :key','2023-01-04 01:11:09','2023-01-04 01:11:09'),(3583,1,'en','plugins/ecommerce/shipping','warehouse','Warehouse','2023-01-04 01:11:09','2023-01-04 01:11:09'),(3584,1,'en','plugins/ecommerce/shipping','delivery_note','Delivery note','2023-01-04 01:11:09','2023-01-04 01:11:09'),(3585,1,'en','plugins/ecommerce/shipping','shipments','Shipments','2023-01-04 01:11:09','2023-01-04 01:11:09'),(3586,1,'en','plugins/ecommerce/shipping','order_id','Order ID','2023-01-04 01:11:09','2023-01-04 01:11:09'),(3587,1,'en','plugins/ecommerce/shipping','not_available','Not available','2023-01-04 01:11:09','2023-01-04 01:11:09'),(3588,1,'en','plugins/ecommerce/shipping','shipping_amount','Shipping Amount','2023-01-04 01:11:09','2023-01-04 01:11:09'),(3589,1,'en','plugins/ecommerce/shipping','additional_shipment_information','Additional shipment information','2023-01-04 01:11:09','2023-01-04 01:11:09'),(3590,1,'en','plugins/ecommerce/shipping','shipping_company_name','Shipping Company Name','2023-01-04 01:11:09','2023-01-04 01:11:09'),(3591,1,'en','plugins/ecommerce/shipping','tracking_id','Tracking ID','2023-01-04 01:11:09','2023-01-04 01:11:09'),(3592,1,'en','plugins/ecommerce/shipping','tracking_link','Tracking Link','2023-01-04 01:11:09','2023-01-04 01:11:09'),(3593,1,'en','plugins/ecommerce/shipping','estimate_date_shipped','Estimate Date Shipped','2023-01-04 01:11:09','2023-01-04 01:11:09'),(3594,1,'en','plugins/ecommerce/shipping','date_shipped','Date Shipped','2023-01-04 01:11:09','2023-01-04 01:11:09'),(3595,1,'en','plugins/ecommerce/shipping','add_note','Add note...','2023-01-04 01:11:09','2023-01-04 01:11:09'),(3596,1,'en','plugins/ecommerce/shipping','view_order','View Order :order_id','2023-01-04 01:11:09','2023-01-04 01:11:09'),(3597,1,'en','plugins/ecommerce/store-locator','name','Store locators','2023-01-04 01:11:09','2023-01-04 01:11:09'),(3598,1,'en','plugins/ecommerce/store-locator','description','This address will appear on your invoice and will be used to calculate your shipping price.','2023-01-04 01:11:09','2023-01-04 01:11:09'),(3599,1,'en','plugins/ecommerce/store-locator','shop_name','Shop name','2023-01-04 01:11:09','2023-01-04 01:11:09'),(3600,1,'en','plugins/ecommerce/store-locator','phone','Phone','2023-01-04 01:11:09','2023-01-04 01:11:09'),(3601,1,'en','plugins/ecommerce/store-locator','email','Email','2023-01-04 01:11:09','2023-01-04 01:11:09'),(3602,1,'en','plugins/ecommerce/store-locator','state','State','2023-01-04 01:11:09','2023-01-04 01:11:09'),(3603,1,'en','plugins/ecommerce/store-locator','city','City','2023-01-04 01:11:09','2023-01-04 01:11:09'),(3604,1,'en','plugins/ecommerce/store-locator','country','Country','2023-01-04 01:11:09','2023-01-04 01:11:09'),(3605,1,'en','plugins/ecommerce/store-locator','address','Address','2023-01-04 01:11:09','2023-01-04 01:11:09'),(3606,1,'en','plugins/ecommerce/store-locator','primary_store_is','Primary store is','2023-01-04 01:11:09','2023-01-04 01:11:09'),(3607,1,'en','plugins/ecommerce/store-locator','store_name','Store name','2023-01-04 01:11:09','2023-01-04 01:11:09'),(3608,1,'en','plugins/ecommerce/store-locator','select_country','Select country...','2023-01-04 01:11:09','2023-01-04 01:11:09'),(3609,1,'en','plugins/ecommerce/store-locator','default_shipping_location','Default shipping location','2023-01-04 01:11:09','2023-01-04 01:11:09'),(3610,1,'en','plugins/ecommerce/store-locator','default_store','Default store','2023-01-04 01:11:09','2023-01-04 01:11:09'),(3611,1,'en','plugins/ecommerce/tax','name','Taxes','2023-01-04 01:11:09','2023-01-04 01:11:09'),(3612,1,'en','plugins/ecommerce/tax','create','Create a tax','2023-01-04 01:11:09','2023-01-04 01:11:09'),(3613,1,'en','plugins/ecommerce/tax','edit','Edit tax :title','2023-01-04 01:11:09','2023-01-04 01:11:09'),(3614,1,'en','plugins/ecommerce/tax','title','Title','2023-01-04 01:11:09','2023-01-04 01:11:09'),(3615,1,'en','plugins/ecommerce/tax','percentage','Percentage %','2023-01-04 01:11:09','2023-01-04 01:11:09'),(3616,1,'en','plugins/ecommerce/tax','priority','Priority','2023-01-04 01:11:09','2023-01-04 01:11:09'),(3617,1,'en','plugins/ecommerce/tax','select_tax','-- select --','2023-01-04 01:11:09','2023-01-04 01:11:09'),(3618,1,'vi','plugins/ecommerce/brands','name','Th??ng hi?u','2023-01-04 01:11:09','2023-01-04 01:11:09'),(3619,1,'vi','plugins/ecommerce/brands','create','Thêm th??ng hi?u m?i','2023-01-04 01:11:09','2023-01-04 01:11:09'),(3620,1,'vi','plugins/ecommerce/brands','edit','S?a th??ng hi?u','2023-01-04 01:11:09','2023-01-04 01:11:09'),(3621,1,'vi','plugins/ecommerce/brands','form.name','Tên','2023-01-04 01:11:09','2023-01-04 01:11:09'),(3622,1,'vi','plugins/ecommerce/brands','form.name_placeholder','Tên th??ng hi?u (t?i ?a 255 k? t?)','2023-01-04 01:11:09','2023-01-04 01:11:09'),(3623,1,'vi','plugins/ecommerce/brands','form.description','Mô t?','2023-01-04 01:11:09','2023-01-04 01:11:09'),(3624,1,'vi','plugins/ecommerce/brands','form.description_placeholder','Mô t? ng?n cho th??ng hi?u này (t?i ?a 400 k? t?)','2023-01-04 01:11:09','2023-01-04 01:11:09'),(3625,1,'vi','plugins/ecommerce/brands','form.website','Website','2023-01-04 01:11:09','2023-01-04 01:11:09'),(3626,1,'vi','plugins/ecommerce/brands','form.logo','Logo','2023-01-04 01:11:09','2023-01-04 01:11:09'),(3627,1,'vi','plugins/ecommerce/brands','form.is_featured','N?i b?t?','2023-01-04 01:11:09','2023-01-04 01:11:09'),(3628,1,'vi','plugins/ecommerce/brands','logo','Logo','2023-01-04 01:11:09','2023-01-04 01:11:09'),(3629,1,'vi','plugins/ecommerce/brands','website','Website','2023-01-04 01:11:09','2023-01-04 01:11:09'),(3630,1,'vi','plugins/ecommerce/brands','notices.no_select','Không c? b?n ghi nào ???c ch?n!','2023-01-04 01:11:09','2023-01-04 01:11:09'),(3631,1,'vi','plugins/ecommerce/brands','notices.update_success_message','C?p nh?t thành công','2023-01-04 01:11:09','2023-01-04 01:11:09'),(3632,1,'vi','plugins/ecommerce/brands','cannot_delete','Xo? không thành công','2023-01-04 01:11:09','2023-01-04 01:11:09'),(3633,1,'vi','plugins/ecommerce/brands','brand_deleted','Xo? th??ng hi?u thành công','2023-01-04 01:11:09','2023-01-04 01:11:09'),(3634,1,'vi','plugins/ecommerce/brands','menu','Th??ng hi?u','2023-01-04 01:11:09','2023-01-04 01:11:09'),(3635,1,'vi','plugins/ecommerce/brands','intro.title','Qu?n l? danh s?ch th??ng hi?u','2023-01-04 01:11:09','2023-01-04 01:11:09'),(3636,1,'vi','plugins/ecommerce/brands','intro.description','C?c th??ng hi?u c?a s?n ph?m nh? Nike, Adidas, Bitis ...','2023-01-04 01:11:09','2023-01-04 01:11:09'),(3637,1,'vi','plugins/ecommerce/brands','intro.button_text','T?o th??ng hi?u','2023-01-04 01:11:09','2023-01-04 01:11:09'),(3638,1,'vi','plugins/ecommerce/brands','no_brand','Không c? th??ng hi?u','2023-01-04 01:11:09','2023-01-04 01:11:09'),(3639,1,'vi','plugins/ecommerce/currencies','name','Ti?n t?','2023-01-04 01:11:09','2023-01-04 01:11:09'),(3640,1,'vi','plugins/ecommerce/currencies','create','Thêm lo?i ti?n t? m?i','2023-01-04 01:11:09','2023-01-04 01:11:09'),(3641,1,'vi','plugins/ecommerce/currencies','edit','S?a ti?n t?','2023-01-04 01:11:09','2023-01-04 01:11:09'),(3642,1,'vi','plugins/ecommerce/currencies','list','Danh s?ch ti?n t?','2023-01-04 01:11:09','2023-01-04 01:11:09'),(3643,1,'vi','plugins/ecommerce/currencies','tables.title','Tên','2023-01-04 01:11:09','2023-01-04 01:11:09'),(3644,1,'vi','plugins/ecommerce/currencies','tables.code','M?','2023-01-04 01:11:09','2023-01-04 01:11:09'),(3645,1,'vi','plugins/ecommerce/currencies','tables.symbol','K? hi?u','2023-01-04 01:11:09','2023-01-04 01:11:09'),(3646,1,'vi','plugins/ecommerce/currencies','tables.is_prefix_symbol','S? d?ng k? hi?u tr??c s? ti?n','2023-01-04 01:11:09','2023-01-04 01:11:09'),(3647,1,'vi','plugins/ecommerce/currencies','tables.status','Tr?ng th?i','2023-01-04 01:11:09','2023-01-04 01:11:09'),(3648,1,'vi','plugins/ecommerce/currencies','tables.order','S?p x?p','2023-01-04 01:11:09','2023-01-04 01:11:09'),(3649,1,'vi','plugins/ecommerce/currencies','forms.title','Tiêu ??','2023-01-04 01:11:09','2023-01-04 01:11:09'),(3650,1,'vi','plugins/ecommerce/currencies','forms.code','M?','2023-01-04 01:11:09','2023-01-04 01:11:09'),(3651,1,'vi','plugins/ecommerce/currencies','forms.symbol','K? hi?u','2023-01-04 01:11:09','2023-01-04 01:11:09'),(3652,1,'vi','plugins/ecommerce/currencies','forms.is_prefix_symbol','S? d?ng k? hi?u tr??c s? ti?n','2023-01-04 01:11:09','2023-01-04 01:11:09'),(3653,1,'vi','plugins/ecommerce/currencies','forms.status','Tr?ng th?i','2023-01-04 01:11:09','2023-01-04 01:11:09'),(3654,1,'vi','plugins/ecommerce/currencies','forms.order','S?p x?p','2023-01-04 01:11:09','2023-01-04 01:11:09'),(3655,1,'vi','plugins/ecommerce/currencies','forms.decimals','S? k? t? sau d?u phân c?ch','2023-01-04 01:11:09','2023-01-04 01:11:09'),(3656,1,'vi','plugins/ecommerce/currencies','forms.activated','?? k?ch ho?t','2023-01-04 01:11:09','2023-01-04 01:11:09'),(3657,1,'vi','plugins/ecommerce/currencies','forms.deactivated','?? b? hu? k?ch ho?t','2023-01-04 01:11:09','2023-01-04 01:11:09'),(3658,1,'vi','plugins/ecommerce/currencies','forms.yes','C?','2023-01-04 01:11:09','2023-01-04 01:11:09'),(3659,1,'vi','plugins/ecommerce/currencies','forms.no','Không','2023-01-04 01:11:09','2023-01-04 01:11:09'),(3660,1,'vi','plugins/ecommerce/currency','currencies','Ti?n t?','2023-01-04 01:11:09','2023-01-04 01:11:09'),(3661,1,'vi','plugins/ecommerce/currency','setting_description','C?c lo?i ti?n t? ???c s? d?ng trên website.','2023-01-04 01:11:09','2023-01-04 01:11:09'),(3662,1,'vi','plugins/ecommerce/currency','name','Tên','2023-01-04 01:11:09','2023-01-04 01:11:09'),(3663,1,'vi','plugins/ecommerce/currency','symbol','K? hi?u','2023-01-04 01:11:09','2023-01-04 01:11:09'),(3664,1,'vi','plugins/ecommerce/currency','number_of_decimals','S? th?p phân','2023-01-04 01:11:09','2023-01-04 01:11:09'),(3665,1,'vi','plugins/ecommerce/currency','exchange_rate','T? gi?','2023-01-04 01:11:09','2023-01-04 01:11:09'),(3666,1,'vi','plugins/ecommerce/currency','is_prefix_symbol','V? tr? k? hi?u','2023-01-04 01:11:09','2023-01-04 01:11:09'),(3667,1,'vi','plugins/ecommerce/currency','is_default','M?c ??nh?','2023-01-04 01:11:09','2023-01-04 01:11:09'),(3668,1,'vi','plugins/ecommerce/currency','remove','Xo?','2023-01-04 01:11:09','2023-01-04 01:11:09'),(3669,1,'vi','plugins/ecommerce/currency','new_currency','Thêm ti?n t? m?i','2023-01-04 01:11:09','2023-01-04 01:11:09'),(3670,1,'vi','plugins/ecommerce/currency','save_settings','L?u cài ??t','2023-01-04 01:11:09','2023-01-04 01:11:09'),(3671,1,'vi','plugins/ecommerce/currency','before_number','Tr??c s?','2023-01-04 01:11:09','2023-01-04 01:11:09'),(3672,1,'vi','plugins/ecommerce/currency','after_number','Sau s?','2023-01-04 01:11:09','2023-01-04 01:11:09'),(3673,1,'vi','plugins/ecommerce/customer','name','Kh?ch hàng','2023-01-04 01:11:09','2023-01-04 01:11:09'),(3674,1,'vi','plugins/ecommerce/customer','create','Create a customer','2023-01-04 01:11:09','2023-01-04 01:11:09'),(3675,1,'vi','plugins/ecommerce/customer','edit','Edit customer \":name\"','2023-01-04 01:11:09','2023-01-04 01:11:09'),(3676,1,'vi','plugins/ecommerce/customer','email','Email','2023-01-04 01:11:09','2023-01-04 01:11:09'),(3677,1,'vi','plugins/ecommerce/customer','email_placeholder','Ex: example@gmail.com','2023-01-04 01:11:09','2023-01-04 01:11:09'),(3678,1,'vi','plugins/ecommerce/customer','password','Password','2023-01-04 01:11:09','2023-01-04 01:11:09'),(3679,1,'vi','plugins/ecommerce/customer','change_password','Change password?','2023-01-04 01:11:09','2023-01-04 01:11:09'),(3680,1,'vi','plugins/ecommerce/customer','password_confirmation','Password confirmation','2023-01-04 01:11:09','2023-01-04 01:11:09'),(3681,1,'vi','plugins/ecommerce/customer','intro.title','Qu?n l? danh s?ch kh?ch hàng','2023-01-04 01:11:09','2023-01-04 01:11:09'),(3682,1,'vi','plugins/ecommerce/customer','intro.description','Khi kh?ch hàng ??t hàng, b?n s? bi?t ???c thông tin và l?ch s? mua hàng c?a kh?ch hàng.','2023-01-04 01:11:09','2023-01-04 01:11:09'),(3683,1,'vi','plugins/ecommerce/customer','intro.button_text','T?o kh?ch hàng','2023-01-04 01:11:09','2023-01-04 01:11:09'),(3684,1,'vi','plugins/ecommerce/discount','name','Khuy?n m?i','2023-01-04 01:11:09','2023-01-04 01:11:09'),(3685,1,'vi','plugins/ecommerce/discount','invalid_coupon','M? khuy?n m?i không h?p l? ho?c ?? h?t h?n!','2023-01-04 01:11:09','2023-01-04 01:11:09'),(3686,1,'vi','plugins/ecommerce/discount','cannot_use_same_time_with_other_discount_program','M? khuy?n m?i này không th? s? d?ng chung v?i ch??ng tr?nh khuy?n m?i!','2023-01-04 01:11:09','2023-01-04 01:11:09'),(3687,1,'vi','plugins/ecommerce/discount','not_used','Ch?a s? d?ng m? gi?m gi? này','2023-01-04 01:11:09','2023-01-04 01:11:09'),(3688,1,'vi','plugins/ecommerce/discount','detail','Detail','2023-01-04 01:11:09','2023-01-04 01:11:09'),(3689,1,'vi','plugins/ecommerce/discount','used','Used','2023-01-04 01:11:09','2023-01-04 01:11:09'),(3690,1,'vi','plugins/ecommerce/discount','start_date','Start date','2023-01-04 01:11:09','2023-01-04 01:11:09'),(3691,1,'vi','plugins/ecommerce/discount','end_date','End date','2023-01-04 01:11:09','2023-01-04 01:11:09'),(3692,1,'vi','plugins/ecommerce/discount','intro.title','Ch??ng tr?nh khuy?n m?i','2023-01-04 01:11:09','2023-01-04 01:11:09'),(3693,1,'vi','plugins/ecommerce/discount','intro.description','T?o ra c?c m? coupon, cài ??t m?t s?n ph?m, ho?c m?t nh?m s?n ph?m khuy?n m?i dành cho c?c kh?ch hàng thân thi?t c?a b?n.','2023-01-04 01:11:09','2023-01-04 01:11:09'),(3694,1,'vi','plugins/ecommerce/discount','intro.button_text','T?o khuy?n m?i','2023-01-04 01:11:09','2023-01-04 01:11:09'),(3695,1,'vi','plugins/ecommerce/discount','create','Create discount','2023-01-04 01:11:09','2023-01-04 01:11:09'),(3696,1,'vi','plugins/ecommerce/discount','expired','Expired','2023-01-04 01:11:09','2023-01-04 01:11:09'),(3697,1,'vi','plugins/ecommerce/discount','discount_promotion','Discount promotion','2023-01-04 01:11:09','2023-01-04 01:11:09'),(3698,1,'vi','plugins/ecommerce/discount','can','can','2023-01-04 01:11:09','2023-01-04 01:11:09'),(3699,1,'vi','plugins/ecommerce/discount','cannot','cannot','2023-01-04 01:11:09','2023-01-04 01:11:09'),(3700,1,'vi','plugins/ecommerce/discount','use_with_promotion','be used with promotion','2023-01-04 01:11:09','2023-01-04 01:11:09'),(3701,1,'vi','plugins/ecommerce/discount','create_discount_validate_title_required_if','Please enter the name of the promotion','2023-01-04 01:11:09','2023-01-04 01:11:09'),(3702,1,'vi','plugins/ecommerce/discount','create_discount_validate_code_required_if','Please enter the promotion code','2023-01-04 01:11:09','2023-01-04 01:11:09'),(3703,1,'vi','plugins/ecommerce/discount','create_discount_validate_value_required','Amount must be greater than 0','2023-01-04 01:11:09','2023-01-04 01:11:09'),(3704,1,'vi','plugins/ecommerce/discount','create_discount_validate_target_required','No object selected for promotion','2023-01-04 01:11:09','2023-01-04 01:11:09'),(3705,1,'vi','plugins/ecommerce/discount','enums.type-options.amount','Amount - Fixed','2023-01-04 01:11:09','2023-01-04 01:11:09'),(3706,1,'vi','plugins/ecommerce/discount','enums.type-options.percentage','Discount %','2023-01-04 01:11:09','2023-01-04 01:11:09'),(3707,1,'vi','plugins/ecommerce/discount','enums.type-options.shipping','Free shipping','2023-01-04 01:11:09','2023-01-04 01:11:09'),(3708,1,'vi','plugins/ecommerce/discount','enums.type-options.same-price','Same price','2023-01-04 01:11:09','2023-01-04 01:11:09'),(3709,1,'vi','plugins/ecommerce/discount','discount','Discount','2023-01-04 01:11:09','2023-01-04 01:11:09'),(3710,1,'vi','plugins/ecommerce/discount','create_coupon_code','T?o m? khuy?n m?i','2023-01-04 01:11:09','2023-01-04 01:11:09'),(3711,1,'vi','plugins/ecommerce/discount','create_discount_promotion','Create discount promotion','2023-01-04 01:11:09','2023-01-04 01:11:09'),(3712,1,'vi','plugins/ecommerce/discount','generate_coupon_code','Generate coupon code','2023-01-04 01:11:09','2023-01-04 01:11:09'),(3713,1,'vi','plugins/ecommerce/discount','customers_will_enter_this_coupon_code_when_they_checkout','Customers will enter this coupon code when they checkout','2023-01-04 01:11:09','2023-01-04 01:11:09'),(3714,1,'vi','plugins/ecommerce/discount','select_type_of_discount','Select type of discount','2023-01-04 01:11:09','2023-01-04 01:11:09'),(3715,1,'vi','plugins/ecommerce/discount','coupon_code','Coupon code','2023-01-04 01:11:09','2023-01-04 01:11:09'),(3716,1,'vi','plugins/ecommerce/discount','promotion','Promotion','2023-01-04 01:11:09','2023-01-04 01:11:09'),(3717,1,'vi','plugins/ecommerce/discount','can_be_used_with_promotion','Can be used with promotion','2023-01-04 01:11:09','2023-01-04 01:11:09'),(3718,1,'vi','plugins/ecommerce/discount','unlimited_coupon','Unlimited coupon','2023-01-04 01:11:09','2023-01-04 01:11:09'),(3719,1,'vi','plugins/ecommerce/discount','enter_number','Enter number','2023-01-04 01:11:09','2023-01-04 01:11:09'),(3720,1,'vi','plugins/ecommerce/discount','coupon_type','Coupon type','2023-01-04 01:11:09','2023-01-04 01:11:09'),(3721,1,'vi','plugins/ecommerce/discount','percentage_discount','Percentage discount (%)','2023-01-04 01:11:09','2023-01-04 01:11:09'),(3722,1,'vi','plugins/ecommerce/discount','free_shipping','Free shipping','2023-01-04 01:11:09','2023-01-04 01:11:09'),(3723,1,'vi','plugins/ecommerce/discount','same_price','Same price','2023-01-04 01:11:09','2023-01-04 01:11:09'),(3724,1,'vi','plugins/ecommerce/discount','apply_for','apply for','2023-01-04 01:11:09','2023-01-04 01:11:09'),(3725,1,'vi','plugins/ecommerce/discount','all_orders','All orders','2023-01-04 01:11:09','2023-01-04 01:11:09'),(3726,1,'vi','plugins/ecommerce/discount','order_amount_from','Order amount from','2023-01-04 01:11:09','2023-01-04 01:11:09'),(3727,1,'vi','plugins/ecommerce/discount','product_collection','Product collection','2023-01-04 01:11:09','2023-01-04 01:11:09'),(3728,1,'vi','plugins/ecommerce/discount','product','Product','2023-01-04 01:11:09','2023-01-04 01:11:09'),(3729,1,'vi','plugins/ecommerce/discount','customer','Customer','2023-01-04 01:11:09','2023-01-04 01:11:09'),(3730,1,'vi','plugins/ecommerce/discount','variant','Variant','2023-01-04 01:11:09','2023-01-04 01:11:09'),(3731,1,'vi','plugins/ecommerce/discount','search_product','Search product','2023-01-04 01:11:09','2023-01-04 01:11:09'),(3732,1,'vi','plugins/ecommerce/discount','no_products_found','No products found!','2023-01-04 01:11:09','2023-01-04 01:11:09'),(3733,1,'vi','plugins/ecommerce/discount','search_customer','Search customer','2023-01-04 01:11:09','2023-01-04 01:11:09'),(3734,1,'vi','plugins/ecommerce/discount','no_customer_found','No customer found!','2023-01-04 01:11:09','2023-01-04 01:11:09'),(3735,1,'vi','plugins/ecommerce/discount','one_time_per_order','One time per order','2023-01-04 01:11:09','2023-01-04 01:11:09'),(3736,1,'vi','plugins/ecommerce/discount','one_time_per_product_in_cart','One time per product in cart','2023-01-04 01:11:09','2023-01-04 01:11:09'),(3737,1,'vi','plugins/ecommerce/discount','number_of_products','Number of products required to apply','2023-01-04 01:11:09','2023-01-04 01:11:09'),(3738,1,'vi','plugins/ecommerce/discount','selected_products','Selected products','2023-01-04 01:11:09','2023-01-04 01:11:09'),(3739,1,'vi','plugins/ecommerce/discount','selected_customers','Selected customers','2023-01-04 01:11:09','2023-01-04 01:11:09'),(3740,1,'vi','plugins/ecommerce/discount','time','Time','2023-01-04 01:11:09','2023-01-04 01:11:09'),(3741,1,'vi','plugins/ecommerce/discount','never_expired','Never expired','2023-01-04 01:11:09','2023-01-04 01:11:09'),(3742,1,'vi','plugins/ecommerce/discount','save','Save','2023-01-04 01:11:09','2023-01-04 01:11:09'),(3743,1,'vi','plugins/ecommerce/discount','enter_promotion_name','Enter promotion name','2023-01-04 01:11:09','2023-01-04 01:11:09'),(3744,1,'vi','plugins/ecommerce/discount','enter_coupon_name','Enter coupon name','2023-01-04 01:11:09','2023-01-04 01:11:09'),(3745,1,'vi','plugins/ecommerce/discount','cancel','Cancel','2023-01-04 01:11:09','2023-01-04 01:11:09'),(3746,1,'vi','plugins/ecommerce/discount','is','Is','2023-01-04 01:11:09','2023-01-04 01:11:09'),(3747,1,'vi','plugins/ecommerce/discount','when_shipping_fee_less_than','when shipping fee less than','2023-01-04 01:11:09','2023-01-04 01:11:09'),(3748,1,'vi','plugins/ecommerce/ecommerce','settings','Cài ??t','2023-01-04 01:11:09','2023-01-04 01:11:09'),(3749,1,'vi','plugins/ecommerce/ecommerce','name','Th??ng m?i ?i?n t?','2023-01-04 01:11:09','2023-01-04 01:11:09'),(3750,1,'vi','plugins/ecommerce/ecommerce','setting.email.title','E-commerce','2023-01-04 01:11:09','2023-01-04 01:11:09'),(3751,1,'vi','plugins/ecommerce/ecommerce','setting.email.description','Ecommerce email config','2023-01-04 01:11:09','2023-01-04 01:11:09'),(3752,1,'vi','plugins/ecommerce/ecommerce','setting.email.order_confirm_subject','Subject of order confirmation email','2023-01-04 01:11:09','2023-01-04 01:11:09'),(3753,1,'vi','plugins/ecommerce/ecommerce','setting.email.order_confirm_subject_placeholder','The subject of email confirmation send to the customer','2023-01-04 01:11:09','2023-01-04 01:11:09'),(3754,1,'vi','plugins/ecommerce/ecommerce','setting.email.order_confirm_content','Content of order confirmation email','2023-01-04 01:11:09','2023-01-04 01:11:09'),(3755,1,'vi','plugins/ecommerce/ecommerce','setting.email.order_status_change_subject','Subject of email when changing order\'s status','2023-01-04 01:11:09','2023-01-04 01:11:09'),(3756,1,'vi','plugins/ecommerce/ecommerce','setting.email.order_status_change_subject_placeholder','Subject of email when changing order\'s status send to customer','2023-01-04 01:11:09','2023-01-04 01:11:09'),(3757,1,'vi','plugins/ecommerce/ecommerce','setting.email.order_status_change_content','Content of email when changing order\'s status','2023-01-04 01:11:09','2023-01-04 01:11:09'),(3758,1,'vi','plugins/ecommerce/ecommerce','setting.email.from_email','Email from','2023-01-04 01:11:09','2023-01-04 01:11:09'),(3759,1,'vi','plugins/ecommerce/ecommerce','setting.email.from_email_placeholder','Email from address to display in mail. Ex: example@gmail.com','2023-01-04 01:11:09','2023-01-04 01:11:09'),(3760,1,'vi','plugins/ecommerce/ecommerce','store_address','??a ch? c?a hàng','2023-01-04 01:11:09','2023-01-04 01:11:09'),(3761,1,'vi','plugins/ecommerce/ecommerce','store_phone','S? ?i?n tho?i c?a hàng','2023-01-04 01:11:09','2023-01-04 01:11:09'),(3762,1,'vi','plugins/ecommerce/ecommerce','order_id','M? ??n hàng','2023-01-04 01:11:09','2023-01-04 01:11:09'),(3763,1,'vi','plugins/ecommerce/ecommerce','order_token','Chu?i m? ho? ??n hàng','2023-01-04 01:11:09','2023-01-04 01:11:09'),(3764,1,'vi','plugins/ecommerce/ecommerce','customer_name','Tên kh?ch hàng','2023-01-04 01:11:09','2023-01-04 01:11:09'),(3765,1,'vi','plugins/ecommerce/ecommerce','customer_email','Email kh?ch hàng','2023-01-04 01:11:09','2023-01-04 01:11:09'),(3766,1,'vi','plugins/ecommerce/ecommerce','customer_phone','S? ?i?n tho?i kh?ch hàng','2023-01-04 01:11:09','2023-01-04 01:11:09'),(3767,1,'vi','plugins/ecommerce/ecommerce','customer_address','??a ch? kh?ch hàng','2023-01-04 01:11:09','2023-01-04 01:11:09'),(3768,1,'vi','plugins/ecommerce/ecommerce','product_list','Danh s?ch s?n ph?m trong ??n hàng','2023-01-04 01:11:09','2023-01-04 01:11:09'),(3769,1,'vi','plugins/ecommerce/ecommerce','payment_detail','Chi ti?t thanh to?n','2023-01-04 01:11:09','2023-01-04 01:11:09'),(3770,1,'vi','plugins/ecommerce/ecommerce','shipping_method','Ph??ng th?c v?n chuy?n','2023-01-04 01:11:09','2023-01-04 01:11:09'),(3771,1,'vi','plugins/ecommerce/ecommerce','payment_method','Ph??ng th?c thanh to?n','2023-01-04 01:11:09','2023-01-04 01:11:09'),(3772,1,'vi','plugins/ecommerce/ecommerce','standard_and_format','Tiêu chu?n & ??nh d?ng','2023-01-04 01:11:09','2023-01-04 01:11:09'),(3773,1,'vi','plugins/ecommerce/ecommerce','standard_and_format_description','C?c tiêu chu?n và c?c ??nh d?ng ???c s? d?ng ?? t?nh to?n nh?ng th? nh? gi? c? s?n ph?m, tr?ng l??ng v?n chuy?n và th?i gian ??n hàng ???c ??t.','2023-01-04 01:11:09','2023-01-04 01:11:09'),(3774,1,'vi','plugins/ecommerce/ecommerce','change_order_format','Ch?nh s?a ??nh d?ng m? ??n hàng (tùy ch?n)','2023-01-04 01:11:09','2023-01-04 01:11:09'),(3775,1,'vi','plugins/ecommerce/ecommerce','change_order_format_description','M? ??n hàng m?c ??nh b?t ??u t? :number. B?n c? th? thay ??i chu?i b?t ??u ho?c k?t th?c ?? t?o m? ??n hàng theo ? b?n, v? d? \"DH-:number\" ho?c \":number-A\"','2023-01-04 01:11:09','2023-01-04 01:11:09'),(3776,1,'vi','plugins/ecommerce/ecommerce','start_with','B?t ??u b?ng','2023-01-04 01:11:09','2023-01-04 01:11:09'),(3777,1,'vi','plugins/ecommerce/ecommerce','end_with','K?t th?c b?ng','2023-01-04 01:11:09','2023-01-04 01:11:09'),(3778,1,'vi','plugins/ecommerce/ecommerce','order_will_be_shown','M? ??n hàng c?a b?n s? hi?n th? theo m?u','2023-01-04 01:11:09','2023-01-04 01:11:09'),(3779,1,'vi','plugins/ecommerce/ecommerce','weight_unit','??n v? cân n?ng','2023-01-04 01:11:09','2023-01-04 01:11:09'),(3780,1,'vi','plugins/ecommerce/ecommerce','height_unit','??n v? chi?u dài/chi?u cao','2023-01-04 01:11:09','2023-01-04 01:11:09'),(3781,1,'vi','plugins/ecommerce/email','customer_new_order_title','X?c nh?n ??n hàng','2023-01-04 01:11:10','2023-01-04 01:11:10'),(3782,1,'vi','plugins/ecommerce/email','customer_new_order_description','???c g?i khi kh?ch hàng t?o ??n hàng','2023-01-04 01:11:10','2023-01-04 01:11:10'),(3783,1,'vi','plugins/ecommerce/email','order_cancellation_title','H?y ??n hàng','2023-01-04 01:11:10','2023-01-04 01:11:10'),(3784,1,'vi','plugins/ecommerce/email','order_cancellation_description','???c g?i khi kh?ch hàng h?y ??n hàng','2023-01-04 01:11:10','2023-01-04 01:11:10'),(3785,1,'vi','plugins/ecommerce/email','delivery_confirmation_title','X?c nh?n giao hàng','2023-01-04 01:11:10','2023-01-04 01:11:10'),(3786,1,'vi','plugins/ecommerce/email','delivery_confirmation_description','???c g?i ??n kh?ch hàng khi b?t ??u giao hàng','2023-01-04 01:11:10','2023-01-04 01:11:10'),(3787,1,'vi','plugins/ecommerce/email','admin_new_order_title','Thông b?o c? ??n hàng m?i','2023-01-04 01:11:10','2023-01-04 01:11:10'),(3788,1,'vi','plugins/ecommerce/email','admin_new_order_description','???c g?i cho qu?n tr? viên khi c? kh?ch mua hàng','2023-01-04 01:11:10','2023-01-04 01:11:10'),(3789,1,'vi','plugins/ecommerce/email','order_confirmation_title','X?c nh?n ??n hàng','2023-01-04 01:11:10','2023-01-04 01:11:10'),(3790,1,'vi','plugins/ecommerce/email','order_confirmation_description','Email ???c g?i ??n kh?ch hàng khi ??n hàng x?c nh?n','2023-01-04 01:11:10','2023-01-04 01:11:10'),(3791,1,'vi','plugins/ecommerce/email','payment_confirmation_title','X?c nh?n thanh to?n','2023-01-04 01:11:10','2023-01-04 01:11:10'),(3792,1,'vi','plugins/ecommerce/email','payment_confirmation_description','Email ???c g?i ??n kh?ch hàng khi ??n hàng x?c nh?n thanh to?n','2023-01-04 01:11:10','2023-01-04 01:11:10'),(3793,1,'vi','plugins/ecommerce/email','order_recover_title','??n hàng ?ang ch? hoàn t?t','2023-01-04 01:11:10','2023-01-04 01:11:10'),(3794,1,'vi','plugins/ecommerce/email','order_recover_description','Email nh?c nh? kh?ch hàng hoàn t?t ??n hàng','2023-01-04 01:11:10','2023-01-04 01:11:10'),(3795,1,'vi','plugins/ecommerce/email','link_go_to_our_shop','ho?c <a href=\":link\">Truy c?p website</a>','2023-01-04 01:11:10','2023-01-04 01:11:10'),(3796,1,'vi','plugins/ecommerce/email','order_information','Thông tin ??n hàng','2023-01-04 01:11:10','2023-01-04 01:11:10'),(3797,1,'vi','plugins/ecommerce/email','order_number','M? ??n hàng: <strong>:order_id</strong>','2023-01-04 01:11:10','2023-01-04 01:11:10'),(3798,1,'vi','plugins/ecommerce/email','view_order','Xem ??n hàng','2023-01-04 01:11:10','2023-01-04 01:11:10'),(3799,1,'vi','plugins/ecommerce/order','statuses.pending','Ch?a x? l?','2023-01-04 01:11:10','2023-01-04 01:11:10'),(3800,1,'vi','plugins/ecommerce/order','statuses.processing','?ang x? l?','2023-01-04 01:11:10','2023-01-04 01:11:10'),(3801,1,'vi','plugins/ecommerce/order','statuses.completed','Hoàn thành','2023-01-04 01:11:10','2023-01-04 01:11:10'),(3802,1,'vi','plugins/ecommerce/order','statuses.canceled','B? hu?','2023-01-04 01:11:10','2023-01-04 01:11:10'),(3803,1,'vi','plugins/ecommerce/order','name','??n hàng','2023-01-04 01:11:10','2023-01-04 01:11:10'),(3804,1,'vi','plugins/ecommerce/order','incomplete_order','??n hàng ch?a hoàn t?t','2023-01-04 01:11:10','2023-01-04 01:11:10'),(3805,1,'vi','plugins/ecommerce/order','order_id','M? ??n hàng','2023-01-04 01:11:10','2023-01-04 01:11:10'),(3806,1,'vi','plugins/ecommerce/order','customer_label','Kh?ch hàng','2023-01-04 01:11:10','2023-01-04 01:11:10'),(3807,1,'vi','plugins/ecommerce/order','amount','T?ng c?ng','2023-01-04 01:11:10','2023-01-04 01:11:10'),(3808,1,'vi','plugins/ecommerce/order','shipping_amount','Ph? v?n chuy?n','2023-01-04 01:11:10','2023-01-04 01:11:10'),(3809,1,'vi','plugins/ecommerce/order','payment_method','Ph??ng th?c thanh to?n','2023-01-04 01:11:10','2023-01-04 01:11:10'),(3810,1,'vi','plugins/ecommerce/order','payment_status_label','Tr?ng th?i thanh to?n','2023-01-04 01:11:10','2023-01-04 01:11:10'),(3811,1,'vi','plugins/ecommerce/order','manage_orders','Qu?n l? ??n hàng','2023-01-04 01:11:10','2023-01-04 01:11:10'),(3812,1,'vi','plugins/ecommerce/order','order_intro_description','M?t khi c?a hàng c?a b?n c? ??n ??t hàng, ?ây s? là n?i b?n x? l? và theo d?i nh?ng ??n ??t hàng ??.','2023-01-04 01:11:10','2023-01-04 01:11:10'),(3813,1,'vi','plugins/ecommerce/order','create_new_order','T?o ??n hàng','2023-01-04 01:11:10','2023-01-04 01:11:10'),(3814,1,'vi','plugins/ecommerce/order','manage_incomplete_orders','Qu?n l? ??n hàng ch?a hoàn t?t','2023-01-04 01:11:10','2023-01-04 01:11:10'),(3815,1,'vi','plugins/ecommerce/order','incomplete_orders_intro_description','??n hàng ch?a hoàn t?t là ??n hàng ???c t?o khi kh?ch hàng thêm s?n ph?m vào gi? hàng, ti?n hành ?i?n thông tin mua hàng nh?ng không hoàn t?t qu? tr?nh thanh to?n.','2023-01-04 01:11:10','2023-01-04 01:11:10'),(3816,1,'vi','plugins/ecommerce/order','cannot_send_order_recover_to_mail','Không t?m th?y email nên không th? g?i email khôi ph?c cho kh?ch hàng.','2023-01-04 01:11:10','2023-01-04 01:11:10'),(3817,1,'vi','plugins/ecommerce/order','menu','??n hàng','2023-01-04 01:11:10','2023-01-04 01:11:10'),(3818,1,'vi','plugins/ecommerce/order','order_information','Thông tin ??n hàng','2023-01-04 01:11:10','2023-01-04 01:11:10'),(3819,1,'vi','plugins/ecommerce/order','create','Create an order','2023-01-04 01:11:10','2023-01-04 01:11:10'),(3820,1,'vi','plugins/ecommerce/order','cancel_error','The order is delivering or completed','2023-01-04 01:11:10','2023-01-04 01:11:10'),(3821,1,'vi','plugins/ecommerce/order','cancel_success','You do cancel the order successful','2023-01-04 01:11:10','2023-01-04 01:11:10'),(3822,1,'vi','plugins/ecommerce/order','product_id','Product ID','2023-01-04 01:11:10','2023-01-04 01:11:10'),(3823,1,'vi','plugins/ecommerce/order','tax_amount','Tax Amount','2023-01-04 01:11:10','2023-01-04 01:11:10'),(3824,1,'vi','plugins/ecommerce/order','invoice_for_order','Invoice for order','2023-01-04 01:11:10','2023-01-04 01:11:10'),(3825,1,'vi','plugins/ecommerce/order','created','Created','2023-01-04 01:11:10','2023-01-04 01:11:10'),(3826,1,'vi','plugins/ecommerce/order','invoice','Invoice','2023-01-04 01:11:10','2023-01-04 01:11:10'),(3827,1,'vi','plugins/ecommerce/order','return','Return','2023-01-04 01:11:10','2023-01-04 01:11:10'),(3828,1,'vi','plugins/ecommerce/order','total_refund_amount','Total refund amount','2023-01-04 01:11:10','2023-01-04 01:11:10'),(3829,1,'vi','plugins/ecommerce/order','total_amount_can_be_refunded','Total amount can be refunded','2023-01-04 01:11:10','2023-01-04 01:11:10'),(3830,1,'vi','plugins/ecommerce/order','refund_reason','Refund reason (optional)','2023-01-04 01:11:10','2023-01-04 01:11:10'),(3831,1,'vi','plugins/ecommerce/order','products','product(s)','2023-01-04 01:11:10','2023-01-04 01:11:10'),(3832,1,'vi','plugins/ecommerce/order','default','Default','2023-01-04 01:11:10','2023-01-04 01:11:10'),(3833,1,'vi','plugins/ecommerce/order','system','System','2023-01-04 01:11:10','2023-01-04 01:11:10'),(3834,1,'vi','plugins/ecommerce/order','new_order_from','New order :order_id from :customer','2023-01-04 01:11:10','2023-01-04 01:11:10'),(3835,1,'vi','plugins/ecommerce/order','confirmation_email_was_sent_to_customer','The email confirmation was sent to customer','2023-01-04 01:11:10','2023-01-04 01:11:10'),(3836,1,'vi','plugins/ecommerce/order','address_name_required','The name field is required.','2023-01-04 01:11:10','2023-01-04 01:11:10'),(3837,1,'vi','plugins/ecommerce/order','address_phone_required','The phone field is required.','2023-01-04 01:11:10','2023-01-04 01:11:10'),(3838,1,'vi','plugins/ecommerce/order','address_email_required','The email field is required.','2023-01-04 01:11:10','2023-01-04 01:11:10'),(3839,1,'vi','plugins/ecommerce/order','address_email_unique','The customer with that email is existed, please choose other email or login with this email!','2023-01-04 01:11:10','2023-01-04 01:11:10'),(3840,1,'vi','plugins/ecommerce/order','address_state_required','The state field is required.','2023-01-04 01:11:10','2023-01-04 01:11:10'),(3841,1,'vi','plugins/ecommerce/order','address_city_required','The city field is required.','2023-01-04 01:11:10','2023-01-04 01:11:10'),(3842,1,'vi','plugins/ecommerce/order','address_country_required','The country field is required.','2023-01-04 01:11:10','2023-01-04 01:11:10'),(3843,1,'vi','plugins/ecommerce/order','address_address_required','The address field is required.','2023-01-04 01:11:10','2023-01-04 01:11:10'),(3844,1,'vi','plugins/ecommerce/order','create_order_from_payment_page','Order was created from checkout page','2023-01-04 01:11:10','2023-01-04 01:11:10'),(3845,1,'vi','plugins/ecommerce/order','order_was_verified_by','Order was verified by %user_name%','2023-01-04 01:11:10','2023-01-04 01:11:10'),(3846,1,'vi','plugins/ecommerce/order','new_order','New order :order_id','2023-01-04 01:11:10','2023-01-04 01:11:10'),(3847,1,'vi','plugins/ecommerce/order','payment_was_confirmed_by','Payment was confirmed (amount :money) by %user_name%','2023-01-04 01:11:10','2023-01-04 01:11:10'),(3848,1,'vi','plugins/ecommerce/order','edit_order','Edit order :code','2023-01-04 01:11:10','2023-01-04 01:11:10'),(3849,1,'vi','plugins/ecommerce/order','confirm_order_success','Confirm order successfully!','2023-01-04 01:11:10','2023-01-04 01:11:10'),(3850,1,'vi','plugins/ecommerce/order','error_when_sending_email','There is an error when sending email','2023-01-04 01:11:10','2023-01-04 01:11:10'),(3851,1,'vi','plugins/ecommerce/order','sent_confirmation_email_success','Sent confirmation email successfully!','2023-01-04 01:11:10','2023-01-04 01:11:10'),(3852,1,'vi','plugins/ecommerce/order','order_was_sent_to_shipping_team','Order was sent to shipping team','2023-01-04 01:11:10','2023-01-04 01:11:10'),(3853,1,'vi','plugins/ecommerce/order','by_username','by %user_name%','2023-01-04 01:11:10','2023-01-04 01:11:10'),(3854,1,'vi','plugins/ecommerce/order','shipping_was_created_from','Shipping was created from order %order_id%','2023-01-04 01:11:10','2023-01-04 01:11:10'),(3855,1,'vi','plugins/ecommerce/order','shipping_was_canceled_success','Shipping was cancelled successfully!','2023-01-04 01:11:10','2023-01-04 01:11:10'),(3856,1,'vi','plugins/ecommerce/order','shipping_was_canceled_by','Shipping was cancelled by %user_name%','2023-01-04 01:11:10','2023-01-04 01:11:10'),(3857,1,'vi','plugins/ecommerce/order','update_shipping_address_success','Update shipping address successfully!','2023-01-04 01:11:10','2023-01-04 01:11:10'),(3858,1,'vi','plugins/ecommerce/order','order_was_canceled_by','Order was cancelled by %user_name%','2023-01-04 01:11:10','2023-01-04 01:11:10'),(3859,1,'vi','plugins/ecommerce/order','confirm_payment_success','Confirm payment successfully!','2023-01-04 01:11:10','2023-01-04 01:11:10'),(3860,1,'vi','plugins/ecommerce/order','refund_amount_invalid','Refund amount must be lower or equal :price','2023-01-04 01:11:10','2023-01-04 01:11:10'),(3861,1,'vi','plugins/ecommerce/order','number_of_products_invalid','Number of products refund is not valid!','2023-01-04 01:11:10','2023-01-04 01:11:10'),(3862,1,'vi','plugins/ecommerce/order','cannot_found_payment_for_this_order','Cannot found payment for this order!','2023-01-04 01:11:10','2023-01-04 01:11:10'),(3863,1,'vi','plugins/ecommerce/order','refund_success_with_price','Refund success :price','2023-01-04 01:11:10','2023-01-04 01:11:10'),(3864,1,'vi','plugins/ecommerce/order','refund_success','Refund successfully!','2023-01-04 01:11:10','2023-01-04 01:11:10'),(3865,1,'vi','plugins/ecommerce/order','order_is_not_existed','Order is not existed!','2023-01-04 01:11:10','2023-01-04 01:11:10'),(3866,1,'vi','plugins/ecommerce/order','reorder','Reorder','2023-01-04 01:11:10','2023-01-04 01:11:10'),(3867,1,'vi','plugins/ecommerce/order','sent_email_incomplete_order_success','Sent email to remind about incomplete order successfully!','2023-01-04 01:11:10','2023-01-04 01:11:10'),(3868,1,'vi','plugins/ecommerce/order','applied_coupon_success','Applied coupon \":code\" successfully!','2023-01-04 01:11:10','2023-01-04 01:11:10'),(3869,1,'vi','plugins/ecommerce/order','new_order_notice','You have <span class=\"bold\">:count</span> New Order(s)','2023-01-04 01:11:10','2023-01-04 01:11:10'),(3870,1,'vi','plugins/ecommerce/order','view_all','View all','2023-01-04 01:11:10','2023-01-04 01:11:10'),(3871,1,'vi','plugins/ecommerce/order','cancel_order','Cancel order','2023-01-04 01:11:10','2023-01-04 01:11:10'),(3872,1,'vi','plugins/ecommerce/order','order_canceled','Order canceled','2023-01-04 01:11:10','2023-01-04 01:11:10'),(3873,1,'vi','plugins/ecommerce/order','order_was_canceled_at','Order was canceled at','2023-01-04 01:11:10','2023-01-04 01:11:10'),(3874,1,'vi','plugins/ecommerce/order','completed','Completed','2023-01-04 01:11:10','2023-01-04 01:11:10'),(3875,1,'vi','plugins/ecommerce/order','uncompleted','Uncompleted','2023-01-04 01:11:10','2023-01-04 01:11:10'),(3876,1,'vi','plugins/ecommerce/order','sku','SKU','2023-01-04 01:11:10','2023-01-04 01:11:10'),(3877,1,'vi','plugins/ecommerce/order','warehouse','Warehouse','2023-01-04 01:11:10','2023-01-04 01:11:10'),(3878,1,'vi','plugins/ecommerce/order','sub_amount','Sub amount','2023-01-04 01:11:10','2023-01-04 01:11:10'),(3879,1,'vi','plugins/ecommerce/order','coupon_code','Coupon code: \":code\"','2023-01-04 01:11:10','2023-01-04 01:11:10'),(3880,1,'vi','plugins/ecommerce/order','shipping_fee','Shipping fee','2023-01-04 01:11:10','2023-01-04 01:11:10'),(3881,1,'vi','plugins/ecommerce/order','tax','Tax','2023-01-04 01:11:10','2023-01-04 01:11:10'),(3882,1,'vi','plugins/ecommerce/order','refunded_amount','Refunded amount','2023-01-04 01:11:10','2023-01-04 01:11:10'),(3883,1,'vi','plugins/ecommerce/order','amount_received','The amount actually received','2023-01-04 01:11:10','2023-01-04 01:11:10'),(3884,1,'vi','plugins/ecommerce/order','download_invoice','Download invoice','2023-01-04 01:11:10','2023-01-04 01:11:10'),(3885,1,'vi','plugins/ecommerce/order','add_note','Add note...','2023-01-04 01:11:10','2023-01-04 01:11:10'),(3886,1,'vi','plugins/ecommerce/order','order_was_confirmed','Order was confirmed','2023-01-04 01:11:10','2023-01-04 01:11:10'),(3887,1,'vi','plugins/ecommerce/order','confirm_order','Confirm order','2023-01-04 01:11:10','2023-01-04 01:11:10'),(3888,1,'vi','plugins/ecommerce/order','confirm','Confirm','2023-01-04 01:11:10','2023-01-04 01:11:10'),(3889,1,'vi','plugins/ecommerce/order','order_was_canceled','Order was canceled','2023-01-04 01:11:10','2023-01-04 01:11:10'),(3890,1,'vi','plugins/ecommerce/order','pending_payment','Pending payment','2023-01-04 01:11:10','2023-01-04 01:11:10'),(3891,1,'vi','plugins/ecommerce/order','payment_was_accepted','Payment :money was accepted','2023-01-04 01:11:10','2023-01-04 01:11:10'),(3892,1,'vi','plugins/ecommerce/order','payment_was_refunded','Payment was refunded','2023-01-04 01:11:10','2023-01-04 01:11:10'),(3893,1,'vi','plugins/ecommerce/order','confirm_payment','Confirm payment','2023-01-04 01:11:10','2023-01-04 01:11:10'),(3894,1,'vi','plugins/ecommerce/order','refund','Refund','2023-01-04 01:11:10','2023-01-04 01:11:10'),(3895,1,'vi','plugins/ecommerce/order','all_products_are_not_delivered','All products are not delivered','2023-01-04 01:11:10','2023-01-04 01:11:10'),(3896,1,'vi','plugins/ecommerce/order','delivery','Delivery','2023-01-04 01:11:10','2023-01-04 01:11:10'),(3897,1,'vi','plugins/ecommerce/order','history','History','2023-01-04 01:11:10','2023-01-04 01:11:10'),(3898,1,'vi','plugins/ecommerce/order','order_number','Order number','2023-01-04 01:11:10','2023-01-04 01:11:10'),(3899,1,'vi','plugins/ecommerce/order','from','from','2023-01-04 01:11:10','2023-01-04 01:11:10'),(3900,1,'vi','plugins/ecommerce/order','status','Status','2023-01-04 01:11:10','2023-01-04 01:11:10'),(3901,1,'vi','plugins/ecommerce/order','successfully','Successfully','2023-01-04 01:11:10','2023-01-04 01:11:10'),(3902,1,'vi','plugins/ecommerce/order','transaction_type','Transaction\'s type','2023-01-04 01:11:10','2023-01-04 01:11:10'),(3903,1,'vi','plugins/ecommerce/order','staff','Staff','2023-01-04 01:11:10','2023-01-04 01:11:10'),(3904,1,'vi','plugins/ecommerce/order','refund_date','Refund date','2023-01-04 01:11:10','2023-01-04 01:11:10'),(3905,1,'vi','plugins/ecommerce/order','n_a','N\\A','2023-01-04 01:11:10','2023-01-04 01:11:10'),(3906,1,'vi','plugins/ecommerce/order','payment_date','Payment date','2023-01-04 01:11:10','2023-01-04 01:11:10'),(3907,1,'vi','plugins/ecommerce/order','payment_gateway','Payment gateway','2023-01-04 01:11:10','2023-01-04 01:11:10'),(3908,1,'vi','plugins/ecommerce/order','transaction_amount','Transaction amount','2023-01-04 01:11:10','2023-01-04 01:11:10'),(3909,1,'vi','plugins/ecommerce/order','resend','Resend','2023-01-04 01:11:10','2023-01-04 01:11:10'),(3910,1,'vi','plugins/ecommerce/order','default_store','Default store','2023-01-04 01:11:10','2023-01-04 01:11:10'),(3911,1,'vi','plugins/ecommerce/order','update_address','Update address','2023-01-04 01:11:10','2023-01-04 01:11:10'),(3912,1,'vi','plugins/ecommerce/order','have_an_account_already','Have an account already','2023-01-04 01:11:10','2023-01-04 01:11:10'),(3913,1,'vi','plugins/ecommerce/order','dont_have_an_account_yet','Don\'t have an account yet','2023-01-04 01:11:10','2023-01-04 01:11:10'),(3914,1,'vi','plugins/ecommerce/order','mark_payment_as_confirmed','Mark <span>:method</span> as confirmed','2023-01-04 01:11:10','2023-01-04 01:11:10'),(3915,1,'vi','plugins/ecommerce/order','resend_order_confirmation','Resend order confirmation','2023-01-04 01:11:10','2023-01-04 01:11:10'),(3916,1,'vi','plugins/ecommerce/order','resend_order_confirmation_description','Confirmation email will be sent to <strong>:email</strong>?','2023-01-04 01:11:10','2023-01-04 01:11:10'),(3917,1,'vi','plugins/ecommerce/order','send','Send','2023-01-04 01:11:10','2023-01-04 01:11:10'),(3918,1,'vi','plugins/ecommerce/order','update','Update','2023-01-04 01:11:10','2023-01-04 01:11:10'),(3919,1,'vi','plugins/ecommerce/order','cancel_shipping_confirmation','Cancel shipping confirmation?','2023-01-04 01:11:10','2023-01-04 01:11:10'),(3920,1,'vi','plugins/ecommerce/order','cancel_shipping_confirmation_description','Cancel shipping confirmation?','2023-01-04 01:11:10','2023-01-04 01:11:10'),(3921,1,'vi','plugins/ecommerce/order','cancel_order_confirmation','Cancel order confirmation?','2023-01-04 01:11:10','2023-01-04 01:11:10'),(3922,1,'vi','plugins/ecommerce/order','cancel_order_confirmation_description','Are you sure you want to cancel this order? This action cannot rollback','2023-01-04 01:11:10','2023-01-04 01:11:10'),(3923,1,'vi','plugins/ecommerce/order','confirm_payment_confirmation_description','Processed by <strong>:method</strong>. Did you receive payment outside the system? This payment won\'t be saved into system and cannot be refunded','2023-01-04 01:11:10','2023-01-04 01:11:10'),(3924,1,'vi','plugins/ecommerce/order','save_note','Save note','2023-01-04 01:11:10','2023-01-04 01:11:10'),(3925,1,'vi','plugins/ecommerce/order','order_note','Order note','2023-01-04 01:11:10','2023-01-04 01:11:10'),(3926,1,'vi','plugins/ecommerce/order','order_note_placeholder','Note about order, ex: time or shipping instruction.','2023-01-04 01:11:10','2023-01-04 01:11:10'),(3927,1,'vi','plugins/ecommerce/order','order_amount','Order amount','2023-01-04 01:11:10','2023-01-04 01:11:10'),(3928,1,'vi','plugins/ecommerce/order','additional_information','Additional information','2023-01-04 01:11:10','2023-01-04 01:11:10'),(3929,1,'vi','plugins/ecommerce/order','notice_about_incomplete_order','Notice about incomplete order','2023-01-04 01:11:10','2023-01-04 01:11:10'),(3930,1,'vi','plugins/ecommerce/order','notice_about_incomplete_order_description','Remind email about uncompleted order will be send to <strong>:email</strong>?','2023-01-04 01:11:10','2023-01-04 01:11:10'),(3931,1,'vi','plugins/ecommerce/order','incomplete_order_description_1','An incomplete order is when a potential customer places items in their shopping cart, and goes all the way through to the payment page, but then doesn\'t complete the transaction.','2023-01-04 01:11:10','2023-01-04 01:11:10'),(3932,1,'vi','plugins/ecommerce/order','incomplete_order_description_2','If you have contacted customers and they want to continue buying, you can help them complete their order by following the link:','2023-01-04 01:11:10','2023-01-04 01:11:10'),(3933,1,'vi','plugins/ecommerce/order','send_an_email_to_recover_this_order','Send an email to customer to recover this order','2023-01-04 01:11:10','2023-01-04 01:11:10'),(3934,1,'vi','plugins/ecommerce/order','see_maps','See maps','2023-01-04 01:11:10','2023-01-04 01:11:10'),(3935,1,'vi','plugins/ecommerce/order','one_or_more_products_dont_have_enough_quantity','One or more products don\'t have enough quantity!','2023-01-04 01:11:10','2023-01-04 01:11:10'),(3936,1,'vi','plugins/ecommerce/order','payment_info','Payment Info','2023-01-04 01:11:10','2023-01-04 01:11:10'),(3937,1,'vi','plugins/ecommerce/order','payment_method_refund_automatic','Your customer will be refunded using :method automatically.','2023-01-04 01:11:10','2023-01-04 01:11:10'),(3938,1,'vi','plugins/ecommerce/order','order','Order','2023-01-04 01:11:10','2023-01-04 01:11:10'),(3939,1,'vi','plugins/ecommerce/order','create_a_new_product','Create a new product','2023-01-04 01:11:10','2023-01-04 01:11:10'),(3940,1,'vi','plugins/ecommerce/order','out_of_stock','Out of stock','2023-01-04 01:11:10','2023-01-04 01:11:10'),(3941,1,'vi','plugins/ecommerce/order','products_available','product(s) available','2023-01-04 01:11:10','2023-01-04 01:11:10'),(3942,1,'vi','plugins/ecommerce/order','no_products_found','No products found!','2023-01-04 01:11:10','2023-01-04 01:11:10'),(3943,1,'vi','plugins/ecommerce/order','note','Note','2023-01-04 01:11:10','2023-01-04 01:11:10'),(3944,1,'vi','plugins/ecommerce/order','note_for_order','Note for order...','2023-01-04 01:11:10','2023-01-04 01:11:10'),(3945,1,'vi','plugins/ecommerce/order','add_discount','Add discount','2023-01-04 01:11:10','2023-01-04 01:11:10'),(3946,1,'vi','plugins/ecommerce/order','discount','Discount','2023-01-04 01:11:10','2023-01-04 01:11:10'),(3947,1,'vi','plugins/ecommerce/order','add_shipping_fee','Add shipping fee','2023-01-04 01:11:10','2023-01-04 01:11:10'),(3948,1,'vi','plugins/ecommerce/order','shipping','Shipping','2023-01-04 01:11:10','2023-01-04 01:11:10'),(3949,1,'vi','plugins/ecommerce/order','total_amount','Total amount','2023-01-04 01:11:10','2023-01-04 01:11:10'),(3950,1,'vi','plugins/ecommerce/order','confirm_payment_and_create_order','Confirm payment and create order','2023-01-04 01:11:10','2023-01-04 01:11:10'),(3951,1,'vi','plugins/ecommerce/order','paid','Paid','2023-01-04 01:11:10','2023-01-04 01:11:10'),(3952,1,'vi','plugins/ecommerce/order','pay_later','Pay later','2023-01-04 01:11:10','2023-01-04 01:11:10'),(3953,1,'vi','plugins/ecommerce/order','customer_information','Customer information','2023-01-04 01:11:10','2023-01-04 01:11:10'),(3954,1,'vi','plugins/ecommerce/order','create_new_customer','Create new customer','2023-01-04 01:11:10','2023-01-04 01:11:10'),(3955,1,'vi','plugins/ecommerce/order','no_customer_found','No customer found!','2023-01-04 01:11:10','2023-01-04 01:11:10'),(3956,1,'vi','plugins/ecommerce/order','customer','Customer','2023-01-04 01:11:10','2023-01-04 01:11:10'),(3957,1,'vi','plugins/ecommerce/order','orders','order(s)','2023-01-04 01:11:10','2023-01-04 01:11:10'),(3958,1,'vi','plugins/ecommerce/order','shipping_address','Shipping Address','2023-01-04 01:11:10','2023-01-04 01:11:10'),(3959,1,'vi','plugins/ecommerce/order','see_on_maps','See on maps','2023-01-04 01:11:10','2023-01-04 01:11:10'),(3960,1,'vi','plugins/ecommerce/order','price','Price','2023-01-04 01:11:10','2023-01-04 01:11:10'),(3961,1,'vi','plugins/ecommerce/order','sku_optional','SKU (optional)','2023-01-04 01:11:10','2023-01-04 01:11:10'),(3962,1,'vi','plugins/ecommerce/order','with_storehouse_management','With storehouse management?','2023-01-04 01:11:10','2023-01-04 01:11:10'),(3963,1,'vi','plugins/ecommerce/order','quantity','Quantity','2023-01-04 01:11:10','2023-01-04 01:11:10'),(3964,1,'vi','plugins/ecommerce/order','allow_customer_checkout_when_this_product_out_of_stock','Allow customer checkout when this product out of stock?','2023-01-04 01:11:10','2023-01-04 01:11:10'),(3965,1,'vi','plugins/ecommerce/order','address','Address','2023-01-04 01:11:10','2023-01-04 01:11:10'),(3966,1,'vi','plugins/ecommerce/order','phone','Phone','2023-01-04 01:11:10','2023-01-04 01:11:10'),(3967,1,'vi','plugins/ecommerce/order','country','Country','2023-01-04 01:11:10','2023-01-04 01:11:10'),(3968,1,'vi','plugins/ecommerce/order','state','State','2023-01-04 01:11:10','2023-01-04 01:11:10'),(3969,1,'vi','plugins/ecommerce/order','city','City','2023-01-04 01:11:10','2023-01-04 01:11:10'),(3970,1,'vi','plugins/ecommerce/order','zip_code','Zip code','2023-01-04 01:11:10','2023-01-04 01:11:10'),(3971,1,'vi','plugins/ecommerce/order','discount_based_on','Discount based on','2023-01-04 01:11:10','2023-01-04 01:11:10'),(3972,1,'vi','plugins/ecommerce/order','or_coupon_code','Or coupon code','2023-01-04 01:11:10','2023-01-04 01:11:10'),(3973,1,'vi','plugins/ecommerce/order','description','Description','2023-01-04 01:11:10','2023-01-04 01:11:10'),(3974,1,'vi','plugins/ecommerce/order','how_to_select_configured_shipping','How to select configured shipping?','2023-01-04 01:11:10','2023-01-04 01:11:10'),(3975,1,'vi','plugins/ecommerce/order','please_add_customer_information_with_the_complete_shipping_address_to_see_the_configured_shipping_rates','Please add customer information with the complete shipping address to see the configured shipping rates','2023-01-04 01:11:10','2023-01-04 01:11:10'),(3976,1,'vi','plugins/ecommerce/order','free_shipping','Free shipping','2023-01-04 01:11:10','2023-01-04 01:11:10'),(3977,1,'vi','plugins/ecommerce/order','custom','Custom','2023-01-04 01:11:10','2023-01-04 01:11:10'),(3978,1,'vi','plugins/ecommerce/order','email','Email','2023-01-04 01:11:10','2023-01-04 01:11:10'),(3979,1,'vi','plugins/ecommerce/order','create_order','Create order','2023-01-04 01:11:10','2023-01-04 01:11:10'),(3980,1,'vi','plugins/ecommerce/order','close','Close','2023-01-04 01:11:10','2023-01-04 01:11:10'),(3981,1,'vi','plugins/ecommerce/order','confirm_payment_is_paid_for_this_order','Confirm payment is paid for this order','2023-01-04 01:11:10','2023-01-04 01:11:10'),(3982,1,'vi','plugins/ecommerce/order','payment_status_of_the_order_is_paid_once_the_order_has_been_created_you_cannot_change_the_payment_method_or_status','Payment status of the order is Paid. Once the order has been created, you cannot change the payment method or status','2023-01-04 01:11:10','2023-01-04 01:11:10'),(3983,1,'vi','plugins/ecommerce/order','select_payment_method','Select payment method','2023-01-04 01:11:10','2023-01-04 01:11:10'),(3984,1,'vi','plugins/ecommerce/order','cash_on_delivery_cod','Cash on delivery (COD)','2023-01-04 01:11:10','2023-01-04 01:11:10'),(3985,1,'vi','plugins/ecommerce/order','bank_transfer','Bank transfer','2023-01-04 01:11:10','2023-01-04 01:11:10'),(3986,1,'vi','plugins/ecommerce/order','paid_amount','Paid amount','2023-01-04 01:11:10','2023-01-04 01:11:10'),(3987,1,'vi','plugins/ecommerce/order','confirm_that_payment_for_this_order_will_be_paid_later','Confirm that payment for this order will be paid later','2023-01-04 01:11:10','2023-01-04 01:11:10'),(3988,1,'vi','plugins/ecommerce/order','payment_status_of_the_order_is_pending_once_the_order_has_been_created_you_cannot_change_the_payment_method_or_status','Payment status of the order is Pending. Once the order has been created, you cannot change the payment method or status','2023-01-04 01:11:10','2023-01-04 01:11:10'),(3989,1,'vi','plugins/ecommerce/order','pending_amount','Pending amount','2023-01-04 01:11:10','2023-01-04 01:11:10'),(3990,1,'vi','plugins/ecommerce/order','update_email','Update email','2023-01-04 01:11:10','2023-01-04 01:11:10'),(3991,1,'vi','plugins/ecommerce/order','save','Save','2023-01-04 01:11:10','2023-01-04 01:11:10'),(3992,1,'vi','plugins/ecommerce/order','cancel','Cancel','2023-01-04 01:11:10','2023-01-04 01:11:10'),(3993,1,'vi','plugins/ecommerce/order','create_a_new_order','Create a new order','2023-01-04 01:11:10','2023-01-04 01:11:10'),(3994,1,'vi','plugins/ecommerce/order','search_or_create_new_product','Search or create a new product','2023-01-04 01:11:10','2023-01-04 01:11:10'),(3995,1,'vi','plugins/ecommerce/order','search_or_create_new_customer','Search or create a new customer','2023-01-04 01:11:10','2023-01-04 01:11:10'),(3996,1,'vi','plugins/ecommerce/order','discount_description','Discount description','2023-01-04 01:11:10','2023-01-04 01:11:10'),(3997,1,'vi','plugins/ecommerce/order','cant_select_out_of_stock_product','Cannot select out of stock product!','2023-01-04 01:11:10','2023-01-04 01:11:10'),(3998,1,'vi','plugins/ecommerce/payment','name','Thanh to?n','2023-01-04 01:11:10','2023-01-04 01:11:10'),(3999,1,'vi','plugins/ecommerce/payment','payment_method','Ph??ng th?c thanh to?n','2023-01-04 01:11:10','2023-01-04 01:11:10'),(4000,1,'vi','plugins/ecommerce/payment','view_payment','Xem thanh to?n #','2023-01-04 01:11:10','2023-01-04 01:11:10'),(4001,1,'vi','plugins/ecommerce/payment','charge_id','M? giao d?ch','2023-01-04 01:11:10','2023-01-04 01:11:10'),(4002,1,'vi','plugins/ecommerce/payment','amount','S? ti?n','2023-01-04 01:11:10','2023-01-04 01:11:10'),(4003,1,'vi','plugins/ecommerce/payment','currency','??n v? ti?n t?','2023-01-04 01:11:10','2023-01-04 01:11:10'),(4004,1,'vi','plugins/ecommerce/payment','user','Ng??i dùng','2023-01-04 01:11:10','2023-01-04 01:11:10'),(4005,1,'vi','plugins/ecommerce/payment','paypal_name_required','Tên c?a ph??ng th?c PayPal là b?t bu?c!','2023-01-04 01:11:10','2023-01-04 01:11:10'),(4006,1,'vi','plugins/ecommerce/payment','paypal_name_max','Tên c?a ph??ng th?c PayPal qu? dài!','2023-01-04 01:11:10','2023-01-04 01:11:10'),(4007,1,'vi','plugins/ecommerce/payment','status','Tr?ng th?i','2023-01-04 01:11:10','2023-01-04 01:11:10'),(4008,1,'vi','plugins/ecommerce/payment','enabled','B?t','2023-01-04 01:11:10','2023-01-04 01:11:10'),(4009,1,'vi','plugins/ecommerce/payment','disabled','T?t','2023-01-04 01:11:10','2023-01-04 01:11:10'),(4010,1,'vi','plugins/ecommerce/payment','client_id','Client ID','2023-01-04 01:11:10','2023-01-04 01:11:10'),(4011,1,'vi','plugins/ecommerce/payment','client_secret','Client Secret','2023-01-04 01:11:10','2023-01-04 01:11:10'),(4012,1,'vi','plugins/ecommerce/payment','mode','Ch? ??','2023-01-04 01:11:10','2023-01-04 01:11:10'),(4013,1,'vi','plugins/ecommerce/payment','sandbox','Sandbox','2023-01-04 01:11:10','2023-01-04 01:11:10'),(4014,1,'vi','plugins/ecommerce/payment','live','Live','2023-01-04 01:11:10','2023-01-04 01:11:10'),(4015,1,'vi','plugins/ecommerce/payment','enable_payment_log','B?t l?u nh?t k? thanh to?n','2023-01-04 01:11:10','2023-01-04 01:11:10'),(4016,1,'vi','plugins/ecommerce/payment','yes','C?','2023-01-04 01:11:10','2023-01-04 01:11:10'),(4017,1,'vi','plugins/ecommerce/payment','no','Không','2023-01-04 01:11:10','2023-01-04 01:11:10'),(4018,1,'vi','plugins/ecommerce/payment','client_key','Client Key','2023-01-04 01:11:10','2023-01-04 01:11:10'),(4019,1,'vi','plugins/ecommerce/payment','paypal','PayPal','2023-01-04 01:11:10','2023-01-04 01:11:10'),(4020,1,'vi','plugins/ecommerce/payment','action','Hành ??ng','2023-01-04 01:11:10','2023-01-04 01:11:10'),(4021,1,'vi','plugins/ecommerce/payment','go_back','Quay l?i','2023-01-04 01:11:10','2023-01-04 01:11:10'),(4022,1,'vi','plugins/ecommerce/payment','view','Xem','2023-01-04 01:11:10','2023-01-04 01:11:10'),(4023,1,'vi','plugins/ecommerce/payment','cash_on_delivery','Thanh to?n khi nh?n hàng (COD)','2023-01-04 01:11:10','2023-01-04 01:11:10'),(4024,1,'vi','plugins/ecommerce/payment','via_bank_transfer','Thông qua chuy?n kho?n ngân hàng','2023-01-04 01:11:10','2023-01-04 01:11:10'),(4025,1,'vi','plugins/ecommerce/payment','payment_via_cart','Thanh to?n b?ng th?','2023-01-04 01:11:10','2023-01-04 01:11:10'),(4026,1,'vi','plugins/ecommerce/payment','card_number','S? th?','2023-01-04 01:11:10','2023-01-04 01:11:10'),(4027,1,'vi','plugins/ecommerce/payment','full_name','Tên trên th?','2023-01-04 01:11:10','2023-01-04 01:11:10'),(4028,1,'vi','plugins/ecommerce/payment','payment_via_paypal','Thanh to?n thông qua PayPal','2023-01-04 01:11:10','2023-01-04 01:11:10'),(4029,1,'vi','plugins/ecommerce/payment','mm_yy','MM/YY','2023-01-04 01:11:10','2023-01-04 01:11:10'),(4030,1,'vi','plugins/ecommerce/payment','cvc','CVC','2023-01-04 01:11:10','2023-01-04 01:11:10'),(4031,1,'vi','plugins/ecommerce/payment','details','Chi ti?t','2023-01-04 01:11:10','2023-01-04 01:11:10'),(4032,1,'vi','plugins/ecommerce/payment','payer_name','Ng??i thanh to?n','2023-01-04 01:11:10','2023-01-04 01:11:10'),(4033,1,'vi','plugins/ecommerce/payment','email','??a ch? email','2023-01-04 01:11:10','2023-01-04 01:11:10'),(4034,1,'vi','plugins/ecommerce/payment','phone','?i?n tho?i','2023-01-04 01:11:10','2023-01-04 01:11:10'),(4035,1,'vi','plugins/ecommerce/payment','country','Qu?c gia','2023-01-04 01:11:10','2023-01-04 01:11:10'),(4036,1,'vi','plugins/ecommerce/payment','shipping_address','??a ch? giao hàng','2023-01-04 01:11:10','2023-01-04 01:11:10'),(4037,1,'vi','plugins/ecommerce/payment','payment_details','Chi ti?t giao d?ch','2023-01-04 01:11:10','2023-01-04 01:11:10'),(4038,1,'vi','plugins/ecommerce/payment','card','Th?','2023-01-04 01:11:10','2023-01-04 01:11:10'),(4039,1,'vi','plugins/ecommerce/payment','address','??a ch?','2023-01-04 01:11:10','2023-01-04 01:11:10'),(4040,1,'vi','plugins/ecommerce/payment','new_payment','Thanh to?n cho ??n hàng :id','2023-01-04 01:11:10','2023-01-04 01:11:10'),(4041,1,'vi','plugins/ecommerce/payment','payment_id','M? thanh to?n','2023-01-04 01:11:10','2023-01-04 01:11:10'),(4042,1,'vi','plugins/ecommerce/prices','name','Price','2023-01-04 01:11:10','2023-01-04 01:11:10'),(4043,1,'vi','plugins/ecommerce/prices','create','New price','2023-01-04 01:11:10','2023-01-04 01:11:10'),(4044,1,'vi','plugins/ecommerce/prices','edit','Edit price','2023-01-04 01:11:10','2023-01-04 01:11:10'),(4045,1,'vi','plugins/ecommerce/prices','list','List price','2023-01-04 01:11:10','2023-01-04 01:11:10'),(4046,1,'vi','plugins/ecommerce/product-attribute-sets','name','Product attribute sets','2023-01-04 01:11:10','2023-01-04 01:11:10'),(4047,1,'vi','plugins/ecommerce/product-attribute-sets','create','New product attribute set','2023-01-04 01:11:10','2023-01-04 01:11:10'),(4048,1,'vi','plugins/ecommerce/product-attribute-sets','edit','Edit product attribute set','2023-01-04 01:11:10','2023-01-04 01:11:10'),(4049,1,'vi','plugins/ecommerce/product-attribute-sets','visible_in_categories','Visible in categories','2023-01-04 01:11:10','2023-01-04 01:11:10'),(4050,1,'vi','plugins/ecommerce/product-attribute-sets','product_with_more_version','Product with more version','2023-01-04 01:11:10','2023-01-04 01:11:10'),(4051,1,'vi','plugins/ecommerce/product-attribute-sets','create_a_version','Create a version','2023-01-04 01:11:10','2023-01-04 01:11:10'),(4052,1,'vi','plugins/ecommerce/product-attribute-sets','enabled','Enabled','2023-01-04 01:11:10','2023-01-04 01:11:10'),(4053,1,'vi','plugins/ecommerce/product-attribute-sets','attributes','Attributes','2023-01-04 01:11:10','2023-01-04 01:11:10'),(4054,1,'vi','plugins/ecommerce/product-attribute-sets','price','Price','2023-01-04 01:11:10','2023-01-04 01:11:10'),(4055,1,'vi','plugins/ecommerce/product-attribute-sets','edit_btn','Edit','2023-01-04 01:11:10','2023-01-04 01:11:10'),(4056,1,'vi','plugins/ecommerce/product-attribute-sets','remove_btn','Remove','2023-01-04 01:11:10','2023-01-04 01:11:10'),(4057,1,'vi','plugins/ecommerce/product-attribute-sets','product','Product','2023-01-04 01:11:10','2023-01-04 01:11:10'),(4058,1,'vi','plugins/ecommerce/product-attribute-sets','back_to_product','Back to product','2023-01-04 01:11:10','2023-01-04 01:11:10'),(4059,1,'vi','plugins/ecommerce/product-attribute-sets','save','Save','2023-01-04 01:11:10','2023-01-04 01:11:10'),(4060,1,'vi','plugins/ecommerce/product-attribute-sets','other_existing_versions','Other existing versions','2023-01-04 01:11:10','2023-01-04 01:11:10'),(4061,1,'vi','plugins/ecommerce/product-attribute-sets','version_information','Version information','2023-01-04 01:11:10','2023-01-04 01:11:10'),(4062,1,'vi','plugins/ecommerce/product-attribute-sets','add_rule','Add rule','2023-01-04 01:11:10','2023-01-04 01:11:10'),(4063,1,'vi','plugins/ecommerce/product-attribute-sets','rules','Rules','2023-01-04 01:11:10','2023-01-04 01:11:10'),(4064,1,'vi','plugins/ecommerce/product-attribute-sets','pricing','Pricing','2023-01-04 01:11:10','2023-01-04 01:11:10'),(4065,1,'vi','plugins/ecommerce/product-attribute-sets','sale_price','Sale price','2023-01-04 01:11:10','2023-01-04 01:11:10'),(4066,1,'vi','plugins/ecommerce/product-attribute-sets','sale_type','Sale type','2023-01-04 01:11:10','2023-01-04 01:11:10'),(4067,1,'vi','plugins/ecommerce/product-attribute-sets','no_sale_price','No sale price','2023-01-04 01:11:10','2023-01-04 01:11:10'),(4068,1,'vi','plugins/ecommerce/product-attribute-sets','always_on_sale','Always on sale','2023-01-04 01:11:10','2023-01-04 01:11:10'),(4069,1,'vi','plugins/ecommerce/product-attribute-sets','limited_time','Limited time','2023-01-04 01:11:10','2023-01-04 01:11:10'),(4070,1,'vi','plugins/ecommerce/product-attribute-sets','from','From','2023-01-04 01:11:10','2023-01-04 01:11:10'),(4071,1,'vi','plugins/ecommerce/product-attribute-sets','to','To','2023-01-04 01:11:10','2023-01-04 01:11:10'),(4072,1,'vi','plugins/ecommerce/product-attribute-sets','storehouse','Storehouse','2023-01-04 01:11:10','2023-01-04 01:11:10'),(4073,1,'vi','plugins/ecommerce/product-attribute-sets','no_storehouse_management','No storehouse management','2023-01-04 01:11:10','2023-01-04 01:11:10'),(4074,1,'vi','plugins/ecommerce/product-attribute-sets','with_storehouse_management','With storehouse management','2023-01-04 01:11:10','2023-01-04 01:11:10'),(4075,1,'vi','plugins/ecommerce/product-attribute-sets','quantity','Quantity','2023-01-04 01:11:10','2023-01-04 01:11:10'),(4076,1,'vi','plugins/ecommerce/product-attribute-sets','allow_customer_checkout_out_of_stock','Allow customer checkout when this product out of stock','2023-01-04 01:11:10','2023-01-04 01:11:10'),(4077,1,'vi','plugins/ecommerce/product-attribute-sets','shipping','Shipping','2023-01-04 01:11:10','2023-01-04 01:11:10'),(4078,1,'vi','plugins/ecommerce/product-attribute-sets','length','Length','2023-01-04 01:11:10','2023-01-04 01:11:10'),(4079,1,'vi','plugins/ecommerce/product-attribute-sets','wide','Wide','2023-01-04 01:11:10','2023-01-04 01:11:10'),(4080,1,'vi','plugins/ecommerce/product-attribute-sets','height','Height','2023-01-04 01:11:10','2023-01-04 01:11:10'),(4081,1,'vi','plugins/ecommerce/product-attribute-sets','weight','Weight','2023-01-04 01:11:10','2023-01-04 01:11:10'),(4082,1,'vi','plugins/ecommerce/product-attribute-sets','version_images','Version images','2023-01-04 01:11:10','2023-01-04 01:11:10'),(4083,1,'vi','plugins/ecommerce/product-attribute-sets','add_new_image','Add new image','2023-01-04 01:11:10','2023-01-04 01:11:10'),(4084,1,'vi','plugins/ecommerce/product-attribute-sets','attribute_set','Attribute set','2023-01-04 01:11:10','2023-01-04 01:11:10'),(4085,1,'vi','plugins/ecommerce/product-attribute-sets','value','Value','2023-01-04 01:11:10','2023-01-04 01:11:10'),(4086,1,'vi','plugins/ecommerce/product-attribute-sets','dropdown_swatch','Dropdown Swatch','2023-01-04 01:11:10','2023-01-04 01:11:10'),(4087,1,'vi','plugins/ecommerce/product-attribute-sets','visual_swatch','Visual Swatch','2023-01-04 01:11:10','2023-01-04 01:11:10'),(4088,1,'vi','plugins/ecommerce/product-attribute-sets','text_swatch','Text Swatch','2023-01-04 01:11:10','2023-01-04 01:11:10'),(4089,1,'vi','plugins/ecommerce/product-attributes','name','Thu?c t?nh s?n ph?m','2023-01-04 01:11:10','2023-01-04 01:11:10'),(4090,1,'vi','plugins/ecommerce/product-attributes','create','T?o','2023-01-04 01:11:10','2023-01-04 01:11:10'),(4091,1,'vi','plugins/ecommerce/product-attributes','edit','S?a','2023-01-04 01:11:10','2023-01-04 01:11:10'),(4092,1,'vi','plugins/ecommerce/product-attributes','intro.title','Qu?n l? danh s?ch thu?c t?nh s?n ph?m','2023-01-04 01:11:11','2023-01-04 01:11:11'),(4093,1,'vi','plugins/ecommerce/product-attributes','intro.description','C?c thu?c t?nh c?a s?n ph?m nh? màu s?c, k?ch th??c ...','2023-01-04 01:11:11','2023-01-04 01:11:11'),(4094,1,'vi','plugins/ecommerce/product-attributes','intro.button_text','T?o thu?c t?nh s?n ph?m','2023-01-04 01:11:11','2023-01-04 01:11:11'),(4095,1,'vi','plugins/ecommerce/product-categories','create','Create new product category','2023-01-04 01:11:11','2023-01-04 01:11:11'),(4096,1,'vi','plugins/ecommerce/product-categories','edit','Edit product category','2023-01-04 01:11:11','2023-01-04 01:11:11'),(4097,1,'vi','plugins/ecommerce/product-categories','name','Danh m?c s?n ph?m','2023-01-04 01:11:11','2023-01-04 01:11:11'),(4098,1,'vi','plugins/ecommerce/product-categories','none','Không c?','2023-01-04 01:11:11','2023-01-04 01:11:11'),(4099,1,'vi','plugins/ecommerce/product-categories','menu','Danh m?c s?n ph?m','2023-01-04 01:11:11','2023-01-04 01:11:11'),(4100,1,'vi','plugins/ecommerce/product-categories','intro.title','Qu?n l? danh s?ch danh m?c s?n ph?m','2023-01-04 01:11:11','2023-01-04 01:11:11'),(4101,1,'vi','plugins/ecommerce/product-categories','intro.description','Danh m?c s?n ph?m nh? qu?n ?o, giày dép, linh ki?n ?i?n t? ...','2023-01-04 01:11:11','2023-01-04 01:11:11'),(4102,1,'vi','plugins/ecommerce/product-categories','intro.button_text','T?o danh m?c s?n ph?m','2023-01-04 01:11:11','2023-01-04 01:11:11'),(4103,1,'vi','plugins/ecommerce/product-categories','total_products','T?ng s?n ph?m: :total','2023-01-04 01:11:11','2023-01-04 01:11:11'),(4104,1,'vi','plugins/ecommerce/product-collections','name','Nh?m s?n ph?m','2023-01-04 01:11:11','2023-01-04 01:11:11'),(4105,1,'vi','plugins/ecommerce/product-collections','create','Thêm nh?m s?n ph?m','2023-01-04 01:11:11','2023-01-04 01:11:11'),(4106,1,'vi','plugins/ecommerce/product-collections','edit','S?a nh?m s?n ph?m','2023-01-04 01:11:11','2023-01-04 01:11:11'),(4107,1,'vi','plugins/ecommerce/product-collections','slug_help_block','Label key: <code>:slug</code>. We will use this key for filter.','2023-01-04 01:11:11','2023-01-04 01:11:11'),(4108,1,'vi','plugins/ecommerce/product-collections','intro.title','Qu?n l? nh?m s?n ph?m','2023-01-04 01:11:11','2023-01-04 01:11:11'),(4109,1,'vi','plugins/ecommerce/product-collections','intro.description','Nh?m s?n ph?m gi?p qu?n l? s?n ph?m và kh?ch hàng t?m ki?m s?n ph?m m?t c?ch d? dàng.','2023-01-04 01:11:11','2023-01-04 01:11:11'),(4110,1,'vi','plugins/ecommerce/product-collections','intro.button_text','T?o nh?m s?n ph?m','2023-01-04 01:11:11','2023-01-04 01:11:11'),(4111,1,'vi','plugins/ecommerce/products','name','S?n ph?m','2023-01-04 01:11:11','2023-01-04 01:11:11'),(4112,1,'vi','plugins/ecommerce/products','create','Thêm s?n ph?m m?i','2023-01-04 01:11:11','2023-01-04 01:11:11'),(4113,1,'vi','plugins/ecommerce/products','edit','S?a s?n ph?m - :name','2023-01-04 01:11:11','2023-01-04 01:11:11'),(4114,1,'vi','plugins/ecommerce/products','form.name','Tên s?n ph?m','2023-01-04 01:11:11','2023-01-04 01:11:11'),(4115,1,'vi','plugins/ecommerce/products','form.name_placeholder','Tên s?n ph?m (T?i ?a 120 ch? c?i)','2023-01-04 01:11:11','2023-01-04 01:11:11'),(4116,1,'vi','plugins/ecommerce/products','form.description','Mô t? ng?n','2023-01-04 01:11:11','2023-01-04 01:11:11'),(4117,1,'vi','plugins/ecommerce/products','form.description_placeholder','Mô t? ng?n g?n cho s?n ph?m (T?i ?a 400 ch? c?i)','2023-01-04 01:11:11','2023-01-04 01:11:11'),(4118,1,'vi','plugins/ecommerce/products','form.categories','Danh m?c','2023-01-04 01:11:11','2023-01-04 01:11:11'),(4119,1,'vi','plugins/ecommerce/products','form.content','Chi ti?t s?n ph?m','2023-01-04 01:11:11','2023-01-04 01:11:11'),(4120,1,'vi','plugins/ecommerce/products','form.price','Gi? c? b?n','2023-01-04 01:11:11','2023-01-04 01:11:11'),(4121,1,'vi','plugins/ecommerce/products','form.price_sale','Gi? gi?m','2023-01-04 01:11:11','2023-01-04 01:11:11'),(4122,1,'vi','plugins/ecommerce/products','form.quantity','S? l??ng','2023-01-04 01:11:11','2023-01-04 01:11:11'),(4123,1,'vi','plugins/ecommerce/products','form.brand','Th??ng hi?u','2023-01-04 01:11:11','2023-01-04 01:11:11'),(4124,1,'vi','plugins/ecommerce/products','form.width','R?ng','2023-01-04 01:11:11','2023-01-04 01:11:11'),(4125,1,'vi','plugins/ecommerce/products','form.height','Cao','2023-01-04 01:11:11','2023-01-04 01:11:11'),(4126,1,'vi','plugins/ecommerce/products','form.weight','Cân n?ng','2023-01-04 01:11:11','2023-01-04 01:11:11'),(4127,1,'vi','plugins/ecommerce/products','form.image','H?nh ?nh','2023-01-04 01:11:11','2023-01-04 01:11:11'),(4128,1,'vi','plugins/ecommerce/products','form.product_type.title','Lo?i s?n ph?m','2023-01-04 01:11:11','2023-01-04 01:11:11'),(4129,1,'vi','plugins/ecommerce/products','form.stock.title','T?nh tr?ng kho','2023-01-04 01:11:11','2023-01-04 01:11:11'),(4130,1,'vi','plugins/ecommerce/products','form.stock.in_stock','C?n hàng','2023-01-04 01:11:11','2023-01-04 01:11:11'),(4131,1,'vi','plugins/ecommerce/products','form.stock.out_stock','H?t hàng','2023-01-04 01:11:11','2023-01-04 01:11:11'),(4132,1,'vi','plugins/ecommerce/products','form.stock.allow_order_when_out','Cho phép ??t hàng khi h?t','2023-01-04 01:11:11','2023-01-04 01:11:11'),(4133,1,'vi','plugins/ecommerce/products','form.storehouse.title','Qu?n l? kho','2023-01-04 01:11:11','2023-01-04 01:11:11'),(4134,1,'vi','plugins/ecommerce/products','form.storehouse.no_storehouse','Không qu?n l? kho','2023-01-04 01:11:11','2023-01-04 01:11:11'),(4135,1,'vi','plugins/ecommerce/products','form.storehouse.storehouse','Qu?n l? kho','2023-01-04 01:11:11','2023-01-04 01:11:11'),(4136,1,'vi','plugins/ecommerce/products','form.storehouse.quantity','S? l??ng','2023-01-04 01:11:11','2023-01-04 01:11:11'),(4137,1,'vi','plugins/ecommerce/products','form.shipping.title','Giao hàng','2023-01-04 01:11:11','2023-01-04 01:11:11'),(4138,1,'vi','plugins/ecommerce/products','form.shipping.length','Chi?u dài','2023-01-04 01:11:11','2023-01-04 01:11:11'),(4139,1,'vi','plugins/ecommerce/products','form.shipping.wide','Chi?u r?ng','2023-01-04 01:11:11','2023-01-04 01:11:11'),(4140,1,'vi','plugins/ecommerce/products','form.shipping.height','Chi?u cao','2023-01-04 01:11:11','2023-01-04 01:11:11'),(4141,1,'vi','plugins/ecommerce/products','form.shipping.weight','Cân n?ng','2023-01-04 01:11:11','2023-01-04 01:11:11'),(4142,1,'vi','plugins/ecommerce/products','form.date.start','Ngày b?t ??u','2023-01-04 01:11:11','2023-01-04 01:11:11'),(4143,1,'vi','plugins/ecommerce/products','form.date.end','Ngày k?t th?c','2023-01-04 01:11:11','2023-01-04 01:11:11'),(4144,1,'vi','plugins/ecommerce/products','form.tags','Nh?n','2023-01-04 01:11:11','2023-01-04 01:11:11'),(4145,1,'vi','plugins/ecommerce/products','form.tax','Thu?','2023-01-04 01:11:11','2023-01-04 01:11:11'),(4146,1,'vi','plugins/ecommerce/products','form.taxes','Thu?','2023-01-04 01:11:11','2023-01-04 01:11:11'),(4147,1,'vi','plugins/ecommerce/products','price','Gi? c? b?n','2023-01-04 01:11:11','2023-01-04 01:11:11'),(4148,1,'vi','plugins/ecommerce/products','price_sale','Gi? gi?m','2023-01-04 01:11:11','2023-01-04 01:11:11'),(4149,1,'vi','plugins/ecommerce/products','quantity','S? l??ng','2023-01-04 01:11:11','2023-01-04 01:11:11'),(4150,1,'vi','plugins/ecommerce/products','type','Lo?i s?n ph?m','2023-01-04 01:11:11','2023-01-04 01:11:11'),(4151,1,'vi','plugins/ecommerce/products','image','?nh','2023-01-04 01:11:11','2023-01-04 01:11:11'),(4152,1,'vi','plugins/ecommerce/products','sku','M? s?n ph?m','2023-01-04 01:11:11','2023-01-04 01:11:11'),(4153,1,'vi','plugins/ecommerce/products','brand','Th??ng hi?u','2023-01-04 01:11:11','2023-01-04 01:11:11'),(4154,1,'vi','plugins/ecommerce/products','cannot_delete','Product could not be deleted','2023-01-04 01:11:11','2023-01-04 01:11:11'),(4155,1,'vi','plugins/ecommerce/products','product_deleted','Product deleted','2023-01-04 01:11:11','2023-01-04 01:11:11'),(4156,1,'vi','plugins/ecommerce/products','products','S?n ph?m','2023-01-04 01:11:11','2023-01-04 01:11:11'),(4157,1,'vi','plugins/ecommerce/products','menu','S?n ph?m','2023-01-04 01:11:11','2023-01-04 01:11:11'),(4158,1,'vi','plugins/ecommerce/products','control.button_add_image','Thêm h?nh ?nh','2023-01-04 01:11:11','2023-01-04 01:11:11'),(4159,1,'vi','plugins/ecommerce/products','overview','T?ng quan','2023-01-04 01:11:11','2023-01-04 01:11:11'),(4160,1,'vi','plugins/ecommerce/products','attributes','Thu?c t?nh','2023-01-04 01:11:11','2023-01-04 01:11:11'),(4161,1,'vi','plugins/ecommerce/products','product_has_variations','S?n ph?m c? nhi?u phiên b?n','2023-01-04 01:11:11','2023-01-04 01:11:11'),(4162,1,'vi','plugins/ecommerce/products','manage_products','Qu?n l? danh s?ch s?n ph?m','2023-01-04 01:11:11','2023-01-04 01:11:11'),(4163,1,'vi','plugins/ecommerce/products','add_new_product','T?o s?n ph?m','2023-01-04 01:11:11','2023-01-04 01:11:11'),(4164,1,'vi','plugins/ecommerce/products','start_by_adding_new_product','B?t ??u b?n hàng b?ng vi?c thêm s?n ph?m.','2023-01-04 01:11:11','2023-01-04 01:11:11'),(4165,1,'vi','plugins/ecommerce/reports','name','B?o c?o','2023-01-04 01:11:11','2023-01-04 01:11:11'),(4166,1,'vi','plugins/ecommerce/reports','widget.order.title','??n hàng','2023-01-04 01:11:11','2023-01-04 01:11:11'),(4167,1,'vi','plugins/ecommerce/reports','count.revenue','Doanh thu hôm nay','2023-01-04 01:11:11','2023-01-04 01:11:11'),(4168,1,'vi','plugins/ecommerce/reports','count.orders','??n hàng hôm nay','2023-01-04 01:11:11','2023-01-04 01:11:11'),(4169,1,'vi','plugins/ecommerce/reports','count.products','S?n ph?m','2023-01-04 01:11:11','2023-01-04 01:11:11'),(4170,1,'vi','plugins/ecommerce/reports','count.customers','Kh?ch hàng','2023-01-04 01:11:11','2023-01-04 01:11:11'),(4171,1,'vi','plugins/ecommerce/reports','product_name','Tên s?n ph?m','2023-01-04 01:11:11','2023-01-04 01:11:11'),(4172,1,'vi','plugins/ecommerce/reports','quantity','S? l??ng','2023-01-04 01:11:11','2023-01-04 01:11:11'),(4173,1,'vi','plugins/ecommerce/reports','revenue_statistics','Th?ng kê doanh thu','2023-01-04 01:11:11','2023-01-04 01:11:11'),(4174,1,'vi','plugins/ecommerce/reports','top_selling_products','S?n ph?m b?n ch?y trong th?ng','2023-01-04 01:11:11','2023-01-04 01:11:11'),(4175,1,'vi','plugins/ecommerce/review','name','??nh gi?','2023-01-04 01:11:11','2023-01-04 01:11:11'),(4176,1,'vi','plugins/ecommerce/review','list_review','Kh?ch hàng ??nh gi?','2023-01-04 01:11:11','2023-01-04 01:11:11'),(4177,1,'vi','plugins/ecommerce/review','add_review','Thêm ??nh gi?','2023-01-04 01:11:11','2023-01-04 01:11:11'),(4178,1,'vi','plugins/ecommerce/review','delete_review','X?a ??nh gi?','2023-01-04 01:11:11','2023-01-04 01:11:11'),(4179,1,'vi','plugins/ecommerce/review','create_review','T?o ??nh gi?','2023-01-04 01:11:11','2023-01-04 01:11:11'),(4180,1,'vi','plugins/ecommerce/review','please_select_rating','Ch?n ??nh gi?','2023-01-04 01:11:11','2023-01-04 01:11:11'),(4181,1,'vi','plugins/ecommerce/review','comment','B?nh lu?n','2023-01-04 01:11:11','2023-01-04 01:11:11'),(4182,1,'vi','plugins/ecommerce/review','approve','Ch?p thu?n','2023-01-04 01:11:11','2023-01-04 01:11:11'),(4183,1,'vi','plugins/ecommerce/review','approved','?? ch?p thu?n','2023-01-04 01:11:11','2023-01-04 01:11:11'),(4184,1,'vi','plugins/ecommerce/review','disapprove','Không ch?p thu?n','2023-01-04 01:11:11','2023-01-04 01:11:11'),(4185,1,'vi','plugins/ecommerce/review','disapproved','?? không ch?p thu?n','2023-01-04 01:11:11','2023-01-04 01:11:11'),(4186,1,'vi','plugins/ecommerce/review','product','S?n ph?m','2023-01-04 01:11:11','2023-01-04 01:11:11'),(4187,1,'vi','plugins/ecommerce/review','user','Ng??i dùng','2023-01-04 01:11:11','2023-01-04 01:11:11'),(4188,1,'vi','plugins/ecommerce/review','star','Sao','2023-01-04 01:11:11','2023-01-04 01:11:11'),(4189,1,'vi','plugins/ecommerce/review','status','Tr?ng th?i','2023-01-04 01:11:11','2023-01-04 01:11:11'),(4190,1,'vi','plugins/ecommerce/review','intro.title','Qu?n l? danh s?ch nh?n xét c?a kh?ch hàng','2023-01-04 01:11:11','2023-01-04 01:11:11'),(4191,1,'vi','plugins/ecommerce/review','intro.description','L?u tr? c?c nh?n xét, ??nh gi? c?a kh?ch hàng','2023-01-04 01:11:11','2023-01-04 01:11:11'),(4192,1,'vi','plugins/ecommerce/shipping','name','Ph? v?n chuy?n','2023-01-04 01:11:11','2023-01-04 01:11:11'),(4193,1,'vi','plugins/ecommerce/shipping','shipping','V?n chuy?n','2023-01-04 01:11:11','2023-01-04 01:11:11'),(4194,1,'vi','plugins/ecommerce/shipping','title','Title','2023-01-04 01:11:11','2023-01-04 01:11:11'),(4195,1,'vi','plugins/ecommerce/shipping','country','Qu?c gia','2023-01-04 01:11:11','2023-01-04 01:11:11'),(4196,1,'vi','plugins/ecommerce/shipping','state','State','2023-01-04 01:11:11','2023-01-04 01:11:11'),(4197,1,'vi','plugins/ecommerce/shipping','city','City','2023-01-04 01:11:11','2023-01-04 01:11:11'),(4198,1,'vi','plugins/ecommerce/shipping','amount','Amount','2023-01-04 01:11:11','2023-01-04 01:11:11'),(4199,1,'vi','plugins/ecommerce/shipping','enable','Enable','2023-01-04 01:11:11','2023-01-04 01:11:11'),(4200,1,'vi','plugins/ecommerce/shipping','enabled','Enabled','2023-01-04 01:11:11','2023-01-04 01:11:11'),(4201,1,'vi','plugins/ecommerce/shipping','disable','Disable','2023-01-04 01:11:11','2023-01-04 01:11:11'),(4202,1,'vi','plugins/ecommerce/shipping','disabled','Disabled','2023-01-04 01:11:11','2023-01-04 01:11:11'),(4203,1,'vi','plugins/ecommerce/shipping','create_shipping','Create a shipping','2023-01-04 01:11:11','2023-01-04 01:11:11'),(4204,1,'vi','plugins/ecommerce/shipping','edit_shipping','Edit shipping #','2023-01-04 01:11:11','2023-01-04 01:11:11'),(4205,1,'vi','plugins/ecommerce/shipping','status','Status','2023-01-04 01:11:11','2023-01-04 01:11:11'),(4206,1,'vi','plugins/ecommerce/shipping','shipping_methods','Ph??ng th?c v?n chuy?n','2023-01-04 01:11:11','2023-01-04 01:11:11'),(4207,1,'vi','plugins/ecommerce/shipping','create_shipping_method','T?o ph??ng th?c v?n chuy?n','2023-01-04 01:11:11','2023-01-04 01:11:11'),(4208,1,'vi','plugins/ecommerce/shipping','edit_shipping_method','S?a ph??ng th?c v?n chuy?n','2023-01-04 01:11:11','2023-01-04 01:11:11'),(4209,1,'vi','plugins/ecommerce/shipping','add_shipping_region','Thêm khu v?c v?n chuy?n','2023-01-04 01:11:11','2023-01-04 01:11:11'),(4210,1,'vi','plugins/ecommerce/shipping','methods.default','Default','2023-01-04 01:11:11','2023-01-04 01:11:11'),(4211,1,'vi','plugins/ecommerce/shipping','statuses.not_approved','Not approved','2023-01-04 01:11:11','2023-01-04 01:11:11'),(4212,1,'vi','plugins/ecommerce/shipping','statuses.approved','Approved','2023-01-04 01:11:11','2023-01-04 01:11:11'),(4213,1,'vi','plugins/ecommerce/shipping','statuses.picking','Picking','2023-01-04 01:11:11','2023-01-04 01:11:11'),(4214,1,'vi','plugins/ecommerce/shipping','statuses.delay_picking','Delay picking','2023-01-04 01:11:11','2023-01-04 01:11:11'),(4215,1,'vi','plugins/ecommerce/shipping','statuses.picked','Picked','2023-01-04 01:11:11','2023-01-04 01:11:11'),(4216,1,'vi','plugins/ecommerce/shipping','statuses.not_picked','Not picked','2023-01-04 01:11:11','2023-01-04 01:11:11'),(4217,1,'vi','plugins/ecommerce/shipping','statuses.delivering','Delivering','2023-01-04 01:11:11','2023-01-04 01:11:11'),(4218,1,'vi','plugins/ecommerce/shipping','statuses.delivered','Delivered','2023-01-04 01:11:11','2023-01-04 01:11:11'),(4219,1,'vi','plugins/ecommerce/shipping','statuses.not_delivered','Not delivered','2023-01-04 01:11:11','2023-01-04 01:11:11'),(4220,1,'vi','plugins/ecommerce/shipping','statuses.audited','Audited','2023-01-04 01:11:11','2023-01-04 01:11:11'),(4221,1,'vi','plugins/ecommerce/shipping','statuses.canceled','Canceled','2023-01-04 01:11:11','2023-01-04 01:11:11'),(4222,1,'vi','plugins/ecommerce/shipping','cod_statuses.pending','Pending','2023-01-04 01:11:11','2023-01-04 01:11:11'),(4223,1,'vi','plugins/ecommerce/shipping','cod_statuses.completed','Completed','2023-01-04 01:11:11','2023-01-04 01:11:11'),(4224,1,'vi','plugins/ecommerce/store-locator','name','??a ch? c?a hàng','2023-01-04 01:11:11','2023-01-04 01:11:11'),(4225,1,'vi','plugins/ecommerce/store-locator','description','??a ch? này s? xu?t hi?n trên ho? ??n c?a b?n và s? ???c s? d?ng ?? t?nh to?n m?c gi? v?n chuy?n c?a b?n.','2023-01-04 01:11:11','2023-01-04 01:11:11'),(4226,1,'vi','plugins/ecommerce/store-locator','shop_name','Tên c?a hàng','2023-01-04 01:11:11','2023-01-04 01:11:11'),(4227,1,'vi','plugins/ecommerce/store-locator','phone','?i?n tho?i','2023-01-04 01:11:11','2023-01-04 01:11:11'),(4228,1,'vi','plugins/ecommerce/store-locator','address','??a ch?','2023-01-04 01:11:11','2023-01-04 01:11:11'),(4229,1,'vi','plugins/ecommerce/tax','name','Thu?','2023-01-04 01:11:11','2023-01-04 01:11:11'),(4230,1,'vi','plugins/ecommerce/tax','create','T?o thu?','2023-01-04 01:11:11','2023-01-04 01:11:11'),(4231,1,'vi','plugins/ecommerce/tax','edit','Ch?nh s?a thu? :title','2023-01-04 01:11:11','2023-01-04 01:11:11'),(4232,1,'vi','plugins/ecommerce/tax','title','Tiêu ??','2023-01-04 01:11:11','2023-01-04 01:11:11'),(4233,1,'vi','plugins/ecommerce/tax','percentage','T? l? ph?n tr?m %','2023-01-04 01:11:11','2023-01-04 01:11:11'),(4234,1,'vi','plugins/ecommerce/tax','priority','Th? t? ?u tiên','2023-01-04 01:11:11','2023-01-04 01:11:11'),(4235,1,'vi','plugins/ecommerce/tax','select_tax','-- l?a ch?n --','2023-01-04 01:11:11','2023-01-04 01:11:11'),(4236,1,'en','plugins/faq/faq-category','name','Categories','2023-01-04 01:11:11','2023-01-04 01:11:11'),(4237,1,'en','plugins/faq/faq-category','create','New category','2023-01-04 01:11:11','2023-01-04 01:11:11'),(4238,1,'en','plugins/faq/faq-category','edit','Edit category','2023-01-04 01:11:11','2023-01-04 01:11:11'),(4239,1,'en','plugins/faq/faq','name','FAQ','2023-01-04 01:11:11','2023-01-04 01:11:11'),(4240,1,'en','plugins/faq/faq','create','New faq','2023-01-04 01:11:11','2023-01-04 01:11:11'),(4241,1,'en','plugins/faq/faq','edit','Edit faq','2023-01-04 01:11:11','2023-01-04 01:11:11'),(4242,1,'en','plugins/faq/faq','question','Question','2023-01-04 01:11:11','2023-01-04 01:11:11'),(4243,1,'en','plugins/faq/faq','answer','Answer','2023-01-04 01:11:11','2023-01-04 01:11:11'),(4244,1,'en','plugins/faq/faq','category','Category','2023-01-04 01:11:11','2023-01-04 01:11:11'),(4245,1,'en','plugins/faq/faq','all','All','2023-01-04 01:11:11','2023-01-04 01:11:11'),(4246,1,'en','plugins/faq/faq','faq_schema_config','FAQ schema configuration (:link)','2023-01-04 01:11:11','2023-01-04 01:11:11'),(4247,1,'en','plugins/faq/faq','learn_more','Learn more','2023-01-04 01:11:11','2023-01-04 01:11:11'),(4248,1,'en','plugins/faq/faq','settings.title','FAQ','2023-01-04 01:11:11','2023-01-04 01:11:11'),(4249,1,'en','plugins/faq/faq','settings.description','Settings for FAQ','2023-01-04 01:11:11','2023-01-04 01:11:11'),(4250,1,'en','plugins/faq/faq','settings.enable_faq_schema','Enable FAQ Schema?','2023-01-04 01:11:11','2023-01-04 01:11:11'),(4251,1,'en','plugins/faq/faq','settings.enable_faq_schema_description','Learn more: https://developers.google.com/search/docs/data-types/faqpage','2023-01-04 01:11:11','2023-01-04 01:11:11'),(4252,1,'en','plugins/faq/faq','select_category','Select a category','2023-01-04 01:11:11','2023-01-04 01:11:11'),(4253,1,'en','plugins/faq/faq','add_item','Add item','2023-01-04 01:11:11','2023-01-04 01:11:11'),(4254,1,'vi','plugins/faq/faq-category','create','Thêm danh m?c','2023-01-04 01:11:11','2023-01-04 01:11:11'),(4255,1,'vi','plugins/faq/faq-category','edit','S?a danh m?c','2023-01-04 01:11:11','2023-01-04 01:11:11'),(4256,1,'vi','plugins/faq/faq-category','name','Danh m?c','2023-01-04 01:11:11','2023-01-04 01:11:11'),(4257,1,'vi','plugins/faq/faq','name','Câu h?i th??ng g?p','2023-01-04 01:11:11','2023-01-04 01:11:11'),(4258,1,'vi','plugins/faq/faq','create','Thêm câu h?i','2023-01-04 01:11:11','2023-01-04 01:11:11'),(4259,1,'vi','plugins/faq/faq','edit','S?a câu h?i','2023-01-04 01:11:11','2023-01-04 01:11:11'),(4260,1,'vi','plugins/faq/faq','question','Câu h?i','2023-01-04 01:11:11','2023-01-04 01:11:11'),(4261,1,'vi','plugins/faq/faq','answer','Tr? l?i','2023-01-04 01:11:11','2023-01-04 01:11:11'),(4262,1,'en','plugins/language/language','name','Languages','2023-01-04 01:11:11','2023-01-04 01:11:11'),(4263,1,'en','plugins/language/language','choose_language','Choose a language','2023-01-04 01:11:11','2023-01-04 01:11:11'),(4264,1,'en','plugins/language/language','select_language','Select language','2023-01-04 01:11:11','2023-01-04 01:11:11'),(4265,1,'en','plugins/language/language','choose_language_helper','You can choose a language in the list or directly edit it below.','2023-01-04 01:11:11','2023-01-04 01:11:11'),(4266,1,'en','plugins/language/language','language_name','Language name','2023-01-04 01:11:11','2023-01-04 01:11:11'),(4267,1,'en','plugins/language/language','language_name_helper','The name is how it is displayed on your site (for example: English).','2023-01-04 01:11:11','2023-01-04 01:11:11'),(4268,1,'en','plugins/language/language','locale','Locale','2023-01-04 01:11:11','2023-01-04 01:11:11'),(4269,1,'en','plugins/language/language','locale_helper','Laravel Locale for the language (for example: <code>en</code>).','2023-01-04 01:11:11','2023-01-04 01:11:11'),(4270,1,'en','plugins/language/language','language_code','Language code','2023-01-04 01:11:11','2023-01-04 01:11:11'),(4271,1,'en','plugins/language/language','language_code_helper','Language code - preferably 2-letters ISO 639-1 (for example: en)','2023-01-04 01:11:11','2023-01-04 01:11:11'),(4272,1,'en','plugins/language/language','text_direction','Text direction','2023-01-04 01:11:11','2023-01-04 01:11:11'),(4273,1,'en','plugins/language/language','text_direction_helper','Choose the text direction for the language','2023-01-04 01:11:11','2023-01-04 01:11:11'),(4274,1,'en','plugins/language/language','left_to_right','Left to right','2023-01-04 01:11:11','2023-01-04 01:11:11'),(4275,1,'en','plugins/language/language','right_to_left','Right to left','2023-01-04 01:11:11','2023-01-04 01:11:11'),(4276,1,'en','plugins/language/language','flag','Flag','2023-01-04 01:11:11','2023-01-04 01:11:11'),(4277,1,'en','plugins/language/language','flag_helper','Choose a flag for the language.','2023-01-04 01:11:11','2023-01-04 01:11:11'),(4278,1,'en','plugins/language/language','order','Order','2023-01-04 01:11:11','2023-01-04 01:11:11'),(4279,1,'en','plugins/language/language','order_helper','Position of the language in the language switcher','2023-01-04 01:11:11','2023-01-04 01:11:11'),(4280,1,'en','plugins/language/language','add_new_language','Add new language','2023-01-04 01:11:11','2023-01-04 01:11:11'),(4281,1,'en','plugins/language/language','code','Code','2023-01-04 01:11:11','2023-01-04 01:11:11'),(4282,1,'en','plugins/language/language','default_language','Is default?','2023-01-04 01:11:11','2023-01-04 01:11:11'),(4283,1,'en','plugins/language/language','actions','Actions','2023-01-04 01:11:11','2023-01-04 01:11:11'),(4284,1,'en','plugins/language/language','translations','Translations','2023-01-04 01:11:11','2023-01-04 01:11:11'),(4285,1,'en','plugins/language/language','edit','Edit','2023-01-04 01:11:11','2023-01-04 01:11:11'),(4286,1,'en','plugins/language/language','edit_tooltip','Edit this language','2023-01-04 01:11:11','2023-01-04 01:11:11'),(4287,1,'en','plugins/language/language','delete','Delete','2023-01-04 01:11:11','2023-01-04 01:11:11'),(4288,1,'en','plugins/language/language','delete_tooltip','Delete this language and all its associated data','2023-01-04 01:11:11','2023-01-04 01:11:11'),(4289,1,'en','plugins/language/language','choose_default_language','Choose :language as default language','2023-01-04 01:11:11','2023-01-04 01:11:11'),(4290,1,'en','plugins/language/language','current_language','Current record\'s language','2023-01-04 01:11:11','2023-01-04 01:11:11'),(4291,1,'en','plugins/language/language','edit_related','Edit related language for this record','2023-01-04 01:11:11','2023-01-04 01:11:11'),(4292,1,'en','plugins/language/language','add_language_for_item','Add other language version for this record','2023-01-04 01:11:11','2023-01-04 01:11:11'),(4293,1,'en','plugins/language/language','settings','Settings','2023-01-04 01:11:11','2023-01-04 01:11:11'),(4294,1,'en','plugins/language/language','language_hide_default','Hide default language from URL?','2023-01-04 01:11:11','2023-01-04 01:11:11'),(4295,1,'en','plugins/language/language','language_display_flag_only','Flag only','2023-01-04 01:11:11','2023-01-04 01:11:11'),(4296,1,'en','plugins/language/language','language_display_name_only','Name only','2023-01-04 01:11:11','2023-01-04 01:11:11'),(4297,1,'en','plugins/language/language','language_display_all','Display all flag and name','2023-01-04 01:11:11','2023-01-04 01:11:11'),(4298,1,'en','plugins/language/language','language_display','Language display','2023-01-04 01:11:11','2023-01-04 01:11:11'),(4299,1,'en','plugins/language/language','switcher_display','Switcher language display','2023-01-04 01:11:11','2023-01-04 01:11:11'),(4300,1,'en','plugins/language/language','language_switcher_display_dropdown','Dropdown','2023-01-04 01:11:11','2023-01-04 01:11:11'),(4301,1,'en','plugins/language/language','language_switcher_display_list','List','2023-01-04 01:11:11','2023-01-04 01:11:11'),(4302,1,'en','plugins/language/language','current_language_edit_notification','You are editing \"<strong class=\"current_language_text\">:language</strong>\" version','2023-01-04 01:11:11','2023-01-04 01:11:11'),(4303,1,'en','plugins/language/language','confirm-change-language','Confirm change language','2023-01-04 01:11:11','2023-01-04 01:11:11'),(4304,1,'en','plugins/language/language','confirm-change-language-message','Do you really want to change language to \"<strong class=\"change_to_language_text\"></strong>\" ? This action will be override \"<strong class=\"change_to_language_text\"></strong>\" version if it\'s existed!','2023-01-04 01:11:11','2023-01-04 01:11:11'),(4305,1,'en','plugins/language/language','confirm-change-language-btn','Confirm change','2023-01-04 01:11:11','2023-01-04 01:11:11'),(4306,1,'en','plugins/language/language','hide_languages','Hide languages','2023-01-04 01:11:11','2023-01-04 01:11:11'),(4307,1,'en','plugins/language/language','hide_languages_description','You can completely hide content in specific languages from visitors and search engines, but still view it yourself. This allows reviewing translations that are in progress.','2023-01-04 01:11:11','2023-01-04 01:11:11'),(4308,1,'en','plugins/language/language','hide_languages_helper_display_hidden','{0} All languages are currently displayed.|{1} :language is currently hidden to visitors.|[2, Inf] :language are currently hidden to visitors.','2023-01-04 01:11:11','2023-01-04 01:11:11'),(4309,1,'en','plugins/language/language','show_all','Show all','2023-01-04 01:11:11','2023-01-04 01:11:11'),(4310,1,'en','plugins/language/language','change_language','Language','2023-01-04 01:11:11','2023-01-04 01:11:11'),(4311,1,'en','plugins/language/language','language_show_default_item_if_current_version_not_existed','Show item in default language if it is not existed in current language','2023-01-04 01:11:11','2023-01-04 01:11:11'),(4312,1,'en','plugins/language/language','select_flag','Select a flag...','2023-01-04 01:11:11','2023-01-04 01:11:11'),(4313,1,'en','plugins/language/language','delete_confirmation_message','Do you really want to delete this language? It also deletes all items in this language and cannot rollback!','2023-01-04 01:11:11','2023-01-04 01:11:11'),(4314,1,'en','plugins/language/language','added_already','This language was added already!','2023-01-04 01:11:11','2023-01-04 01:11:11'),(4315,1,'en','plugins/language/language','language_auto_detect_user_language','Auto detect user language?','2023-01-04 01:11:11','2023-01-04 01:11:11'),(4316,1,'vi','plugins/language/language','name','Ngôn ng?','2023-01-04 01:11:11','2023-01-04 01:11:11'),(4317,1,'vi','plugins/language/language','choose_language','Ch?n m?t ngôn ng?','2023-01-04 01:11:11','2023-01-04 01:11:11'),(4318,1,'vi','plugins/language/language','select_language','Ch?n ngôn ng?','2023-01-04 01:11:11','2023-01-04 01:11:11'),(4319,1,'vi','plugins/language/language','choose_language_helper','B?n c? th? ch?n 1 ngôn ng? trong danh s?ch ho?c nh?p tr?c ti?p n?i dung xu?ng c?c m?c d??i','2023-01-04 01:11:11','2023-01-04 01:11:11'),(4320,1,'vi','plugins/language/language','language_name','Tên ??y ??','2023-01-04 01:11:11','2023-01-04 01:11:11'),(4321,1,'vi','plugins/language/language','language_name_helper','Tên ngôn ng? s? ???c hi?n th? trên website (v? d?: Ti?ng Anh).','2023-01-04 01:11:11','2023-01-04 01:11:11'),(4322,1,'vi','plugins/language/language','locale','Locale','2023-01-04 01:11:11','2023-01-04 01:11:11'),(4323,1,'vi','plugins/language/language','locale_helper','Laravel Locale cho ngôn ng? này (v? d?: <code>en</code>).','2023-01-04 01:11:11','2023-01-04 01:11:11'),(4324,1,'vi','plugins/language/language','language_code','M? ngôn ng?','2023-01-04 01:11:11','2023-01-04 01:11:11'),(4325,1,'vi','plugins/language/language','language_code_helper','M? ngôn ng? - ?u tiên d?ng 2-k? t? theo chu?n ISO 639-1 (v? d?: en)','2023-01-04 01:11:11','2023-01-04 01:11:11'),(4326,1,'vi','plugins/language/language','text_direction','H??ng vi?t ch?','2023-01-04 01:11:11','2023-01-04 01:11:11'),(4327,1,'vi','plugins/language/language','text_direction_helper','Ch?n h??ng vi?t ch? cho ngôn ng? này','2023-01-04 01:11:11','2023-01-04 01:11:11'),(4328,1,'vi','plugins/language/language','left_to_right','Tr?i qua ph?i','2023-01-04 01:11:11','2023-01-04 01:11:11'),(4329,1,'vi','plugins/language/language','right_to_left','Ph?i qua tr?i','2023-01-04 01:11:11','2023-01-04 01:11:11'),(4330,1,'vi','plugins/language/language','flag','C?','2023-01-04 01:11:11','2023-01-04 01:11:11'),(4331,1,'vi','plugins/language/language','flag_helper','Ch?n 1 c? cho ngôn ng? này','2023-01-04 01:11:11','2023-01-04 01:11:11'),(4332,1,'vi','plugins/language/language','order','S?p x?p','2023-01-04 01:11:11','2023-01-04 01:11:11'),(4333,1,'vi','plugins/language/language','order_helper','V? tr? c?a ngôn ng? hi?n th? trong m?c chuy?n ??i ngôn ng?','2023-01-04 01:11:11','2023-01-04 01:11:11'),(4334,1,'vi','plugins/language/language','add_new_language','Thêm ngôn ng? m?i','2023-01-04 01:11:11','2023-01-04 01:11:11'),(4335,1,'vi','plugins/language/language','code','M?','2023-01-04 01:11:11','2023-01-04 01:11:11'),(4336,1,'vi','plugins/language/language','default_language','Ngôn ng? m?c ??nh','2023-01-04 01:11:11','2023-01-04 01:11:11'),(4337,1,'vi','plugins/language/language','actions','Hành ??ng','2023-01-04 01:11:11','2023-01-04 01:11:11'),(4338,1,'vi','plugins/language/language','translations','D?ch','2023-01-04 01:11:11','2023-01-04 01:11:11'),(4339,1,'vi','plugins/language/language','edit','S?a','2023-01-04 01:11:11','2023-01-04 01:11:11'),(4340,1,'vi','plugins/language/language','edit_tooltip','S?a ngôn ng? này','2023-01-04 01:11:11','2023-01-04 01:11:11'),(4341,1,'vi','plugins/language/language','delete','X?a','2023-01-04 01:11:11','2023-01-04 01:11:11'),(4342,1,'vi','plugins/language/language','delete_tooltip','X?a ngôn ng? này và c?c d? li?u liên quan','2023-01-04 01:11:11','2023-01-04 01:11:11'),(4343,1,'vi','plugins/language/language','choose_default_language','Ch?n :language làm ngôn ng? m?c ??nh','2023-01-04 01:11:11','2023-01-04 01:11:11'),(4344,1,'vi','plugins/language/language','add_language_for_item','Thêm ngôn ng? kh?c cho b?n ghi này','2023-01-04 01:11:11','2023-01-04 01:11:11'),(4345,1,'vi','plugins/language/language','current_language','Ngôn ng? hi?n t?i c?a b?n ghi','2023-01-04 01:11:11','2023-01-04 01:11:11'),(4346,1,'vi','plugins/language/language','edit_related','S?a b?n ngôn ng? kh?c c?a b?n ghi này','2023-01-04 01:11:11','2023-01-04 01:11:11'),(4347,1,'vi','plugins/language/language','confirm-change-language','X?c nh?n thay ??i ngôn ng?','2023-01-04 01:11:11','2023-01-04 01:11:11'),(4348,1,'vi','plugins/language/language','confirm-change-language-btn','X?c nh?n thay ??i','2023-01-04 01:11:11','2023-01-04 01:11:11'),(4349,1,'vi','plugins/language/language','confirm-change-language-message','B?n c? ch?c ch?n mu?n thay ??i ngôn ng? sang ti?ng \"<strong class=\"change_to_language_text\"></strong>\" ? ?i?u này s? ghi ?è b?n ghi ti?ng \"<strong class=\"change_to_language_text\"></strong>\" n?u n? ?? t?n t?i!','2023-01-04 01:11:11','2023-01-04 01:11:11'),(4350,1,'vi','plugins/language/language','current_language_edit_notification','B?n ?ang ch?nh s?a phiên b?n ti?ng \"<strong class=\"current_language_text\">:language</strong>\"','2023-01-04 01:11:11','2023-01-04 01:11:11'),(4351,1,'vi','plugins/language/language','hide_languages','?n ngôn ng?','2023-01-04 01:11:11','2023-01-04 01:11:11'),(4352,1,'vi','plugins/language/language','hide_languages_description','B?n c? th? hoàn toàn ?n ngôn ng? c? th? ??i v?i ng??i truy c?p và công c? t?m ki?m, nh?ng s? v?n hi?n th? trong trang qu?n tr?. ?i?u này cho phép b?n bi?t nh?ng ngôn ng? nào ?ang ???c x? l?.','2023-01-04 01:11:11','2023-01-04 01:11:11'),(4353,1,'vi','plugins/language/language','hide_languages_helper_display_hidden','{0} T?t c? ngôn ng? ?ang ???c hi?n th?.|{1} :language ?ang b? ?n ??i v?i ng??i truy c?p.|[2, Inf]  :language ?ang b? ?n ??i v?i ng??i truy c?p.','2023-01-04 01:11:11','2023-01-04 01:11:11'),(4354,1,'vi','plugins/language/language','language_display','Hi?n th? ngôn ng?','2023-01-04 01:11:11','2023-01-04 01:11:11'),(4355,1,'vi','plugins/language/language','language_display_all','Hi?n th? c? c? và tên ngôn ng?','2023-01-04 01:11:11','2023-01-04 01:11:11'),(4356,1,'vi','plugins/language/language','language_display_flag_only','Ch? hi?n th? c?','2023-01-04 01:11:11','2023-01-04 01:11:11'),(4357,1,'vi','plugins/language/language','language_display_name_only','Ch? hi?n th? tên','2023-01-04 01:11:11','2023-01-04 01:11:11'),(4358,1,'vi','plugins/language/language','language_hide_default','?n ngôn ng? m?c ??nh trên URL','2023-01-04 01:11:11','2023-01-04 01:11:11'),(4359,1,'vi','plugins/language/language','language_switcher_display_dropdown','Dropdown','2023-01-04 01:11:11','2023-01-04 01:11:11'),(4360,1,'vi','plugins/language/language','language_switcher_display_list','Danh s?ch','2023-01-04 01:11:11','2023-01-04 01:11:11'),(4361,1,'vi','plugins/language/language','settings','Cài ??t','2023-01-04 01:11:11','2023-01-04 01:11:11'),(4362,1,'vi','plugins/language/language','switcher_display','Hi?n th? b? chuy?n ??i ngôn ng?','2023-01-04 01:11:11','2023-01-04 01:11:11'),(4363,1,'vi','plugins/language/language','change_language','Ngôn ng?','2023-01-04 01:11:11','2023-01-04 01:11:11'),(4364,1,'vi','plugins/language/language','show_all','Hi?n th? t?t c?','2023-01-04 01:11:11','2023-01-04 01:11:11'),(4365,1,'vi','plugins/language/language','language_show_default_item_if_current_version_not_existed','Hi?n th? b?n ghi ? ngôn ng? m?c ??nh n?u phiên b?n cho ngôn ng? hi?n t?i ch?a c?','2023-01-04 01:11:11','2023-01-04 01:11:11'),(4366,1,'en','plugins/location/bulk-import','name','Bulk Import','2023-01-04 01:11:11','2023-01-04 01:11:11'),(4367,1,'en','plugins/location/bulk-import','loading_text','Importing','2023-01-04 01:11:11','2023-01-04 01:11:11'),(4368,1,'en','plugins/location/bulk-import','imported_successfully','Imported successfully.','2023-01-04 01:11:11','2023-01-04 01:11:11'),(4369,1,'en','plugins/location/bulk-import','please_choose_the_file_mime','Please choose the file mime :types','2023-01-04 01:11:11','2023-01-04 01:11:11'),(4370,1,'en','plugins/location/bulk-import','please_choose_the_file','Please choose the file','2023-01-04 01:11:11','2023-01-04 01:11:11'),(4371,1,'en','plugins/location/bulk-import','start_import','Start Import','2023-01-04 01:11:11','2023-01-04 01:11:11'),(4372,1,'en','plugins/location/bulk-import','note','Note!','2023-01-04 01:11:11','2023-01-04 01:11:11'),(4373,1,'en','plugins/location/bulk-import','warning_before_importing','If this is your first time using this feature, please read the documentation or contact the Administrator for access to the correct functionality!','2023-01-04 01:11:11','2023-01-04 01:11:11'),(4374,1,'en','plugins/location/bulk-import','results','Result: :success successes, :failed failures','2023-01-04 01:11:11','2023-01-04 01:11:11'),(4375,1,'en','plugins/location/bulk-import','failures','Failures','2023-01-04 01:11:11','2023-01-04 01:11:11'),(4376,1,'en','plugins/location/bulk-import','tables.import','Import','2023-01-04 01:11:11','2023-01-04 01:11:11'),(4377,1,'en','plugins/location/bulk-import','template','Template','2023-01-04 01:11:11','2023-01-04 01:11:11'),(4378,1,'en','plugins/location/bulk-import','rules','Rules','2023-01-04 01:11:11','2023-01-04 01:11:11'),(4379,1,'en','plugins/location/bulk-import','choose_file_with_mime','Choose file with mime: (:types)','2023-01-04 01:11:11','2023-01-04 01:11:11'),(4380,1,'en','plugins/location/bulk-import','choose_file','Choose file','2023-01-04 01:11:11','2023-01-04 01:11:11'),(4381,1,'en','plugins/location/bulk-import','menu','Import locations','2023-01-04 01:11:11','2023-01-04 01:11:11'),(4382,1,'en','plugins/location/bulk-import','download-csv-file','Download CSV template','2023-01-04 01:11:11','2023-01-04 01:11:11'),(4383,1,'en','plugins/location/bulk-import','download-excel-file','Download Excel template','2023-01-04 01:11:11','2023-01-04 01:11:11'),(4384,1,'en','plugins/location/bulk-import','downloading','Downloading...','2023-01-04 01:11:11','2023-01-04 01:11:11'),(4385,1,'en','plugins/location/bulk-import','export.template.input_error','Input error','2023-01-04 01:11:11','2023-01-04 01:11:11'),(4386,1,'en','plugins/location/bulk-import','export.template.number_not_allowed','Number is not allowed!','2023-01-04 01:11:11','2023-01-04 01:11:11'),(4387,1,'en','plugins/location/bulk-import','export.template.allowed_input','Allowed input','2023-01-04 01:11:11','2023-01-04 01:11:11'),(4388,1,'en','plugins/location/bulk-import','export.template.prompt_decimal','Only numbers or decimals are accepted and greater than or equal to :min.','2023-01-04 01:11:11','2023-01-04 01:11:11'),(4389,1,'en','plugins/location/bulk-import','export.template.prompt_whole_number','Only numbers are accepted and greater than or equal to :min.','2023-01-04 01:11:11','2023-01-04 01:11:11'),(4390,1,'en','plugins/location/bulk-import','export.template.prompt_list','Please pick a value from the drop-down list.','2023-01-04 01:11:11','2023-01-04 01:11:11'),(4391,1,'en','plugins/location/bulk-import','export.template.pick_from_list','Pick from list','2023-01-04 01:11:11','2023-01-04 01:11:11'),(4392,1,'en','plugins/location/bulk-import','export.template.value_not_in_list','Value is not in list.','2023-01-04 01:11:11','2023-01-04 01:11:11'),(4393,1,'en','plugins/location/bulk-import','export.template.max_text_length','Max text length','2023-01-04 01:11:11','2023-01-04 01:11:11'),(4394,1,'en','plugins/location/bulk-import','export.template.prompt_max_text_length','Only accept text with length less than or equal to :max.','2023-01-04 01:11:11','2023-01-04 01:11:11'),(4395,1,'en','plugins/location/bulk-import','import_failed_description','Import failed, please check the errors below!','2023-01-04 01:11:11','2023-01-04 01:11:11'),(4396,1,'en','plugins/location/bulk-import','available_enable_multi_language','Only available when you enable \"Is Multi Language?\"','2023-01-04 01:11:11','2023-01-04 01:11:11'),(4397,1,'en','plugins/location/bulk-import','import_type_required_if','The :attribute field is required when \"Import Type\" is :value.','2023-01-04 01:11:11','2023-01-04 01:11:11'),(4398,1,'en','plugins/location/bulk-import','import_available_data','Import available data','2023-01-04 01:11:11','2023-01-04 01:11:11'),(4399,1,'en','plugins/location/bulk-import','import','Import','2023-01-04 01:11:11','2023-01-04 01:11:11'),(4400,1,'en','plugins/location/bulk-import','import_available_data_confirmation','Import available data confirmation','2023-01-04 01:11:12','2023-01-04 01:11:12'),(4401,1,'en','plugins/location/bulk-import','import_available_data_confirmation_content','Do you really want to import states/cities for this country?','2023-01-04 01:11:12','2023-01-04 01:11:12'),(4402,1,'en','plugins/location/city','name','Cities','2023-01-04 01:11:12','2023-01-04 01:11:12'),(4403,1,'en','plugins/location/city','create','New city','2023-01-04 01:11:12','2023-01-04 01:11:12'),(4404,1,'en','plugins/location/city','edit','Edit city','2023-01-04 01:11:12','2023-01-04 01:11:12'),(4405,1,'en','plugins/location/city','state','State','2023-01-04 01:11:12','2023-01-04 01:11:12'),(4406,1,'en','plugins/location/city','select_state','Select state...','2023-01-04 01:11:12','2023-01-04 01:11:12'),(4407,1,'en','plugins/location/city','select_city','Select city...','2023-01-04 01:11:12','2023-01-04 01:11:12'),(4408,1,'en','plugins/location/city','country','Country','2023-01-04 01:11:12','2023-01-04 01:11:12'),(4409,1,'en','plugins/location/city','select_country','Select country...','2023-01-04 01:11:12','2023-01-04 01:11:12'),(4410,1,'en','plugins/location/city','city','City','2023-01-04 01:11:12','2023-01-04 01:11:12'),(4411,1,'en','plugins/location/country','name','Countries','2023-01-04 01:11:12','2023-01-04 01:11:12'),(4412,1,'en','plugins/location/country','create','New country','2023-01-04 01:11:12','2023-01-04 01:11:12'),(4413,1,'en','plugins/location/country','edit','Edit country','2023-01-04 01:11:12','2023-01-04 01:11:12'),(4414,1,'en','plugins/location/country','nationality','Nationality','2023-01-04 01:11:12','2023-01-04 01:11:12'),(4415,1,'en','plugins/location/country','code','Country ISO code','2023-01-04 01:11:12','2023-01-04 01:11:12'),(4416,1,'en','plugins/location/country','code_placeholder','ISO country code, uppercase. Ex: US.','2023-01-04 01:11:12','2023-01-04 01:11:12'),(4417,1,'en','plugins/location/country','code_helper','Find country ISO code from here: https://en.wikipedia.org/wiki/List_of_ISO_3166_country_codes','2023-01-04 01:11:12','2023-01-04 01:11:12'),(4418,1,'en','plugins/location/location','name','Locations','2023-01-04 01:11:12','2023-01-04 01:11:12'),(4419,1,'en','plugins/location/location','create','New location','2023-01-04 01:11:12','2023-01-04 01:11:12'),(4420,1,'en','plugins/location/location','edit','Edit location','2023-01-04 01:11:12','2023-01-04 01:11:12'),(4421,1,'en','plugins/location/location','all_states','All states','2023-01-04 01:11:12','2023-01-04 01:11:12'),(4422,1,'en','plugins/location/location','abbreviation','Abbreviation','2023-01-04 01:11:12','2023-01-04 01:11:12'),(4423,1,'en','plugins/location/location','abbreviation_placeholder','E.g: CA','2023-01-04 01:11:12','2023-01-04 01:11:12'),(4424,1,'en','plugins/location/location','exporting','Exporting','2023-01-04 01:11:12','2023-01-04 01:11:12'),(4425,1,'en','plugins/location/location','total_country','Total countries','2023-01-04 01:11:12','2023-01-04 01:11:12'),(4426,1,'en','plugins/location/location','total_state','Total states','2023-01-04 01:11:12','2023-01-04 01:11:12'),(4427,1,'en','plugins/location/location','total_city','Total cities','2023-01-04 01:11:12','2023-01-04 01:11:12'),(4428,1,'en','plugins/location/location','export_location','Export location','2023-01-04 01:11:12','2023-01-04 01:11:12'),(4429,1,'en','plugins/location/location','start_export','Start exporting','2023-01-04 01:11:12','2023-01-04 01:11:12'),(4430,1,'en','plugins/location/state','name','States','2023-01-04 01:11:12','2023-01-04 01:11:12'),(4431,1,'en','plugins/location/state','create','New state','2023-01-04 01:11:12','2023-01-04 01:11:12'),(4432,1,'en','plugins/location/state','edit','Edit state','2023-01-04 01:11:12','2023-01-04 01:11:12'),(4433,1,'en','plugins/location/state','country','Country','2023-01-04 01:11:12','2023-01-04 01:11:12'),(4434,1,'en','plugins/location/state','select_country','Select a country...','2023-01-04 01:11:12','2023-01-04 01:11:12'),(4435,1,'en','plugins/location/state','state','State','2023-01-04 01:11:12','2023-01-04 01:11:12'),(4436,1,'vi','plugins/location/city','name','Qu?n/huy?n','2023-01-04 01:11:12','2023-01-04 01:11:12'),(4437,1,'vi','plugins/location/city','create','Thêm qu?n/huy?n','2023-01-04 01:11:12','2023-01-04 01:11:12'),(4438,1,'vi','plugins/location/city','edit','S?a qu?n/huy?n','2023-01-04 01:11:12','2023-01-04 01:11:12'),(4439,1,'vi','plugins/location/city','state','T?nh','2023-01-04 01:11:12','2023-01-04 01:11:12'),(4440,1,'vi','plugins/location/city','select_state','L?a ch?n t?nh/thành ph?...','2023-01-04 01:11:12','2023-01-04 01:11:12'),(4441,1,'vi','plugins/location/city','select_city','L?a ch?n qu?n/huy?n...','2023-01-04 01:11:12','2023-01-04 01:11:12'),(4442,1,'vi','plugins/location/city','country','Qu?c gia','2023-01-04 01:11:12','2023-01-04 01:11:12'),(4443,1,'vi','plugins/location/city','select_country','L?a ch?n qu?c gia...','2023-01-04 01:11:12','2023-01-04 01:11:12'),(4444,1,'vi','plugins/location/city','city','Qu?n/huy?n','2023-01-04 01:11:12','2023-01-04 01:11:12'),(4445,1,'vi','plugins/location/country','name','Qu?c gia','2023-01-04 01:11:12','2023-01-04 01:11:12'),(4446,1,'vi','plugins/location/country','create','Thêm qu?c gia','2023-01-04 01:11:12','2023-01-04 01:11:12'),(4447,1,'vi','plugins/location/country','edit','S?a qu?c gia','2023-01-04 01:11:12','2023-01-04 01:11:12'),(4448,1,'vi','plugins/location/country','nationality','Qu?c t?ch','2023-01-04 01:11:12','2023-01-04 01:11:12'),(4449,1,'vi','plugins/location/location','name','??a ?i?m','2023-01-04 01:11:12','2023-01-04 01:11:12'),(4450,1,'vi','plugins/location/location','create','Thêm ??a ?i?m','2023-01-04 01:11:12','2023-01-04 01:11:12'),(4451,1,'vi','plugins/location/location','edit','S?a ??a ?i?m','2023-01-04 01:11:12','2023-01-04 01:11:12'),(4452,1,'vi','plugins/location/location','all_states','T?t c? t?nh thành','2023-01-04 01:11:12','2023-01-04 01:11:12'),(4453,1,'vi','plugins/location/state','name','T?nh/thành ph?','2023-01-04 01:11:12','2023-01-04 01:11:12'),(4454,1,'vi','plugins/location/state','create','Thêm t?nh/thành ph?','2023-01-04 01:11:12','2023-01-04 01:11:12'),(4455,1,'vi','plugins/location/state','edit','S?a t?nh/thành ph?','2023-01-04 01:11:12','2023-01-04 01:11:12'),(4456,1,'vi','plugins/location/state','country','Qu?c gia','2023-01-04 01:11:12','2023-01-04 01:11:12'),(4457,1,'vi','plugins/location/state','select_country','L?a ch?n qu?c gia...','2023-01-04 01:11:12','2023-01-04 01:11:12'),(4458,1,'vi','plugins/location/state','state','T?nh/thành ph?','2023-01-04 01:11:12','2023-01-04 01:11:12'),(4459,1,'en','plugins/marketplace/marketplace','name','Marketplace','2023-01-04 01:11:12','2023-01-04 01:11:12'),(4460,1,'en','plugins/marketplace/marketplace','email.store_new_order_title','Notice about new order','2023-01-04 01:11:12','2023-01-04 01:11:12'),(4461,1,'en','plugins/marketplace/marketplace','email.store_new_order_description','Send email to the store owner when an order placed','2023-01-04 01:11:12','2023-01-04 01:11:12'),(4462,1,'en','plugins/marketplace/marketplace','email.verify_vendor_title','Verify vendor','2023-01-04 01:11:12','2023-01-04 01:11:12'),(4463,1,'en','plugins/marketplace/marketplace','email.verify_vendor_description','Send email to the admin when a vendor registers','2023-01-04 01:11:12','2023-01-04 01:11:12'),(4464,1,'en','plugins/marketplace/marketplace','email.pending_product_approval_title','Pending product approval','2023-01-04 01:11:12','2023-01-04 01:11:12'),(4465,1,'en','plugins/marketplace/marketplace','email.pending_product_approval_description','Send email to the admin when a vendor post their products','2023-01-04 01:11:12','2023-01-04 01:11:12'),(4466,1,'en','plugins/marketplace/marketplace','email.vendor_account_approved_title','Vendor account approved','2023-01-04 01:11:12','2023-01-04 01:11:12'),(4467,1,'en','plugins/marketplace/marketplace','email.vendor_account_approved_description','Send email to vendor when their account approved','2023-01-04 01:11:12','2023-01-04 01:11:12'),(4468,1,'en','plugins/marketplace/marketplace','email.product_approved_title','Product approved','2023-01-04 01:11:12','2023-01-04 01:11:12'),(4469,1,'en','plugins/marketplace/marketplace','email.product_approved_description','Send email to vendor when their product approved','2023-01-04 01:11:12','2023-01-04 01:11:12'),(4470,1,'en','plugins/marketplace/marketplace','email.withdrawal_approved_title','Withdrawal approved','2023-01-04 01:11:12','2023-01-04 01:11:12'),(4471,1,'en','plugins/marketplace/marketplace','email.withdrawal_approved_description','Send email to vendor when their withdrawal request approved','2023-01-04 01:11:12','2023-01-04 01:11:12'),(4472,1,'en','plugins/marketplace/marketplace','current_balance','Current balance','2023-01-04 01:11:12','2023-01-04 01:11:12'),(4473,1,'en','plugins/marketplace/marketplace','settings.name','Settings','2023-01-04 01:11:12','2023-01-04 01:11:12'),(4474,1,'en','plugins/marketplace/marketplace','settings.title','Settings for marketplace','2023-01-04 01:11:12','2023-01-04 01:11:12'),(4475,1,'en','plugins/marketplace/marketplace','settings.description','','2023-01-04 01:11:12','2023-01-04 01:11:12'),(4476,1,'en','plugins/marketplace/marketplace','settings.fee_per_order','Fee per order (%), suggest: 2 or 3','2023-01-04 01:11:12','2023-01-04 01:11:12'),(4477,1,'en','plugins/marketplace/marketplace','settings.fee_withdrawal','Fee withdrawal (Fixed amount)','2023-01-04 01:11:12','2023-01-04 01:11:12'),(4478,1,'en','plugins/marketplace/marketplace','settings.check_valid_signature','Check valid signature in vendor\'s earnings','2023-01-04 01:11:12','2023-01-04 01:11:12'),(4479,1,'en','plugins/marketplace/marketplace','settings.verify_vendor','Vendor verification (Vendor just can post their product listing after getting verified)','2023-01-04 01:11:12','2023-01-04 01:11:12'),(4480,1,'en','plugins/marketplace/marketplace','settings.enable_product_approval','Enable product approval','2023-01-04 01:11:12','2023-01-04 01:11:12'),(4481,1,'en','plugins/marketplace/marketplace','settings.hide_store_phone_number','Hide store phone number?','2023-01-04 01:11:12','2023-01-04 01:11:12'),(4482,1,'en','plugins/marketplace/marketplace','settings.allow_vendor_manage_shipping','Allow vendor manage shipping?','2023-01-04 01:11:12','2023-01-04 01:11:12'),(4483,1,'en','plugins/marketplace/marketplace','theme_options.name','Marketplace','2023-01-04 01:11:12','2023-01-04 01:11:12'),(4484,1,'en','plugins/marketplace/marketplace','theme_options.description','Theme options for Marketplace','2023-01-04 01:11:12','2023-01-04 01:11:12'),(4485,1,'en','plugins/marketplace/marketplace','theme_options.logo_vendor_dashboard','Logo in the vendor dashboard (Default is the main logo)','2023-01-04 01:11:12','2023-01-04 01:11:12'),(4486,1,'en','plugins/marketplace/marketplace','store_name','Store name','2023-01-04 01:11:12','2023-01-04 01:11:12'),(4487,1,'en','plugins/marketplace/marketplace','store_email','Store email','2023-01-04 01:11:12','2023-01-04 01:11:12'),(4488,1,'en','plugins/marketplace/marketplace','store_phone','Store phone','2023-01-04 01:11:12','2023-01-04 01:11:12'),(4489,1,'en','plugins/marketplace/marketplace','product_name','Product name','2023-01-04 01:11:12','2023-01-04 01:11:12'),(4490,1,'en','plugins/marketplace/marketplace','product_url','Product URL','2023-01-04 01:11:12','2023-01-04 01:11:12'),(4491,1,'en','plugins/marketplace/marketplace','withdrawal_amount','Withdrawal amount','2023-01-04 01:11:12','2023-01-04 01:11:12'),(4492,1,'en','plugins/marketplace/marketplace','helpers.customer_status','If you change the status other than \":status\" this vendor\'s store will also change to \":store\"','2023-01-04 01:11:12','2023-01-04 01:11:12'),(4493,1,'en','plugins/marketplace/marketplace','helpers.store_status','If you change the status other than \":status\" this store\'s account will also change to \":customer\"','2023-01-04 01:11:12','2023-01-04 01:11:12'),(4494,1,'en','plugins/marketplace/marketplace','tables.earnings','Earnings','2023-01-04 01:11:12','2023-01-04 01:11:12'),(4495,1,'en','plugins/marketplace/marketplace','tables.products_count','Products Count','2023-01-04 01:11:12','2023-01-04 01:11:12'),(4496,1,'en','plugins/marketplace/order','shipping_method_required','Shipping method for \":name\" store order is required.','2023-01-04 01:11:12','2023-01-04 01:11:12'),(4497,1,'en','plugins/marketplace/order','shipping_method_in','Shipping method for \":name\" store order is invalid.','2023-01-04 01:11:12','2023-01-04 01:11:12'),(4498,1,'en','plugins/marketplace/order','shipping_option_required','Shipping option for \":name\" store order is required.','2023-01-04 01:11:12','2023-01-04 01:11:12'),(4499,1,'en','plugins/marketplace/order','refund.insufficient_balance','Balance of vendor is not enough to refund order, balance: :balance','2023-01-04 01:11:12','2023-01-04 01:11:12'),(4500,1,'en','plugins/marketplace/order','refund.description','Refunded from the order #:order','2023-01-04 01:11:12','2023-01-04 01:11:12'),(4501,1,'en','plugins/marketplace/order','products_are_from_different_vendors','Cannot create order! Products are from different vendors.','2023-01-04 01:11:12','2023-01-04 01:11:12'),(4502,1,'en','plugins/marketplace/revenue','edit','Update wallet balance','2023-01-04 01:11:12','2023-01-04 01:11:12'),(4503,1,'en','plugins/marketplace/revenue','view_store','View store \":store\"','2023-01-04 01:11:12','2023-01-04 01:11:12'),(4504,1,'en','plugins/marketplace/revenue','forms.description_placeholder','Update the exact amount with order #__ORDER_ID__ with reason: __REASON__','2023-01-04 01:11:12','2023-01-04 01:11:12'),(4505,1,'en','plugins/marketplace/revenue','forms.amount','Amount','2023-01-04 01:11:12','2023-01-04 01:11:12'),(4506,1,'en','plugins/marketplace/revenue','forms.amount_placeholder','Enter Amount','2023-01-04 01:11:12','2023-01-04 01:11:12'),(4507,1,'en','plugins/marketplace/revenue','forms.type','Type','2023-01-04 01:11:12','2023-01-04 01:11:12'),(4508,1,'en','plugins/marketplace/revenue','forms.created_by','Created By','2023-01-04 01:11:12','2023-01-04 01:11:12'),(4509,1,'en','plugins/marketplace/revenue','types.add-amount','Add Amount','2023-01-04 01:11:12','2023-01-04 01:11:12'),(4510,1,'en','plugins/marketplace/revenue','types.subtract-amount','Subtract Amount','2023-01-04 01:11:12','2023-01-04 01:11:12'),(4511,1,'en','plugins/marketplace/revenue','store_name','Store Name','2023-01-04 01:11:12','2023-01-04 01:11:12'),(4512,1,'en','plugins/marketplace/revenue','vendor_name','Vendor Name','2023-01-04 01:11:12','2023-01-04 01:11:12'),(4513,1,'en','plugins/marketplace/revenue','balance','Balance','2023-01-04 01:11:12','2023-01-04 01:11:12'),(4514,1,'en','plugins/marketplace/revenue','store_information','Store information','2023-01-04 01:11:12','2023-01-04 01:11:12'),(4515,1,'en','plugins/marketplace/revenue','update_balance','Adjust Balance','2023-01-04 01:11:12','2023-01-04 01:11:12'),(4516,1,'en','plugins/marketplace/revenue','update_balance_title','Add/Subtract amount of vendor','2023-01-04 01:11:12','2023-01-04 01:11:12'),(4517,1,'en','plugins/marketplace/revenue','statements','Statements','2023-01-04 01:11:12','2023-01-04 01:11:12'),(4518,1,'en','plugins/marketplace/revenue','products','Products','2023-01-04 01:11:12','2023-01-04 01:11:12'),(4519,1,'en','plugins/marketplace/store','name','Stores','2023-01-04 01:11:12','2023-01-04 01:11:12'),(4520,1,'en','plugins/marketplace/store','create','New store','2023-01-04 01:11:12','2023-01-04 01:11:12'),(4521,1,'en','plugins/marketplace/store','edit','Edit store','2023-01-04 01:11:12','2023-01-04 01:11:12'),(4522,1,'en','plugins/marketplace/store','view','View','2023-01-04 01:11:12','2023-01-04 01:11:12'),(4523,1,'en','plugins/marketplace/store','forms.logo','Logo','2023-01-04 01:11:12','2023-01-04 01:11:12'),(4524,1,'en','plugins/marketplace/store','forms.email','Email','2023-01-04 01:11:12','2023-01-04 01:11:12'),(4525,1,'en','plugins/marketplace/store','forms.email_placeholder','Ex: name@store.com','2023-01-04 01:11:12','2023-01-04 01:11:12'),(4526,1,'en','plugins/marketplace/store','forms.phone','Phone','2023-01-04 01:11:12','2023-01-04 01:11:12'),(4527,1,'en','plugins/marketplace/store','forms.phone_placeholder','Phone','2023-01-04 01:11:12','2023-01-04 01:11:12'),(4528,1,'en','plugins/marketplace/store','forms.address','Address','2023-01-04 01:11:12','2023-01-04 01:11:12'),(4529,1,'en','plugins/marketplace/store','forms.address_placeholder','Address','2023-01-04 01:11:12','2023-01-04 01:11:12'),(4530,1,'en','plugins/marketplace/store','forms.city','City','2023-01-04 01:11:12','2023-01-04 01:11:12'),(4531,1,'en','plugins/marketplace/store','forms.city_placeholder','City','2023-01-04 01:11:12','2023-01-04 01:11:12'),(4532,1,'en','plugins/marketplace/store','forms.state','State','2023-01-04 01:11:12','2023-01-04 01:11:12'),(4533,1,'en','plugins/marketplace/store','forms.state_placeholder','State','2023-01-04 01:11:12','2023-01-04 01:11:12'),(4534,1,'en','plugins/marketplace/store','forms.country','Country','2023-01-04 01:11:12','2023-01-04 01:11:12'),(4535,1,'en','plugins/marketplace/store','forms.country_placeholder','Country','2023-01-04 01:11:12','2023-01-04 01:11:12'),(4536,1,'en','plugins/marketplace/store','forms.store_owner','Store owner','2023-01-04 01:11:12','2023-01-04 01:11:12'),(4537,1,'en','plugins/marketplace/store','forms.select_store_owner','Select a store owner...','2023-01-04 01:11:12','2023-01-04 01:11:12'),(4538,1,'en','plugins/marketplace/store','forms.store','Store','2023-01-04 01:11:12','2023-01-04 01:11:12'),(4539,1,'en','plugins/marketplace/store','forms.select_store','Select a store...','2023-01-04 01:11:12','2023-01-04 01:11:12'),(4540,1,'en','plugins/marketplace/store','forms.is_vendor','Is vendor?','2023-01-04 01:11:12','2023-01-04 01:11:12'),(4541,1,'en','plugins/marketplace/store','store','Store','2023-01-04 01:11:12','2023-01-04 01:11:12'),(4542,1,'en','plugins/marketplace/store','store_name','Store name','2023-01-04 01:11:12','2023-01-04 01:11:12'),(4543,1,'en','plugins/marketplace/store','store_phone','Store phone','2023-01-04 01:11:12','2023-01-04 01:11:12'),(4544,1,'en','plugins/marketplace/store','store_link','Store link','2023-01-04 01:11:12','2023-01-04 01:11:12'),(4545,1,'en','plugins/marketplace/store','product_approval_notification','This product was created by :vendor. It needs to be approved to be shown on your website. :approve_link','2023-01-04 01:11:12','2023-01-04 01:11:12'),(4546,1,'en','plugins/marketplace/store','approve_here','Approve it here.','2023-01-04 01:11:12','2023-01-04 01:11:12'),(4547,1,'en','plugins/marketplace/store','approve_product_confirmation','Approve product confirmation','2023-01-04 01:11:12','2023-01-04 01:11:12'),(4548,1,'en','plugins/marketplace/store','approve_product_confirmation_description','Are you sure you really want to approve this product from :vendor?','2023-01-04 01:11:12','2023-01-04 01:11:12'),(4549,1,'en','plugins/marketplace/store','approve','Approve','2023-01-04 01:11:12','2023-01-04 01:11:12'),(4550,1,'en','plugins/marketplace/store','approve_product_success','Approved product successfully','2023-01-04 01:11:12','2023-01-04 01:11:12'),(4551,1,'en','plugins/marketplace/store','product_approved_notification','This product was created by :vendor. Approved by :user.','2023-01-04 01:11:12','2023-01-04 01:11:12'),(4552,1,'en','plugins/marketplace/store','information','Store information','2023-01-04 01:11:12','2023-01-04 01:11:12'),(4553,1,'en','plugins/marketplace/store','vendor_information','Vendor information','2023-01-04 01:11:12','2023-01-04 01:11:12'),(4554,1,'en','plugins/marketplace/store','vendor_name','Name','2023-01-04 01:11:12','2023-01-04 01:11:12'),(4555,1,'en','plugins/marketplace/store','withdrawal_approval_notification','This withdrawal request has been created by :vendor. Their current balance is :balance.','2023-01-04 01:11:12','2023-01-04 01:11:12'),(4556,1,'en','plugins/marketplace/unverified-vendor','name','Unverified vendors','2023-01-04 01:11:12','2023-01-04 01:11:12'),(4557,1,'en','plugins/marketplace/unverified-vendor','verify','Verify vendor \":name\"','2023-01-04 01:11:12','2023-01-04 01:11:12'),(4558,1,'en','plugins/marketplace/unverified-vendor','forms.email','Email','2023-01-04 01:11:12','2023-01-04 01:11:12'),(4559,1,'en','plugins/marketplace/unverified-vendor','forms.store_name','Store name','2023-01-04 01:11:12','2023-01-04 01:11:12'),(4560,1,'en','plugins/marketplace/unverified-vendor','forms.store_phone','Store phone','2023-01-04 01:11:12','2023-01-04 01:11:12'),(4561,1,'en','plugins/marketplace/unverified-vendor','forms.vendor_phone','Phone','2023-01-04 01:11:12','2023-01-04 01:11:12'),(4562,1,'en','plugins/marketplace/unverified-vendor','forms.verify_vendor','Verify vendor','2023-01-04 01:11:12','2023-01-04 01:11:12'),(4563,1,'en','plugins/marketplace/unverified-vendor','forms.registered_at','Registered At','2023-01-04 01:11:12','2023-01-04 01:11:12'),(4564,1,'en','plugins/marketplace/unverified-vendor','approve','Approve','2023-01-04 01:11:12','2023-01-04 01:11:12'),(4565,1,'en','plugins/marketplace/unverified-vendor','approve_vendor_confirmation','Approve vendor confirmation','2023-01-04 01:11:12','2023-01-04 01:11:12'),(4566,1,'en','plugins/marketplace/unverified-vendor','approve_vendor_confirmation_description','Are you sure you really want to approve :vendor for selling on this site?','2023-01-04 01:11:12','2023-01-04 01:11:12'),(4567,1,'en','plugins/marketplace/unverified-vendor','vendor_approval_notification','Do you want to approve this vendor for selling on this site? Approve here :approve_link','2023-01-04 01:11:12','2023-01-04 01:11:12'),(4568,1,'en','plugins/marketplace/withdrawal','name','Withdrawals','2023-01-04 01:11:12','2023-01-04 01:11:12'),(4569,1,'en','plugins/marketplace/withdrawal','edit','Edit withdrawal','2023-01-04 01:11:12','2023-01-04 01:11:12'),(4570,1,'en','plugins/marketplace/withdrawal','statuses.pending','Pending','2023-01-04 01:11:12','2023-01-04 01:11:12'),(4571,1,'en','plugins/marketplace/withdrawal','statuses.processing','Processing','2023-01-04 01:11:12','2023-01-04 01:11:12'),(4572,1,'en','plugins/marketplace/withdrawal','statuses.completed','Completed','2023-01-04 01:11:12','2023-01-04 01:11:12'),(4573,1,'en','plugins/marketplace/withdrawal','statuses.canceled','Canceled','2023-01-04 01:11:12','2023-01-04 01:11:12'),(4574,1,'en','plugins/marketplace/withdrawal','statuses.refused','Refused','2023-01-04 01:11:12','2023-01-04 01:11:12'),(4575,1,'en','plugins/marketplace/withdrawal','amount','Amount','2023-01-04 01:11:12','2023-01-04 01:11:12'),(4576,1,'en','plugins/marketplace/withdrawal','customer','Customer','2023-01-04 01:11:12','2023-01-04 01:11:12'),(4577,1,'en','plugins/marketplace/withdrawal','vendor','Vendor','2023-01-04 01:11:12','2023-01-04 01:11:12'),(4578,1,'en','plugins/marketplace/withdrawal','currency','Currency','2023-01-04 01:11:12','2023-01-04 01:11:12'),(4579,1,'en','plugins/marketplace/withdrawal','forms.amount','Amount','2023-01-04 01:11:12','2023-01-04 01:11:12'),(4580,1,'en','plugins/marketplace/withdrawal','forms.amount_placeholder','Amount you want to withdrawal','2023-01-04 01:11:12','2023-01-04 01:11:12'),(4581,1,'en','plugins/marketplace/withdrawal','forms.fee','Fee','2023-01-04 01:11:12','2023-01-04 01:11:12'),(4582,1,'en','plugins/marketplace/withdrawal','forms.fee_helper','You have to pay a fee when withdrawing: :fee','2023-01-04 01:11:12','2023-01-04 01:11:12'),(4583,1,'en','plugins/marketplace/withdrawal','forms.pending_status_helper','To complete withdrawal, please update status as processing then completed','2023-01-04 01:11:12','2023-01-04 01:11:12'),(4584,1,'en','plugins/marketplace/withdrawal','forms.payment_channel','Payment Channel','2023-01-04 01:11:12','2023-01-04 01:11:12'),(4585,1,'en','plugins/marketplace/withdrawal','forms.payment_channel_placeholder','Payment Channel','2023-01-04 01:11:12','2023-01-04 01:11:12'),(4586,1,'en','plugins/marketplace/withdrawal','forms.transaction_id','Transaction ID','2023-01-04 01:11:12','2023-01-04 01:11:12'),(4587,1,'en','plugins/marketplace/withdrawal','forms.transaction_id_placeholder','Transaction ID','2023-01-04 01:11:12','2023-01-04 01:11:12'),(4588,1,'en','plugins/marketplace/withdrawal','forms.amount_with_balance','Amount (balance: :balance)','2023-01-04 01:11:12','2023-01-04 01:11:12'),(4589,1,'en','plugins/newsletter/newsletter','name','Newsletters','2023-01-04 01:11:12','2023-01-04 01:11:12'),(4590,1,'en','plugins/newsletter/newsletter','settings.email.templates.title','Newsletter','2023-01-04 01:11:12','2023-01-04 01:11:12'),(4591,1,'en','plugins/newsletter/newsletter','settings.email.templates.description','Config newsletter email templates','2023-01-04 01:11:12','2023-01-04 01:11:12'),(4592,1,'en','plugins/newsletter/newsletter','settings.email.templates.to_admin.title','Email send to admin','2023-01-04 01:11:12','2023-01-04 01:11:12'),(4593,1,'en','plugins/newsletter/newsletter','settings.email.templates.to_admin.description','Template for sending email to admin','2023-01-04 01:11:12','2023-01-04 01:11:12'),(4594,1,'en','plugins/newsletter/newsletter','settings.email.templates.to_user.title','Email send to user','2023-01-04 01:11:12','2023-01-04 01:11:12'),(4595,1,'en','plugins/newsletter/newsletter','settings.email.templates.to_user.description','Template for sending email to subscriber','2023-01-04 01:11:12','2023-01-04 01:11:12'),(4596,1,'en','plugins/newsletter/newsletter','settings.title','Newsletter','2023-01-04 01:11:12','2023-01-04 01:11:12'),(4597,1,'en','plugins/newsletter/newsletter','settings.description','Settings for newsletter','2023-01-04 01:11:12','2023-01-04 01:11:12'),(4598,1,'en','plugins/newsletter/newsletter','settings.mailchimp_api_key','Mailchimp API Key','2023-01-04 01:11:12','2023-01-04 01:11:12'),(4599,1,'en','plugins/newsletter/newsletter','settings.mailchimp_list_id','Mailchimp List ID','2023-01-04 01:11:12','2023-01-04 01:11:12'),(4600,1,'en','plugins/newsletter/newsletter','settings.mailchimp_list','Mailchimp List','2023-01-04 01:11:12','2023-01-04 01:11:12'),(4601,1,'en','plugins/newsletter/newsletter','settings.sendgrid_api_key','Sendgrid API Key','2023-01-04 01:11:12','2023-01-04 01:11:12'),(4602,1,'en','plugins/newsletter/newsletter','settings.sendgrid_list_id','Sendgrid List ID','2023-01-04 01:11:12','2023-01-04 01:11:12'),(4603,1,'en','plugins/newsletter/newsletter','settings.sendgrid_list','Sendgrid List','2023-01-04 01:11:12','2023-01-04 01:11:12'),(4604,1,'en','plugins/newsletter/newsletter','statuses.subscribed','Subscribed','2023-01-04 01:11:12','2023-01-04 01:11:12'),(4605,1,'en','plugins/newsletter/newsletter','statuses.unsubscribed','Unsubscribed','2023-01-04 01:11:12','2023-01-04 01:11:12'),(4606,1,'vi','plugins/newsletter/newsletter','name','??ng k? nh?n b?n tin','2023-01-04 01:11:12','2023-01-04 01:11:12'),(4607,1,'vi','plugins/newsletter/newsletter','settings.email.templates.title','??ng k? nh?n b?n tin','2023-01-04 01:11:12','2023-01-04 01:11:12'),(4608,1,'vi','plugins/newsletter/newsletter','settings.email.templates.description','C?u h?nh email x?c nh?n ??ng k? nh?n b?n tin','2023-01-04 01:11:12','2023-01-04 01:11:12'),(4609,1,'vi','plugins/newsletter/newsletter','settings.email.templates.to_admin.title','Email g?i t?i cho qu?n tr? viên','2023-01-04 01:11:12','2023-01-04 01:11:12'),(4610,1,'vi','plugins/newsletter/newsletter','settings.email.templates.to_admin.description','M?u email g?i t?i cho qu?n tr? viên','2023-01-04 01:11:12','2023-01-04 01:11:12'),(4611,1,'vi','plugins/newsletter/newsletter','settings.email.templates.to_user.title','Email g?i t?i cho ng??i ??ng k?','2023-01-04 01:11:12','2023-01-04 01:11:12'),(4612,1,'vi','plugins/newsletter/newsletter','settings.email.templates.to_user.description','M?u email g?i t?i cho ng??i ??ng k?','2023-01-04 01:11:12','2023-01-04 01:11:12'),(4613,1,'vi','plugins/newsletter/newsletter','statuses.subscribed','Theo d?i','2023-01-04 01:11:12','2023-01-04 01:11:12'),(4614,1,'vi','plugins/newsletter/newsletter','statuses.unsubscribed','H?y theo d?i','2023-01-04 01:11:12','2023-01-04 01:11:12'),(4615,1,'en','plugins/payment/payment','payments','Payments','2023-01-04 01:11:12','2023-01-04 01:11:12'),(4616,1,'en','plugins/payment/payment','checkout_success','Checkout successfully!','2023-01-04 01:11:12','2023-01-04 01:11:12'),(4617,1,'en','plugins/payment/payment','view_payment','View payment #','2023-01-04 01:11:12','2023-01-04 01:11:12'),(4618,1,'en','plugins/payment/payment','charge_id','Charge ID','2023-01-04 01:11:12','2023-01-04 01:11:12'),(4619,1,'en','plugins/payment/payment','amount','Amount','2023-01-04 01:11:12','2023-01-04 01:11:12'),(4620,1,'en','plugins/payment/payment','currency','Currency','2023-01-04 01:11:12','2023-01-04 01:11:12'),(4621,1,'en','plugins/payment/payment','user','User','2023-01-04 01:11:12','2023-01-04 01:11:12'),(4622,1,'en','plugins/payment/payment','stripe','Stripe','2023-01-04 01:11:12','2023-01-04 01:11:12'),(4623,1,'en','plugins/payment/payment','paypal','PayPal','2023-01-04 01:11:12','2023-01-04 01:11:12'),(4624,1,'en','plugins/payment/payment','action','Action','2023-01-04 01:11:12','2023-01-04 01:11:12'),(4625,1,'en','plugins/payment/payment','payment_via_card','Payment via card','2023-01-04 01:11:12','2023-01-04 01:11:12'),(4626,1,'en','plugins/payment/payment','card_number','Card number','2023-01-04 01:11:12','2023-01-04 01:11:12'),(4627,1,'en','plugins/payment/payment','full_name','Full name','2023-01-04 01:11:12','2023-01-04 01:11:12'),(4628,1,'en','plugins/payment/payment','payment_via_paypal','Fast and safe online payment via PayPal.','2023-01-04 01:11:12','2023-01-04 01:11:12'),(4629,1,'en','plugins/payment/payment','mm_yy','MM/YY','2023-01-04 01:11:12','2023-01-04 01:11:12'),(4630,1,'en','plugins/payment/payment','cvc','CVC','2023-01-04 01:11:12','2023-01-04 01:11:12'),(4631,1,'en','plugins/payment/payment','details','Details','2023-01-04 01:11:12','2023-01-04 01:11:12'),(4632,1,'en','plugins/payment/payment','payer_name','Payer Name','2023-01-04 01:11:12','2023-01-04 01:11:12'),(4633,1,'en','plugins/payment/payment','email','Email','2023-01-04 01:11:12','2023-01-04 01:11:12'),(4634,1,'en','plugins/payment/payment','phone','Phone','2023-01-04 01:11:12','2023-01-04 01:11:12'),(4635,1,'en','plugins/payment/payment','country','Country','2023-01-04 01:11:12','2023-01-04 01:11:12'),(4636,1,'en','plugins/payment/payment','shipping_address','Shipping Address','2023-01-04 01:11:12','2023-01-04 01:11:12'),(4637,1,'en','plugins/payment/payment','payment_details','Payment Details','2023-01-04 01:11:12','2023-01-04 01:11:12'),(4638,1,'en','plugins/payment/payment','card','Card','2023-01-04 01:11:12','2023-01-04 01:11:12'),(4639,1,'en','plugins/payment/payment','address','Address','2023-01-04 01:11:12','2023-01-04 01:11:12'),(4640,1,'en','plugins/payment/payment','could_not_get_stripe_token','Could not get Stripe token to make a charge.','2023-01-04 01:11:12','2023-01-04 01:11:12'),(4641,1,'en','plugins/payment/payment','payment_id','Payment ID','2023-01-04 01:11:12','2023-01-04 01:11:12'),(4642,1,'en','plugins/payment/payment','payment_methods','Payment methods','2023-01-04 01:11:12','2023-01-04 01:11:12'),(4643,1,'en','plugins/payment/payment','transactions','Transactions','2023-01-04 01:11:12','2023-01-04 01:11:12'),(4644,1,'en','plugins/payment/payment','payment_methods_description','Setup payment methods for website','2023-01-04 01:11:12','2023-01-04 01:11:12'),(4645,1,'en','plugins/payment/payment','paypal_description','Customer can buy product and pay directly via PayPal','2023-01-04 01:11:12','2023-01-04 01:11:12'),(4646,1,'en','plugins/payment/payment','use','Use','2023-01-04 01:11:12','2023-01-04 01:11:12'),(4647,1,'en','plugins/payment/payment','stripe_description','Customer can buy product and pay directly using Visa, Credit card via Stripe','2023-01-04 01:11:12','2023-01-04 01:11:12'),(4648,1,'en','plugins/payment/payment','edit','Edit','2023-01-04 01:11:12','2023-01-04 01:11:12'),(4649,1,'en','plugins/payment/payment','settings','Settings','2023-01-04 01:11:12','2023-01-04 01:11:12'),(4650,1,'en','plugins/payment/payment','activate','Activate','2023-01-04 01:11:12','2023-01-04 01:11:12'),(4651,1,'en','plugins/payment/payment','deactivate','Deactivate','2023-01-04 01:11:12','2023-01-04 01:11:12'),(4652,1,'en','plugins/payment/payment','update','Update','2023-01-04 01:11:12','2023-01-04 01:11:12'),(4653,1,'en','plugins/payment/payment','configuration_instruction','Configuration instruction for :name','2023-01-04 01:11:12','2023-01-04 01:11:12'),(4654,1,'en','plugins/payment/payment','configuration_requirement','To use :name, you need','2023-01-04 01:11:12','2023-01-04 01:11:12'),(4655,1,'en','plugins/payment/payment','service_registration','Register with :name','2023-01-04 01:11:12','2023-01-04 01:11:12'),(4656,1,'en','plugins/payment/payment','after_service_registration_msg','After registration at :name, you will have Client ID, Client Secret','2023-01-04 01:11:12','2023-01-04 01:11:12'),(4657,1,'en','plugins/payment/payment','enter_client_id_and_secret','Enter Client ID, Secret into the box in right hand','2023-01-04 01:11:12','2023-01-04 01:11:12'),(4658,1,'en','plugins/payment/payment','method_name','Method name','2023-01-04 01:11:12','2023-01-04 01:11:12'),(4659,1,'en','plugins/payment/payment','please_provide_information','Please provide information','2023-01-04 01:11:12','2023-01-04 01:11:12'),(4660,1,'en','plugins/payment/payment','client_id','Client ID','2023-01-04 01:11:12','2023-01-04 01:11:12'),(4661,1,'en','plugins/payment/payment','client_secret','Client Secret','2023-01-04 01:11:12','2023-01-04 01:11:12'),(4662,1,'en','plugins/payment/payment','secret','Secret','2023-01-04 01:11:12','2023-01-04 01:11:12'),(4663,1,'en','plugins/payment/payment','stripe_key','Stripe Public Key','2023-01-04 01:11:12','2023-01-04 01:11:12'),(4664,1,'en','plugins/payment/payment','stripe_secret','Stripe Private Key','2023-01-04 01:11:12','2023-01-04 01:11:12'),(4665,1,'en','plugins/payment/payment','stripe_after_service_registration_msg','After registration at :name, you will have Public, Secret keys','2023-01-04 01:11:12','2023-01-04 01:11:12'),(4666,1,'en','plugins/payment/payment','stripe_enter_client_id_and_secret','Enter Public, Secret keys into the box in right hand','2023-01-04 01:11:12','2023-01-04 01:11:12'),(4667,1,'en','plugins/payment/payment','pay_online_via','Pay online via :name','2023-01-04 01:11:12','2023-01-04 01:11:12'),(4668,1,'en','plugins/payment/payment','sandbox_mode','Sandbox mode','2023-01-04 01:11:12','2023-01-04 01:11:12'),(4669,1,'en','plugins/payment/payment','deactivate_payment_method','Deactivate payment method','2023-01-04 01:11:12','2023-01-04 01:11:12'),(4670,1,'en','plugins/payment/payment','deactivate_payment_method_description','Do you really want to deactivate this payment method?','2023-01-04 01:11:12','2023-01-04 01:11:12'),(4671,1,'en','plugins/payment/payment','agree','Agree','2023-01-04 01:11:12','2023-01-04 01:11:12'),(4672,1,'en','plugins/payment/payment','name','Payments','2023-01-04 01:11:13','2023-01-04 01:11:13'),(4673,1,'en','plugins/payment/payment','create','New payment','2023-01-04 01:11:13','2023-01-04 01:11:13'),(4674,1,'en','plugins/payment/payment','go_back','Go back','2023-01-04 01:11:13','2023-01-04 01:11:13'),(4675,1,'en','plugins/payment/payment','information','Information','2023-01-04 01:11:13','2023-01-04 01:11:13'),(4676,1,'en','plugins/payment/payment','methods.paypal','PayPal','2023-01-04 01:11:13','2023-01-04 01:11:13'),(4677,1,'en','plugins/payment/payment','methods.cod','Cash on delivery (COD)','2023-01-04 01:11:13','2023-01-04 01:11:13'),(4678,1,'en','plugins/payment/payment','methods.bank_transfer','Bank transfer','2023-01-04 01:11:13','2023-01-04 01:11:13'),(4679,1,'en','plugins/payment/payment','statuses.pending','Pending','2023-01-04 01:11:13','2023-01-04 01:11:13'),(4680,1,'en','plugins/payment/payment','statuses.completed','Completed','2023-01-04 01:11:13','2023-01-04 01:11:13'),(4681,1,'en','plugins/payment/payment','statuses.refunding','Refunding','2023-01-04 01:11:13','2023-01-04 01:11:13'),(4682,1,'en','plugins/payment/payment','statuses.refunded','Refunded','2023-01-04 01:11:13','2023-01-04 01:11:13'),(4683,1,'en','plugins/payment/payment','statuses.fraud','Fraud','2023-01-04 01:11:13','2023-01-04 01:11:13'),(4684,1,'en','plugins/payment/payment','statuses.failed','Failed','2023-01-04 01:11:13','2023-01-04 01:11:13'),(4685,1,'en','plugins/payment/payment','payment_methods_instruction','Guide customers to pay directly. You can choose to pay by delivery or bank transfer','2023-01-04 01:11:13','2023-01-04 01:11:13'),(4686,1,'en','plugins/payment/payment','payment_method_description','Payment guide - (Displayed on the notice of successful purchase and payment page)','2023-01-04 01:11:13','2023-01-04 01:11:13'),(4687,1,'en','plugins/payment/payment','payment_via_cod','Cash on delivery (COD)','2023-01-04 01:11:13','2023-01-04 01:11:13'),(4688,1,'en','plugins/payment/payment','payment_via_bank_transfer','Bank transfer','2023-01-04 01:11:13','2023-01-04 01:11:13'),(4689,1,'en','plugins/payment/payment','payment_pending','Checkout successfully. Your payment is pending and will be checked by our staff.','2023-01-04 01:11:13','2023-01-04 01:11:13'),(4690,1,'en','plugins/payment/payment','created_at','Created At','2023-01-04 01:11:13','2023-01-04 01:11:13'),(4691,1,'en','plugins/payment/payment','payment_channel','Payment Channel','2023-01-04 01:11:13','2023-01-04 01:11:13'),(4692,1,'en','plugins/payment/payment','total','Total','2023-01-04 01:11:13','2023-01-04 01:11:13'),(4693,1,'en','plugins/payment/payment','status','Status','2023-01-04 01:11:13','2023-01-04 01:11:13'),(4694,1,'en','plugins/payment/payment','default_payment_method','Default payment method','2023-01-04 01:11:13','2023-01-04 01:11:13'),(4695,1,'en','plugins/payment/payment','turn_off_success','Turn off payment method successfully!','2023-01-04 01:11:13','2023-01-04 01:11:13'),(4696,1,'en','plugins/payment/payment','saved_payment_method_success','Saved payment method successfully!','2023-01-04 01:11:13','2023-01-04 01:11:13'),(4697,1,'en','plugins/payment/payment','saved_payment_settings_success','Saved payment settings successfully!','2023-01-04 01:11:13','2023-01-04 01:11:13'),(4698,1,'en','plugins/payment/payment','payment_name','Name','2023-01-04 01:11:13','2023-01-04 01:11:13'),(4699,1,'en','plugins/payment/payment','payment_not_found','Payment not found!','2023-01-04 01:11:13','2023-01-04 01:11:13'),(4700,1,'en','plugins/payment/payment','refunds.title','Refunds','2023-01-04 01:11:13','2023-01-04 01:11:13'),(4701,1,'en','plugins/payment/payment','refunds.id','ID','2023-01-04 01:11:13','2023-01-04 01:11:13'),(4702,1,'en','plugins/payment/payment','refunds.breakdowns','Breakdowns','2023-01-04 01:11:13','2023-01-04 01:11:13'),(4703,1,'en','plugins/payment/payment','refunds.gross_amount','Gross amount','2023-01-04 01:11:13','2023-01-04 01:11:13'),(4704,1,'en','plugins/payment/payment','refunds.paypal_fee','PayPal fee','2023-01-04 01:11:13','2023-01-04 01:11:13'),(4705,1,'en','plugins/payment/payment','refunds.net_amount','Net amount','2023-01-04 01:11:13','2023-01-04 01:11:13'),(4706,1,'en','plugins/payment/payment','refunds.total_refunded_amount','Total refunded amount','2023-01-04 01:11:13','2023-01-04 01:11:13'),(4707,1,'en','plugins/payment/payment','refunds.create_time','Create time','2023-01-04 01:11:13','2023-01-04 01:11:13'),(4708,1,'en','plugins/payment/payment','refunds.update_time','Update time','2023-01-04 01:11:13','2023-01-04 01:11:13'),(4709,1,'en','plugins/payment/payment','refunds.status','Status','2023-01-04 01:11:13','2023-01-04 01:11:13'),(4710,1,'en','plugins/payment/payment','refunds.description','Description','2023-01-04 01:11:13','2023-01-04 01:11:13'),(4711,1,'en','plugins/payment/payment','refunds.refunded_at','Refunded at','2023-01-04 01:11:13','2023-01-04 01:11:13'),(4712,1,'en','plugins/payment/payment','refunds.error_message','Error message','2023-01-04 01:11:13','2023-01-04 01:11:13'),(4713,1,'en','plugins/payment/payment','view_response_source','View response source','2023-01-04 01:11:13','2023-01-04 01:11:13'),(4714,1,'en','plugins/payment/payment','status_is_not_completed','Status is not COMPLETED','2023-01-04 01:11:13','2023-01-04 01:11:13'),(4715,1,'en','plugins/payment/payment','cannot_found_capture_id','Can not found capture id with payment detail','2023-01-04 01:11:13','2023-01-04 01:11:13'),(4716,1,'en','plugins/payment/payment','amount_refunded','Amount refunded','2023-01-04 01:11:13','2023-01-04 01:11:13'),(4717,1,'en','plugins/payment/payment','amount_remaining','Amount remaining','2023-01-04 01:11:13','2023-01-04 01:11:13'),(4718,1,'en','plugins/payment/payment','paid_at','Paid At','2023-01-04 01:11:13','2023-01-04 01:11:13'),(4719,1,'en','plugins/payment/payment','invalid_settings','Settings for :name are invalid!','2023-01-04 01:11:13','2023-01-04 01:11:13'),(4720,1,'en','plugins/payment/payment','view_transaction','Transaction \":charge_id\"','2023-01-04 01:11:13','2023-01-04 01:11:13'),(4721,1,'en','plugins/payment/payment','payment_description','Pay for your order #:order_id at :site_url','2023-01-04 01:11:13','2023-01-04 01:11:13'),(4722,1,'vi','plugins/payment/payment','payments','Thanh to?n','2023-01-04 01:11:13','2023-01-04 01:11:13'),(4723,1,'vi','plugins/payment/payment','checkout_success','Thanh to?n thành công!','2023-01-04 01:11:13','2023-01-04 01:11:13'),(4724,1,'vi','plugins/payment/payment','view_payment','Xem thanh to?n #','2023-01-04 01:11:13','2023-01-04 01:11:13'),(4725,1,'vi','plugins/payment/payment','charge_id','M? thanh to?n','2023-01-04 01:11:13','2023-01-04 01:11:13'),(4726,1,'vi','plugins/payment/payment','amount','S? ti?n','2023-01-04 01:11:13','2023-01-04 01:11:13'),(4727,1,'vi','plugins/payment/payment','currency','Lo?i ti?n t?','2023-01-04 01:11:13','2023-01-04 01:11:13'),(4728,1,'vi','plugins/payment/payment','user','Ng??i dùng','2023-01-04 01:11:13','2023-01-04 01:11:13'),(4729,1,'vi','plugins/payment/payment','stripe','Stripe','2023-01-04 01:11:13','2023-01-04 01:11:13'),(4730,1,'vi','plugins/payment/payment','paypal','PayPal','2023-01-04 01:11:13','2023-01-04 01:11:13'),(4731,1,'vi','plugins/payment/payment','action','Hành ??ng','2023-01-04 01:11:13','2023-01-04 01:11:13'),(4732,1,'vi','plugins/payment/payment','payment_via_card','Thanh to?n qua th?','2023-01-04 01:11:13','2023-01-04 01:11:13'),(4733,1,'vi','plugins/payment/payment','card_number','S? th?','2023-01-04 01:11:13','2023-01-04 01:11:13'),(4734,1,'vi','plugins/payment/payment','full_name','H? tên','2023-01-04 01:11:13','2023-01-04 01:11:13'),(4735,1,'vi','plugins/payment/payment','payment_via_paypal','Thanh to?n qua PayPal','2023-01-04 01:11:13','2023-01-04 01:11:13'),(4736,1,'vi','plugins/payment/payment','mm_yy','MM/YY','2023-01-04 01:11:13','2023-01-04 01:11:13'),(4737,1,'vi','plugins/payment/payment','cvc','CVC','2023-01-04 01:11:13','2023-01-04 01:11:13'),(4738,1,'vi','plugins/payment/payment','details','Chi ti?t','2023-01-04 01:11:13','2023-01-04 01:11:13'),(4739,1,'vi','plugins/payment/payment','payer_name','Tên ng??i mua','2023-01-04 01:11:13','2023-01-04 01:11:13'),(4740,1,'vi','plugins/payment/payment','email','Email','2023-01-04 01:11:13','2023-01-04 01:11:13'),(4741,1,'vi','plugins/payment/payment','phone','?i?n tho?i','2023-01-04 01:11:13','2023-01-04 01:11:13'),(4742,1,'vi','plugins/payment/payment','country','Qu?c gia','2023-01-04 01:11:13','2023-01-04 01:11:13'),(4743,1,'vi','plugins/payment/payment','shipping_address','??a ch? giao hàng','2023-01-04 01:11:13','2023-01-04 01:11:13'),(4744,1,'vi','plugins/payment/payment','payment_details','Chi ti?t thanh to?n','2023-01-04 01:11:13','2023-01-04 01:11:13'),(4745,1,'vi','plugins/payment/payment','card','Th?','2023-01-04 01:11:13','2023-01-04 01:11:13'),(4746,1,'vi','plugins/payment/payment','address','??a ch?','2023-01-04 01:11:13','2023-01-04 01:11:13'),(4747,1,'vi','plugins/payment/payment','could_not_get_stripe_token','Không th? l?y m? Stripe ?? thanh to?n.','2023-01-04 01:11:13','2023-01-04 01:11:13'),(4748,1,'vi','plugins/payment/payment','payment_id','M? thanh to?n','2023-01-04 01:11:13','2023-01-04 01:11:13'),(4749,1,'vi','plugins/payment/payment','payment_methods','Ph??ng th?c thanh to?n','2023-01-04 01:11:13','2023-01-04 01:11:13'),(4750,1,'vi','plugins/payment/payment','transactions','L?ch s? giao d?ch','2023-01-04 01:11:13','2023-01-04 01:11:13'),(4751,1,'vi','plugins/payment/payment','payment_methods_description','Cài ??t c?c ph??ng th?c thanh to?n cho website','2023-01-04 01:11:13','2023-01-04 01:11:13'),(4752,1,'vi','plugins/payment/payment','paypal_description','Kh?ch hàng c? th? mua hàng và thanh to?n tr?c ti?p thông qua c?ng thanh to?n PayPal','2023-01-04 01:11:13','2023-01-04 01:11:13'),(4753,1,'vi','plugins/payment/payment','use','Dùng','2023-01-04 01:11:13','2023-01-04 01:11:13'),(4754,1,'vi','plugins/payment/payment','stripe_description','Kh?ch hàng c? th? mua hàng và thanh to?n b?ng Visa, Credit card thông qua c?ng thanh to?n Stripe','2023-01-04 01:11:13','2023-01-04 01:11:13'),(4755,1,'vi','plugins/payment/payment','edit','Ch?nh s?a','2023-01-04 01:11:13','2023-01-04 01:11:13'),(4756,1,'vi','plugins/payment/payment','settings','Cài ??t','2023-01-04 01:11:13','2023-01-04 01:11:13'),(4757,1,'vi','plugins/payment/payment','activate','K?ch ho?t','2023-01-04 01:11:13','2023-01-04 01:11:13'),(4758,1,'vi','plugins/payment/payment','deactivate','Hu? k?ch ho?t','2023-01-04 01:11:13','2023-01-04 01:11:13'),(4759,1,'vi','plugins/payment/payment','update','C?p nh?t','2023-01-04 01:11:13','2023-01-04 01:11:13'),(4760,1,'vi','plugins/payment/payment','configuration_instruction','H??ng d?n c?u h?nh :name','2023-01-04 01:11:13','2023-01-04 01:11:13'),(4761,1,'vi','plugins/payment/payment','configuration_requirement','?? s? d?ng :name b?n c?n','2023-01-04 01:11:13','2023-01-04 01:11:13'),(4762,1,'vi','plugins/payment/payment','service_registration','??ng k? d?ch v? v?i :name','2023-01-04 01:11:13','2023-01-04 01:11:13'),(4763,1,'vi','plugins/payment/payment','after_service_registration_msg','Sau khi hoàn t?t c?c b??c ??ng k? t?i :name, b?n s? c? c?c thông s? Client ID, Client Secret','2023-01-04 01:11:13','2023-01-04 01:11:13'),(4764,1,'vi','plugins/payment/payment','enter_client_id_and_secret','Nh?p c?c thông s? Client ID, Secret vào ô bên ph?i','2023-01-04 01:11:13','2023-01-04 01:11:13'),(4765,1,'vi','plugins/payment/payment','method_name','Tên ph??ng th?c','2023-01-04 01:11:13','2023-01-04 01:11:13'),(4766,1,'vi','plugins/payment/payment','please_provide_information','Xin vui l?ng cung c?p thông tin','2023-01-04 01:11:13','2023-01-04 01:11:13'),(4767,1,'vi','plugins/payment/payment','client_id','Client ID','2023-01-04 01:11:13','2023-01-04 01:11:13'),(4768,1,'vi','plugins/payment/payment','client_secret','Client Secret','2023-01-04 01:11:13','2023-01-04 01:11:13'),(4769,1,'vi','plugins/payment/payment','stripe_key','Stripe Key','2023-01-04 01:11:13','2023-01-04 01:11:13'),(4770,1,'vi','plugins/payment/payment','stripe_secret','Stripe Secret','2023-01-04 01:11:13','2023-01-04 01:11:13'),(4771,1,'vi','plugins/payment/payment','stripe_after_service_registration_msg','After registration at :name, you will have Public, Secret keys','2023-01-04 01:11:13','2023-01-04 01:11:13'),(4772,1,'vi','plugins/payment/payment','stripe_enter_client_id_and_secret','Enter Public, Secret keys into the box in right hand','2023-01-04 01:11:13','2023-01-04 01:11:13'),(4773,1,'vi','plugins/payment/payment','secret','Secret','2023-01-04 01:11:13','2023-01-04 01:11:13'),(4774,1,'vi','plugins/payment/payment','pay_online_via','Thanh to?n online qua :name','2023-01-04 01:11:13','2023-01-04 01:11:13'),(4775,1,'vi','plugins/payment/payment','sandbox_mode','Ch? ?? th? nghi?m','2023-01-04 01:11:13','2023-01-04 01:11:13'),(4776,1,'vi','plugins/payment/payment','deactivate_payment_method','Hu? k?ch ho?t ph??ng th?c','2023-01-04 01:11:13','2023-01-04 01:11:13'),(4777,1,'vi','plugins/payment/payment','deactivate_payment_method_description','B?n c? ch?c ch?n mu?n hu? ph??ng th?c thành to?n này?','2023-01-04 01:11:13','2023-01-04 01:11:13'),(4778,1,'vi','plugins/payment/payment','agree','??ng ?','2023-01-04 01:11:13','2023-01-04 01:11:13'),(4779,1,'vi','plugins/payment/payment','name','Thanh to?n','2023-01-04 01:11:13','2023-01-04 01:11:13'),(4780,1,'vi','plugins/payment/payment','create','Thêm thanh to?n m?i','2023-01-04 01:11:13','2023-01-04 01:11:13'),(4781,1,'vi','plugins/payment/payment','go_back','Tr? l?i','2023-01-04 01:11:13','2023-01-04 01:11:13'),(4782,1,'vi','plugins/payment/payment','information','Thông tin','2023-01-04 01:11:13','2023-01-04 01:11:13'),(4783,1,'vi','plugins/payment/payment','methods.paypal','PayPal','2023-01-04 01:11:13','2023-01-04 01:11:13'),(4784,1,'vi','plugins/payment/payment','methods.cod','Thanh to?n khi giao hàng (COD)','2023-01-04 01:11:13','2023-01-04 01:11:13'),(4785,1,'vi','plugins/payment/payment','methods.bank_transfer','Chuy?n kho?n qua ngân hàng','2023-01-04 01:11:13','2023-01-04 01:11:13'),(4786,1,'vi','plugins/payment/payment','statuses.pending','Ch?a hoàn t?t','2023-01-04 01:11:13','2023-01-04 01:11:13'),(4787,1,'vi','plugins/payment/payment','statuses.completed','?? hoàn thành','2023-01-04 01:11:13','2023-01-04 01:11:13'),(4788,1,'vi','plugins/payment/payment','statuses.refunding','?ang hoàn ti?n','2023-01-04 01:11:13','2023-01-04 01:11:13'),(4789,1,'vi','plugins/payment/payment','statuses.refunded','?? hoàn ti?n','2023-01-04 01:11:13','2023-01-04 01:11:13'),(4790,1,'vi','plugins/payment/payment','statuses.fraud','Gian l?n','2023-01-04 01:11:13','2023-01-04 01:11:13'),(4791,1,'vi','plugins/payment/payment','statuses.failed','Th?t b?i','2023-01-04 01:11:13','2023-01-04 01:11:13'),(4792,1,'vi','plugins/payment/payment','payment_methods_instruction','H??ng d?n kh?ch hàng thanh to?n tr?c ti?p. C? th? ch?n thanh to?n khi giao hàng ho?c chuy?n kho?n','2023-01-04 01:11:13','2023-01-04 01:11:13'),(4793,1,'vi','plugins/payment/payment','payment_method_description','H??ng d?n thanh to?n – (Hi?n th? ? trang thông b?o mua hàng thành công và trang thanh to?n)','2023-01-04 01:11:13','2023-01-04 01:11:13'),(4794,1,'vi','plugins/payment/payment','payment_via_cod','Thanh to?n khi nh?n hàng (COD)','2023-01-04 01:11:13','2023-01-04 01:11:13'),(4795,1,'vi','plugins/payment/payment','payment_via_bank_transfer','Chuy?n kho?n qua ngân hàng','2023-01-04 01:11:13','2023-01-04 01:11:13'),(4796,1,'vi','plugins/payment/payment','payment_pending','Th?c hi?n thành công. Thanh to?n c?a b?n ?ang ???c x? l? và s? ???c x?c nh?n b?i nhân viên.','2023-01-04 01:11:13','2023-01-04 01:11:13'),(4797,1,'vi','plugins/payment/payment','created_at','Ngày t?o','2023-01-04 01:11:13','2023-01-04 01:11:13'),(4798,1,'vi','plugins/payment/payment','payment_channel','Ph??ng th?c thanh to?n','2023-01-04 01:11:13','2023-01-04 01:11:13'),(4799,1,'vi','plugins/payment/payment','total','T?ng c?ng','2023-01-04 01:11:13','2023-01-04 01:11:13'),(4800,1,'vi','plugins/payment/payment','status','Tr?ng th?i','2023-01-04 01:11:13','2023-01-04 01:11:13'),(4801,1,'vi','plugins/payment/payment','default_payment_method','Ph??ng th?c thanh to?n m?c ??nh','2023-01-04 01:11:13','2023-01-04 01:11:13'),(4802,1,'en','plugins/simple-slider/simple-slider','create','New slider','2023-01-04 01:11:13','2023-01-04 01:11:13'),(4803,1,'en','plugins/simple-slider/simple-slider','edit','Edit slider','2023-01-04 01:11:13','2023-01-04 01:11:13'),(4804,1,'en','plugins/simple-slider/simple-slider','menu','Simple sliders','2023-01-04 01:11:13','2023-01-04 01:11:13'),(4805,1,'en','plugins/simple-slider/simple-slider','settings.title','Simple sliders','2023-01-04 01:11:13','2023-01-04 01:11:13'),(4806,1,'en','plugins/simple-slider/simple-slider','settings.description','Settings for Simple sliders','2023-01-04 01:11:13','2023-01-04 01:11:13'),(4807,1,'en','plugins/simple-slider/simple-slider','settings.using_assets','Using default assets?','2023-01-04 01:11:13','2023-01-04 01:11:13'),(4808,1,'en','plugins/simple-slider/simple-slider','settings.using_assets_description','If using assets option is enabled then below scripts will be auto added to front site.','2023-01-04 01:11:13','2023-01-04 01:11:13'),(4809,1,'en','plugins/simple-slider/simple-slider','add_new','Add new','2023-01-04 01:11:13','2023-01-04 01:11:13'),(4810,1,'en','plugins/simple-slider/simple-slider','save_sorting','Save sorting','2023-01-04 01:11:13','2023-01-04 01:11:13'),(4811,1,'en','plugins/simple-slider/simple-slider','key','Key','2023-01-04 01:11:13','2023-01-04 01:11:13'),(4812,1,'en','plugins/simple-slider/simple-slider','slide_items','Slide Items','2023-01-04 01:11:13','2023-01-04 01:11:13'),(4813,1,'en','plugins/simple-slider/simple-slider','update_slide_position_success','Updated slide position successfully!','2023-01-04 01:11:13','2023-01-04 01:11:13'),(4814,1,'en','plugins/simple-slider/simple-slider','create_new_slide','Create a new slide','2023-01-04 01:11:13','2023-01-04 01:11:13'),(4815,1,'en','plugins/simple-slider/simple-slider','edit_slide','Edit slide #:id','2023-01-04 01:11:13','2023-01-04 01:11:13'),(4816,1,'en','plugins/simple-slider/simple-slider','simple_slider_shortcode_name','Simple Slider','2023-01-04 01:11:13','2023-01-04 01:11:13'),(4817,1,'en','plugins/simple-slider/simple-slider','simple_slider_shortcode_description','Add a simple slider','2023-01-04 01:11:13','2023-01-04 01:11:13'),(4818,1,'en','plugins/simple-slider/simple-slider','select_slider','Select a slider','2023-01-04 01:11:13','2023-01-04 01:11:13'),(4819,1,'vi','plugins/simple-slider/simple-slider','create','Thêm m?i slider','2023-01-04 01:11:13','2023-01-04 01:11:13'),(4820,1,'vi','plugins/simple-slider/simple-slider','edit','S?a slider','2023-01-04 01:11:13','2023-01-04 01:11:13'),(4821,1,'vi','plugins/simple-slider/simple-slider','menu','Sliders','2023-01-04 01:11:13','2023-01-04 01:11:13'),(4822,1,'vi','plugins/simple-slider/simple-slider','settings.description','Cài ??t cho Simple Sliders','2023-01-04 01:11:13','2023-01-04 01:11:13'),(4823,1,'vi','plugins/simple-slider/simple-slider','settings.title','Simple sliders','2023-01-04 01:11:13','2023-01-04 01:11:13'),(4824,1,'vi','plugins/simple-slider/simple-slider','settings.using_assets','S? d?ng assets m?c ??nh?','2023-01-04 01:11:13','2023-01-04 01:11:13'),(4825,1,'vi','plugins/simple-slider/simple-slider','settings.using_assets_description','N?u tùy ch?n này ???c b?t, nh?ng scripts bên d??i s? ???c thêm vào website c?a b?n.','2023-01-04 01:11:13','2023-01-04 01:11:13'),(4826,1,'en','plugins/social-login/social-login','settings.title','Social Login settings','2023-01-04 01:11:13','2023-01-04 01:11:13'),(4827,1,'en','plugins/social-login/social-login','settings.description','Configure social login options','2023-01-04 01:11:13','2023-01-04 01:11:13'),(4828,1,'en','plugins/social-login/social-login','settings.facebook.title','Facebook login settings','2023-01-04 01:11:13','2023-01-04 01:11:13'),(4829,1,'en','plugins/social-login/social-login','settings.facebook.description','Enable/disable & configure app credentials for Facebook login','2023-01-04 01:11:13','2023-01-04 01:11:13'),(4830,1,'en','plugins/social-login/social-login','settings.facebook.app_id','App ID','2023-01-04 01:11:13','2023-01-04 01:11:13'),(4831,1,'en','plugins/social-login/social-login','settings.facebook.app_secret','App Secret','2023-01-04 01:11:13','2023-01-04 01:11:13'),(4832,1,'en','plugins/social-login/social-login','settings.facebook.helper','Please go to https://developers.facebook.com to create new app update App ID, App Secret. Callback URL is :callback','2023-01-04 01:11:13','2023-01-04 01:11:13'),(4833,1,'en','plugins/social-login/social-login','settings.google.title','Google login settings','2023-01-04 01:11:13','2023-01-04 01:11:13'),(4834,1,'en','plugins/social-login/social-login','settings.google.description','Enable/disable & configure app credentials for Google login','2023-01-04 01:11:13','2023-01-04 01:11:13'),(4835,1,'en','plugins/social-login/social-login','settings.google.app_id','App ID','2023-01-04 01:11:13','2023-01-04 01:11:13'),(4836,1,'en','plugins/social-login/social-login','settings.google.app_secret','App Secret','2023-01-04 01:11:13','2023-01-04 01:11:13'),(4837,1,'en','plugins/social-login/social-login','settings.google.helper','Please go to https://console.developers.google.com/apis/dashboard to create new app update App ID, App Secret. Callback URL is :callback','2023-01-04 01:11:13','2023-01-04 01:11:13'),(4838,1,'en','plugins/social-login/social-login','settings.github.title','Github login settings','2023-01-04 01:11:13','2023-01-04 01:11:13'),(4839,1,'en','plugins/social-login/social-login','settings.github.description','Enable/disable & configure app credentials for Github login','2023-01-04 01:11:13','2023-01-04 01:11:13'),(4840,1,'en','plugins/social-login/social-login','settings.github.app_id','App ID','2023-01-04 01:11:13','2023-01-04 01:11:13'),(4841,1,'en','plugins/social-login/social-login','settings.github.app_secret','App Secret','2023-01-04 01:11:13','2023-01-04 01:11:13'),(4842,1,'en','plugins/social-login/social-login','settings.github.helper','Please go to https://github.com/settings/developers to create new app update App ID, App Secret. Callback URL is :callback','2023-01-04 01:11:13','2023-01-04 01:11:13'),(4843,1,'en','plugins/social-login/social-login','settings.linkedin.title','Linkedin login settings','2023-01-04 01:11:13','2023-01-04 01:11:13'),(4844,1,'en','plugins/social-login/social-login','settings.linkedin.description','Enable/disable & configure app credentials for Linkedin login','2023-01-04 01:11:13','2023-01-04 01:11:13'),(4845,1,'en','plugins/social-login/social-login','settings.linkedin.app_id','App ID','2023-01-04 01:11:13','2023-01-04 01:11:13'),(4846,1,'en','plugins/social-login/social-login','settings.linkedin.app_secret','App Secret','2023-01-04 01:11:13','2023-01-04 01:11:13'),(4847,1,'en','plugins/social-login/social-login','settings.linkedin.helper','Please go to https://www.linkedin.com/developers/apps/new to create new app update App ID, App Secret. Callback URL is :callback','2023-01-04 01:11:13','2023-01-04 01:11:13'),(4848,1,'en','plugins/social-login/social-login','settings.enable','Enable?','2023-01-04 01:11:13','2023-01-04 01:11:13'),(4849,1,'en','plugins/social-login/social-login','menu','Social Login','2023-01-04 01:11:13','2023-01-04 01:11:13'),(4850,1,'vi','plugins/social-login/social-login','settings.title','Social Login settings','2023-01-04 01:11:13','2023-01-04 01:11:13'),(4851,1,'vi','plugins/social-login/social-login','settings.description','C?u h?nh tùy ch?n ??ng nh?p thông qua m?ng x? h?i','2023-01-04 01:11:13','2023-01-04 01:11:13'),(4852,1,'vi','plugins/social-login/social-login','settings.facebook.title','Facebook login settings','2023-01-04 01:11:13','2023-01-04 01:11:13'),(4853,1,'vi','plugins/social-login/social-login','settings.facebook.description','Enable/disable & configure app credentials for Facebook login','2023-01-04 01:11:13','2023-01-04 01:11:13'),(4854,1,'vi','plugins/social-login/social-login','settings.facebook.app_id','App ID','2023-01-04 01:11:13','2023-01-04 01:11:13'),(4855,1,'vi','plugins/social-login/social-login','settings.facebook.app_secret','App Secret','2023-01-04 01:11:13','2023-01-04 01:11:13'),(4856,1,'vi','plugins/social-login/social-login','settings.facebook.helper','Please go to https://developers.facebook.com to create new app update App ID, App Secret. Callback URL is :callback','2023-01-04 01:11:13','2023-01-04 01:11:13'),(4857,1,'vi','plugins/social-login/social-login','settings.google.title','Google login settings','2023-01-04 01:11:13','2023-01-04 01:11:13'),(4858,1,'vi','plugins/social-login/social-login','settings.google.description','Enable/disable & configure app credentials for Google login','2023-01-04 01:11:13','2023-01-04 01:11:13'),(4859,1,'vi','plugins/social-login/social-login','settings.google.app_id','App ID','2023-01-04 01:11:13','2023-01-04 01:11:13'),(4860,1,'vi','plugins/social-login/social-login','settings.google.app_secret','App Secret','2023-01-04 01:11:13','2023-01-04 01:11:13'),(4861,1,'vi','plugins/social-login/social-login','settings.google.helper','Please go to https://console.developers.google.com/apis/dashboard to create new app update App ID, App Secret. Callback URL is :callback','2023-01-04 01:11:13','2023-01-04 01:11:13'),(4862,1,'vi','plugins/social-login/social-login','settings.github.title','Github login settings','2023-01-04 01:11:13','2023-01-04 01:11:13'),(4863,1,'vi','plugins/social-login/social-login','settings.github.description','Enable/disable & configure app credentials for Github login','2023-01-04 01:11:13','2023-01-04 01:11:13'),(4864,1,'vi','plugins/social-login/social-login','settings.github.app_id','App ID','2023-01-04 01:11:13','2023-01-04 01:11:13'),(4865,1,'vi','plugins/social-login/social-login','settings.github.app_secret','App Secret','2023-01-04 01:11:13','2023-01-04 01:11:13'),(4866,1,'vi','plugins/social-login/social-login','settings.github.helper','Please go to https://github.com/settings/developers to create new app update App ID, App Secret. Callback URL is :callback','2023-01-04 01:11:13','2023-01-04 01:11:13'),(4867,1,'vi','plugins/social-login/social-login','settings.linkedin.title','Linkedin login settings','2023-01-04 01:11:13','2023-01-04 01:11:13'),(4868,1,'vi','plugins/social-login/social-login','settings.linkedin.description','Enable/disable & configure app credentials for Linkedin login','2023-01-04 01:11:13','2023-01-04 01:11:13'),(4869,1,'vi','plugins/social-login/social-login','settings.linkedin.app_id','App ID','2023-01-04 01:11:13','2023-01-04 01:11:13'),(4870,1,'vi','plugins/social-login/social-login','settings.linkedin.app_secret','App Secret','2023-01-04 01:11:13','2023-01-04 01:11:13'),(4871,1,'vi','plugins/social-login/social-login','settings.linkedin.helper','Please go to https://www.linkedin.com/developers/apps/new to create new app update App ID, App Secret. Callback URL is :callback','2023-01-04 01:11:13','2023-01-04 01:11:13'),(4872,1,'vi','plugins/social-login/social-login','settings.enable','B?t?','2023-01-04 01:11:13','2023-01-04 01:11:13'),(4873,1,'vi','plugins/social-login/social-login','menu','??ng nh?p m?ng x? h?i','2023-01-04 01:11:13','2023-01-04 01:11:13'),(4874,1,'en','plugins/translation/translation','translations','Translations','2023-01-04 01:11:13','2023-01-04 01:11:13'),(4875,1,'en','plugins/translation/translation','translations_description','Translate all words in system.','2023-01-04 01:11:13','2023-01-04 01:11:13'),(4876,1,'en','plugins/translation/translation','export_warning','Warning, translations are not visible until they are exported back to the :lang_path file, using \'php artisan cms:translations:export\' command or publish button.','2023-01-04 01:11:13','2023-01-04 01:11:13'),(4877,1,'en','plugins/translation/translation','import_done','Done importing, processed :counter items! Reload this page to refresh the groups!','2023-01-04 01:11:13','2023-01-04 01:11:13'),(4878,1,'en','plugins/translation/translation','translation_manager','Translations Manager','2023-01-04 01:11:13','2023-01-04 01:11:13'),(4879,1,'en','plugins/translation/translation','done_publishing','Done publishing the translations for group','2023-01-04 01:11:13','2023-01-04 01:11:13'),(4880,1,'en','plugins/translation/translation','append_translation','Append new translations','2023-01-04 01:11:13','2023-01-04 01:11:13'),(4881,1,'en','plugins/translation/translation','replace_translation','Replace existing translations','2023-01-04 01:11:13','2023-01-04 01:11:13'),(4882,1,'en','plugins/translation/translation','import_group','Import group','2023-01-04 01:11:13','2023-01-04 01:11:13'),(4883,1,'en','plugins/translation/translation','confirm_publish_group','Are you sure you want to publish the translations group \":group\"? This will overwrite existing language files.','2023-01-04 01:11:13','2023-01-04 01:11:13'),(4884,1,'en','plugins/translation/translation','publish_translations','Publish translations','2023-01-04 01:11:13','2023-01-04 01:11:13'),(4885,1,'en','plugins/translation/translation','back','Back','2023-01-04 01:11:13','2023-01-04 01:11:13'),(4886,1,'en','plugins/translation/translation','edit_title','Enter translation','2023-01-04 01:11:13','2023-01-04 01:11:13'),(4887,1,'en','plugins/translation/translation','choose_group_msg','Choose a group to display the group translations. If no groups are visible, make sure you have imported the translations.','2023-01-04 01:11:13','2023-01-04 01:11:13'),(4888,1,'en','plugins/translation/translation','choose_a_group','Choose a group','2023-01-04 01:11:13','2023-01-04 01:11:13'),(4889,1,'en','plugins/translation/translation','locales','Locales','2023-01-04 01:11:13','2023-01-04 01:11:13'),(4890,1,'en','plugins/translation/translation','theme-translations','Theme translations','2023-01-04 01:11:13','2023-01-04 01:11:13'),(4891,1,'en','plugins/translation/translation','admin-translations','Other translations','2023-01-04 01:11:13','2023-01-04 01:11:13'),(4892,1,'en','plugins/translation/translation','translate_from','Translate from','2023-01-04 01:11:13','2023-01-04 01:11:13'),(4893,1,'en','plugins/translation/translation','to','to','2023-01-04 01:11:13','2023-01-04 01:11:13'),(4894,1,'en','plugins/translation/translation','no_other_languages','No other language to translate!','2023-01-04 01:11:13','2023-01-04 01:11:13'),(4895,1,'en','plugins/translation/translation','edit','Edit','2023-01-04 01:11:13','2023-01-04 01:11:13'),(4896,1,'en','plugins/translation/translation','locale','Locale','2023-01-04 01:11:13','2023-01-04 01:11:13'),(4897,1,'en','plugins/translation/translation','locale_placeholder','Ex: en','2023-01-04 01:11:13','2023-01-04 01:11:13'),(4898,1,'en','plugins/translation/translation','name','Name','2023-01-04 01:11:13','2023-01-04 01:11:13'),(4899,1,'en','plugins/translation/translation','default_locale','Default locale?','2023-01-04 01:11:13','2023-01-04 01:11:13'),(4900,1,'en','plugins/translation/translation','actions','Actions','2023-01-04 01:11:13','2023-01-04 01:11:13'),(4901,1,'en','plugins/translation/translation','choose_language','Choose language','2023-01-04 01:11:13','2023-01-04 01:11:13'),(4902,1,'en','plugins/translation/translation','add_new_language','Add new language','2023-01-04 01:11:13','2023-01-04 01:11:13'),(4903,1,'en','plugins/translation/translation','select_language','Select language','2023-01-04 01:11:13','2023-01-04 01:11:13'),(4904,1,'en','plugins/translation/translation','flag','Flag','2023-01-04 01:11:13','2023-01-04 01:11:13'),(4905,1,'en','plugins/translation/translation','folder_is_not_writeable','Cannot write files! Folder :lang_path is not writable. Please chmod to make it writable!','2023-01-04 01:11:13','2023-01-04 01:11:13'),(4906,1,'en','plugins/translation/translation','delete','Delete','2023-01-04 01:11:13','2023-01-04 01:11:13'),(4907,1,'en','plugins/translation/translation','confirm_delete_message','Do you really want to delete this locale? It will delete all files/folders for this local in :lang_path!','2023-01-04 01:11:13','2023-01-04 01:11:13'),(4908,1,'en','plugins/translation/translation','download','Download','2023-01-04 01:11:13','2023-01-04 01:11:13'),(4909,1,'en','plugins/translation/translation','select_locale','Select locale','2023-01-04 01:11:13','2023-01-04 01:11:13'),(4910,1,'en','plugins/translation/translation','theme_translations_instruction','Click on text to translate. Do NOT translate variables, Eg. :username, :query, :link...','2023-01-04 01:11:13','2023-01-04 01:11:13'),(4911,1,'en','plugins/translation/translation','import_available_locale','Or import available locale from our GitHub repository','2023-01-04 01:11:13','2023-01-04 01:11:13'),(4912,1,'en','plugins/translation/translation','add_new_locale','Add new locale','2023-01-04 01:11:13','2023-01-04 01:11:13'),(4913,1,'en','plugins/translation/translation','download_locale','Download locale','2023-01-04 01:11:13','2023-01-04 01:11:13'),(4914,1,'en','plugins/translation/translation','import_available_locale_confirmation','Download locale from GitHub','2023-01-04 01:11:13','2023-01-04 01:11:13'),(4915,1,'en','plugins/translation/translation','import_available_locale_confirmation_content','Are you sure you want to download this locale? It will be downloaded into :lang_path, you can delete it later if you want.','2023-01-04 01:11:13','2023-01-04 01:11:13'),(4916,1,'en','plugins/translation/translation','is_default','Is default?','2023-01-04 01:11:13','2023-01-04 01:11:13'),(4917,1,'vi','plugins/translation/translation','append_translation','Ti?p n?i b?n d?ch','2023-01-04 01:11:13','2023-01-04 01:11:13'),(4918,1,'vi','plugins/translation/translation','back','Quay l?i','2023-01-04 01:11:13','2023-01-04 01:11:13'),(4919,1,'vi','plugins/translation/translation','choose_a_group','Ch?n m?t nh?m','2023-01-04 01:11:13','2023-01-04 01:11:13'),(4920,1,'vi','plugins/translation/translation','choose_group_msg','Ch?n m?t nh?m ?? hi?n th? nh?m d?ch thu?t. N?u nh?m không c? s?n, h?y ch?c ch?n là b?n ?? ch?y migrations và nh?p d? li?u d?ch thu?t.','2023-01-04 01:11:13','2023-01-04 01:11:13'),(4921,1,'vi','plugins/translation/translation','confirm_publish_group','B?n c? ch?c mu?n xu?t b?n nh?m \":group\"? ?i?u này s? ghi ?è t?p tin ngôn ng? hi?n t?i.','2023-01-04 01:11:13','2023-01-04 01:11:13'),(4922,1,'vi','plugins/translation/translation','done_publishing','Xu?t b?n nh?m d?ch thu?t thành công','2023-01-04 01:11:13','2023-01-04 01:11:13'),(4923,1,'vi','plugins/translation/translation','edit_title','Nh?p n?i dung d?ch','2023-01-04 01:11:13','2023-01-04 01:11:13'),(4924,1,'vi','plugins/translation/translation','export_warning','C?nh b?o, b?n d?ch s? không c? s?n cho ??n khi ch?ng ???c xu?t b?n l?i vào th? m?c :lang_path, s? d?ng l?nh \'php artisan cms:translations:export\' ho?c s? d?ng n?t xu?t b?n','2023-01-04 01:11:13','2023-01-04 01:11:13'),(4925,1,'vi','plugins/translation/translation','import_done','Nh?p hoàn thành, ?? x? l? :counter b?n ghi!  ','2023-01-04 01:11:13','2023-01-04 01:11:13'),(4926,1,'vi','plugins/translation/translation','import_group','Nh?p nh?m','2023-01-04 01:11:13','2023-01-04 01:11:13'),(4927,1,'vi','plugins/translation/translation','publish_translations','Xu?t b?n d?ch thu?t','2023-01-04 01:11:13','2023-01-04 01:11:13'),(4928,1,'vi','plugins/translation/translation','replace_translation','Thay th? b?n d?ch hi?n t?i','2023-01-04 01:11:13','2023-01-04 01:11:13'),(4929,1,'vi','plugins/translation/translation','translation_manager','Qu?n l? d?ch thu?t','2023-01-04 01:11:13','2023-01-04 01:11:13'),(4930,1,'vi','plugins/translation/translation','translations','D?ch thu?t','2023-01-04 01:11:13','2023-01-04 01:11:13'),(4931,1,'vi','plugins/translation/translation','translations_description','D?ch t?t c? c?c t? trong h? th?ng','2023-01-04 01:11:13','2023-01-04 01:11:13'),(4932,1,'vi','plugins/translation/translation','actions','Hành ??ng','2023-01-04 01:11:13','2023-01-04 01:11:13'),(4933,1,'vi','plugins/translation/translation','add_new_language','Thêm ngôn ng? m?i','2023-01-04 01:11:13','2023-01-04 01:11:13'),(4934,1,'vi','plugins/translation/translation','admin-translations','D?ch c?c m?c kh?c','2023-01-04 01:11:13','2023-01-04 01:11:13'),(4935,1,'vi','plugins/translation/translation','choose_language','Ch?n ngôn ng?','2023-01-04 01:11:13','2023-01-04 01:11:13'),(4936,1,'vi','plugins/translation/translation','default_locale','Ngôn ng? m?c ??nh','2023-01-04 01:11:13','2023-01-04 01:11:13'),(4937,1,'vi','plugins/translation/translation','delete','X?a','2023-01-04 01:11:13','2023-01-04 01:11:13'),(4938,1,'vi','plugins/translation/translation','edit','S?a','2023-01-04 01:11:13','2023-01-04 01:11:13'),(4939,1,'vi','plugins/translation/translation','flag','C?','2023-01-04 01:11:13','2023-01-04 01:11:13'),(4940,1,'vi','plugins/translation/translation','locale','Ngôn ng?','2023-01-04 01:11:13','2023-01-04 01:11:13'),(4941,1,'vi','plugins/translation/translation','locales','Ngôn ng?','2023-01-04 01:11:13','2023-01-04 01:11:13'),(4942,1,'vi','plugins/translation/translation','name','Tên','2023-01-04 01:11:13','2023-01-04 01:11:13'),(4943,1,'vi','plugins/translation/translation','no_other_languages','Không c?n ngôn ng? nào kh?c ?? d?ch!','2023-01-04 01:11:13','2023-01-04 01:11:13'),(4944,1,'vi','plugins/translation/translation','select_language','L?a ch?n ngôn ng?','2023-01-04 01:11:13','2023-01-04 01:11:13'),(4945,1,'vi','plugins/translation/translation','theme-translations','D?ch giao di?n','2023-01-04 01:11:13','2023-01-04 01:11:13'),(4946,1,'vi','plugins/translation/translation','to','sang','2023-01-04 01:11:13','2023-01-04 01:11:13'),(4947,1,'vi','plugins/translation/translation','translate_from','D?ch t?','2023-01-04 01:11:13','2023-01-04 01:11:13'),(4948,1,'vi','auth','failed','Không t?m th?y thông tin ??ng nh?p h?p l?.','2023-01-04 01:11:13','2023-01-04 01:11:13'),(4949,1,'vi','auth','throttle','??ng nh?p không ??ng qu? nhi?u l?n. Vui l?ng th? l?i sau :seconds giây.','2023-01-04 01:11:13','2023-01-04 01:11:13'),(4950,1,'vi','auth','password','M?t kh?u không ch?nh x?c','2023-01-04 01:11:13','2023-01-04 01:11:13'),(4951,1,'vi','pagination','previous','&laquo; Tr??c','2023-01-04 01:11:13','2023-01-04 01:11:13'),(4952,1,'vi','pagination','next','Sau &raquo;','2023-01-04 01:11:13','2023-01-04 01:11:13'),(4953,1,'vi','passwords','reset','M?t kh?u ?? ???c c?p nh?t!','2023-01-04 01:11:13','2023-01-04 01:11:13'),(4954,1,'vi','passwords','sent','Ch?ng tôi ?? g?i cho b?n ???ng d?n thay ??i m?t kh?u!','2023-01-04 01:11:13','2023-01-04 01:11:13'),(4955,1,'vi','passwords','token','M? x?c nh?n m?t kh?u không h?p l?.','2023-01-04 01:11:13','2023-01-04 01:11:13'),(4956,1,'vi','passwords','user','Không t?m th?y thành viên v?i ??a ch? email này.','2023-01-04 01:11:13','2023-01-04 01:11:13'),(4957,1,'vi','validation','accepted','Tr??ng :attribute ph?i ???c ch?p nh?n.','2023-01-04 01:11:13','2023-01-04 01:11:13'),(4958,1,'vi','validation','active_url','Tr??ng :attribute không ph?i là m?t URL h?p l?.','2023-01-04 01:11:13','2023-01-04 01:11:13'),(4959,1,'vi','validation','after','Tr??ng :attribute ph?i là m?t ngày sau ngày :date.','2023-01-04 01:11:13','2023-01-04 01:11:13'),(4960,1,'vi','validation','after_or_equal','Tr??ng :attribute ph?i là th?i gian b?t ??u sau ho?c ??ng b?ng :date.','2023-01-04 01:11:13','2023-01-04 01:11:13'),(4961,1,'vi','validation','alpha','Tr??ng :attribute ch? c? th? ch?a c?c ch? c?i.','2023-01-04 01:11:13','2023-01-04 01:11:13'),(4962,1,'vi','validation','alpha_dash','Tr??ng :attribute ch? c? th? ch?a ch? c?i, s? và d?u g?ch ngang.','2023-01-04 01:11:13','2023-01-04 01:11:13'),(4963,1,'vi','validation','alpha_num','Tr??ng :attribute ch? c? th? ch?a ch? c?i và s?.','2023-01-04 01:11:13','2023-01-04 01:11:13'),(4964,1,'vi','validation','array','Tr??ng :attribute ph?i là d?ng m?ng.','2023-01-04 01:11:13','2023-01-04 01:11:13'),(4965,1,'vi','validation','before','Tr??ng :attribute ph?i là m?t ngày tr??c ngày :date.','2023-01-04 01:11:13','2023-01-04 01:11:13'),(4966,1,'vi','validation','before_or_equal','Tr??ng :attribute ph?i là th?i gian b?t ??u tr??c ho?c ??ng b?ng :date.','2023-01-04 01:11:13','2023-01-04 01:11:13'),(4967,1,'vi','validation','between.array','Tr??ng :attribute ph?i c? t? :min - :max ph?n t?.','2023-01-04 01:11:13','2023-01-04 01:11:13'),(4968,1,'vi','validation','between.file','Dung l??ng t?p tin trong tr??ng :attribute ph?i t? :min - :max kB.','2023-01-04 01:11:13','2023-01-04 01:11:13'),(4969,1,'vi','validation','between.numeric','Tr??ng :attribute ph?i n?m trong kho?ng :min - :max.','2023-01-04 01:11:13','2023-01-04 01:11:13'),(4970,1,'vi','validation','between.string','Tr??ng :attribute ph?i t? :min - :max k? t?.','2023-01-04 01:11:13','2023-01-04 01:11:13'),(4971,1,'vi','validation','boolean','Tr??ng :attribute ph?i là true ho?c false.','2023-01-04 01:11:13','2023-01-04 01:11:13'),(4972,1,'vi','validation','confirmed','Gi? tr? x?c nh?n trong tr??ng :attribute không kh?p.','2023-01-04 01:11:13','2023-01-04 01:11:13'),(4973,1,'vi','validation','date','Tr??ng :attribute không ph?i là ??nh d?ng c?a ngày-th?ng.','2023-01-04 01:11:13','2023-01-04 01:11:13'),(4974,1,'vi','validation','date_equals','Tr??ng :attribute ph?i là m?t ngày b?ng v?i :date.','2023-01-04 01:11:13','2023-01-04 01:11:13'),(4975,1,'vi','validation','date_format','Tr??ng :attribute không gi?ng v?i ??nh d?ng :format.','2023-01-04 01:11:13','2023-01-04 01:11:13'),(4976,1,'vi','validation','different','Tr??ng :attribute và :other ph?i kh?c nhau.','2023-01-04 01:11:13','2023-01-04 01:11:13'),(4977,1,'vi','validation','digits','?? dài c?a tr??ng :attribute ph?i g?m :digits ch? s?.','2023-01-04 01:11:13','2023-01-04 01:11:13'),(4978,1,'vi','validation','digits_between','?? dài c?a tr??ng :attribute ph?i n?m trong kho?ng :min and :max ch? s?.','2023-01-04 01:11:13','2023-01-04 01:11:13'),(4979,1,'vi','validation','dimensions','Tr??ng :attribute c? k?ch th??c không h?p l?.','2023-01-04 01:11:13','2023-01-04 01:11:13'),(4980,1,'vi','validation','distinct','Tr??ng :attribute c? gi? tr? trùng l?p.','2023-01-04 01:11:13','2023-01-04 01:11:13'),(4981,1,'vi','validation','email','Tr??ng :attribute ph?i là m?t ??a ch? email h?p l?.','2023-01-04 01:11:13','2023-01-04 01:11:13'),(4982,1,'vi','validation','ends_with','Tr??ng :attribute ph?i k?t th?c b?ng m?t trong nh?ng gi? tr? sau: :values','2023-01-04 01:11:13','2023-01-04 01:11:13'),(4983,1,'vi','validation','exists','Gi? tr? ?? ch?n trong tr??ng :attribute không h?p l?.','2023-01-04 01:11:13','2023-01-04 01:11:13'),(4984,1,'vi','validation','file','Tr??ng :attribute ph?i là m?t t?p tin.','2023-01-04 01:11:13','2023-01-04 01:11:13'),(4985,1,'vi','validation','filled','Tr??ng :attribute không ???c b? tr?ng.','2023-01-04 01:11:13','2023-01-04 01:11:13'),(4986,1,'vi','validation','gt.array','M?ng :attribute ph?i c? nhi?u h?n :value ph?n t?.','2023-01-04 01:11:13','2023-01-04 01:11:13'),(4987,1,'vi','validation','gt.file','Dung l??ng tr??ng :attribute ph?i l?n h?n :value kilobytes.','2023-01-04 01:11:13','2023-01-04 01:11:13'),(4988,1,'vi','validation','gt.numeric','Gi? tr? tr??ng :attribute ph?i l?n h?n :value.','2023-01-04 01:11:13','2023-01-04 01:11:13'),(4989,1,'vi','validation','gt.string','?? dài tr??ng :attribute ph?i nhi?u h?n :value k? t?.','2023-01-04 01:11:13','2023-01-04 01:11:13'),(4990,1,'vi','validation','gte.array','M?ng :attribute ph?i c? ?t nh?t :value ph?n t?.','2023-01-04 01:11:13','2023-01-04 01:11:13'),(4991,1,'vi','validation','gte.file','Dung l??ng tr??ng :attribute ph?i l?n h?n ho?c b?ng :value kilobytes.','2023-01-04 01:11:13','2023-01-04 01:11:13'),(4992,1,'vi','validation','gte.numeric','Gi? tr? tr??ng :attribute ph?i l?n h?n ho?c b?ng :value.','2023-01-04 01:11:13','2023-01-04 01:11:13'),(4993,1,'vi','validation','gte.string','?? dài tr??ng :attribute ph?i l?n h?n ho?c b?ng :value k? t?.','2023-01-04 01:11:13','2023-01-04 01:11:13'),(4994,1,'vi','validation','image','Tr??ng :attribute ph?i là ??nh d?ng h?nh ?nh.','2023-01-04 01:11:13','2023-01-04 01:11:13'),(4995,1,'vi','validation','in','Gi? tr? ?? ch?n trong tr??ng :attribute không h?p l?.','2023-01-04 01:11:13','2023-01-04 01:11:13'),(4996,1,'vi','validation','in_array','Tr??ng :attribute ph?i thu?c t?p cho phép: :other.','2023-01-04 01:11:14','2023-01-04 01:11:14'),(4997,1,'vi','validation','integer','Tr??ng :attribute ph?i là m?t s? nguyên.','2023-01-04 01:11:14','2023-01-04 01:11:14'),(4998,1,'vi','validation','ip','Tr??ng :attribute ph?i là m?t ??a ch? IP.','2023-01-04 01:11:14','2023-01-04 01:11:14'),(4999,1,'vi','validation','ipv4','Tr??ng :attribute ph?i là m?t ??a ch? IPv4.','2023-01-04 01:11:14','2023-01-04 01:11:14'),(5000,1,'vi','validation','ipv6','Tr??ng :attribute ph?i là m?t ??a ch? IPv6.','2023-01-04 01:11:14','2023-01-04 01:11:14'),(5001,1,'vi','validation','json','Tr??ng :attribute ph?i là m?t chu?i JSON.','2023-01-04 01:11:14','2023-01-04 01:11:14'),(5002,1,'vi','validation','lt.array','M?ng :attribute ph?i c? ?t h?n :value ph?n t?.','2023-01-04 01:11:14','2023-01-04 01:11:14'),(5003,1,'vi','validation','lt.file','Dung l??ng tr??ng :attribute ph?i nh? h?n :value kilobytes.','2023-01-04 01:11:14','2023-01-04 01:11:14'),(5004,1,'vi','validation','lt.numeric','Gi? tr? tr??ng :attribute ph?i nh? h?n :value.','2023-01-04 01:11:14','2023-01-04 01:11:14'),(5005,1,'vi','validation','lt.string','?? dài tr??ng :attribute ph?i nh? h?n :value k? t?.','2023-01-04 01:11:14','2023-01-04 01:11:14'),(5006,1,'vi','validation','lte.array','M?ng :attribute không ???c c? nhi?u h?n :value ph?n t?.','2023-01-04 01:11:14','2023-01-04 01:11:14'),(5007,1,'vi','validation','lte.file','Dung l??ng tr??ng :attribute ph?i nh? h?n ho?c b?ng :value kilobytes.','2023-01-04 01:11:14','2023-01-04 01:11:14'),(5008,1,'vi','validation','lte.numeric','Gi? tr? tr??ng :attribute ph?i nh? h?n ho?c b?ng :value.','2023-01-04 01:11:14','2023-01-04 01:11:14'),(5009,1,'vi','validation','lte.string','?? dài tr??ng :attribute ph?i nh? h?n ho?c b?ng :value k? t?.','2023-01-04 01:11:14','2023-01-04 01:11:14'),(5010,1,'vi','validation','max.array','Tr??ng :attribute không ???c l?n h?n :max ph?n t?.','2023-01-04 01:11:14','2023-01-04 01:11:14'),(5011,1,'vi','validation','max.file','Dung l??ng t?p tin trong tr??ng :attribute không ???c l?n h?n :max kB.','2023-01-04 01:11:14','2023-01-04 01:11:14'),(5012,1,'vi','validation','max.numeric','Tr??ng :attribute không ???c l?n h?n :max.','2023-01-04 01:11:14','2023-01-04 01:11:14'),(5013,1,'vi','validation','max.string','Tr??ng :attribute không ???c l?n h?n :max k? t?.','2023-01-04 01:11:14','2023-01-04 01:11:14'),(5014,1,'vi','validation','mimes','Tr??ng :attribute ph?i là m?t t?p tin c? ??nh d?ng: :values.','2023-01-04 01:11:14','2023-01-04 01:11:14'),(5015,1,'vi','validation','mimetypes','Tr??ng :attribute ph?i là m?t t?p tin c? ??nh d?ng: :values.','2023-01-04 01:11:14','2023-01-04 01:11:14'),(5016,1,'vi','validation','min.array','Tr??ng :attribute ph?i c? t?i thi?u :min ph?n t?.','2023-01-04 01:11:14','2023-01-04 01:11:14'),(5017,1,'vi','validation','min.file','Dung l??ng t?p tin trong tr??ng :attribute ph?i t?i thi?u :min kB.','2023-01-04 01:11:14','2023-01-04 01:11:14'),(5018,1,'vi','validation','min.numeric','Tr??ng :attribute ph?i t?i thi?u là :min.','2023-01-04 01:11:14','2023-01-04 01:11:14'),(5019,1,'vi','validation','min.string','Tr??ng :attribute ph?i c? t?i thi?u :min k? t?.','2023-01-04 01:11:14','2023-01-04 01:11:14'),(5020,1,'vi','validation','multiple_of','Tr??ng :attribute ph?i là b?i s? c?a :value','2023-01-04 01:11:14','2023-01-04 01:11:14'),(5021,1,'vi','validation','not_in','Gi? tr? ?? ch?n trong tr??ng :attribute không h?p l?.','2023-01-04 01:11:14','2023-01-04 01:11:14'),(5022,1,'vi','validation','not_regex','Tr??ng :attribute c? ??nh d?ng không h?p l?.','2023-01-04 01:11:14','2023-01-04 01:11:14'),(5023,1,'vi','validation','numeric','Tr??ng :attribute ph?i là m?t s?.','2023-01-04 01:11:14','2023-01-04 01:11:14'),(5024,1,'vi','validation','password','M?t kh?u không ??ng.','2023-01-04 01:11:14','2023-01-04 01:11:14'),(5025,1,'vi','validation','present','Tr??ng :attribute ph?i ???c cung c?p.','2023-01-04 01:11:14','2023-01-04 01:11:14'),(5026,1,'vi','validation','prohibited','Tr??ng :attribute b? c?m.','2023-01-04 01:11:14','2023-01-04 01:11:14'),(5027,1,'vi','validation','prohibited_if','Tr??ng :attribute b? c?m khi :other là :value.','2023-01-04 01:11:14','2023-01-04 01:11:14'),(5028,1,'vi','validation','prohibited_unless','Tr??ng :attribute b? c?m tr? khi :other là m?t trong :values.','2023-01-04 01:11:14','2023-01-04 01:11:14'),(5029,1,'vi','validation','regex','Tr??ng :attribute c? ??nh d?ng không h?p l?.','2023-01-04 01:11:14','2023-01-04 01:11:14'),(5030,1,'vi','validation','required','Tr??ng :attribute không ???c b? tr?ng.','2023-01-04 01:11:14','2023-01-04 01:11:14'),(5031,1,'vi','validation','required_if','Tr??ng :attribute không ???c b? tr?ng khi tr??ng :other là :value.','2023-01-04 01:11:14','2023-01-04 01:11:14'),(5032,1,'vi','validation','required_unless','Tr??ng :attribute không ???c b? tr?ng tr? khi :other là :values.','2023-01-04 01:11:14','2023-01-04 01:11:14'),(5033,1,'vi','validation','required_with','Tr??ng :attribute không ???c b? tr?ng khi m?t trong :values c? gi? tr?.','2023-01-04 01:11:14','2023-01-04 01:11:14'),(5034,1,'vi','validation','required_with_all','Tr??ng :attribute không ???c b? tr?ng khi t?t c? :values c? gi? tr?.','2023-01-04 01:11:14','2023-01-04 01:11:14'),(5035,1,'vi','validation','required_without','Tr??ng :attribute không ???c b? tr?ng khi m?t trong :values không c? gi? tr?.','2023-01-04 01:11:14','2023-01-04 01:11:14'),(5036,1,'vi','validation','required_without_all','Tr??ng :attribute không ???c b? tr?ng khi t?t c? :values không c? gi? tr?.','2023-01-04 01:11:14','2023-01-04 01:11:14'),(5037,1,'vi','validation','same','Tr??ng :attribute và :other ph?i gi?ng nhau.','2023-01-04 01:11:14','2023-01-04 01:11:14'),(5038,1,'vi','validation','size.array','Tr??ng :attribute ph?i ch?a :size ph?n t?.','2023-01-04 01:11:14','2023-01-04 01:11:14'),(5039,1,'vi','validation','size.file','Dung l??ng t?p tin trong tr??ng :attribute ph?i b?ng :size kB.','2023-01-04 01:11:14','2023-01-04 01:11:14'),(5040,1,'vi','validation','size.numeric','Tr??ng :attribute ph?i b?ng :size.','2023-01-04 01:11:14','2023-01-04 01:11:14'),(5041,1,'vi','validation','size.string','Tr??ng :attribute ph?i ch?a :size k? t?.','2023-01-04 01:11:14','2023-01-04 01:11:14'),(5042,1,'vi','validation','starts_with','Tr??ng :attribute ph?i ???c b?t ??u b?ng m?t trong nh?ng gi? tr? sau: :values','2023-01-04 01:11:14','2023-01-04 01:11:14'),(5043,1,'vi','validation','string','Tr??ng :attribute ph?i là m?t chu?i k? t?.','2023-01-04 01:11:14','2023-01-04 01:11:14'),(5044,1,'vi','validation','timezone','Tr??ng :attribute ph?i là m?t m?i gi? h?p l?.','2023-01-04 01:11:14','2023-01-04 01:11:14'),(5045,1,'vi','validation','unique','Tr??ng :attribute ?? c? trong c? s? d? li?u.','2023-01-04 01:11:14','2023-01-04 01:11:14'),(5046,1,'vi','validation','uploaded','Tr??ng :attribute t?i lên th?t b?i.','2023-01-04 01:11:14','2023-01-04 01:11:14'),(5047,1,'vi','validation','url','Tr??ng :attribute không gi?ng v?i ??nh d?ng m?t URL.','2023-01-04 01:11:14','2023-01-04 01:11:14'),(5048,1,'vi','validation','uuid','Tr??ng :attribute ph?i là m?t chu?i UUID h?p l?.','2023-01-04 01:11:14','2023-01-04 01:11:14'),(5049,1,'vi','validation','custom.attribute-name.rule-name','custom-message','2023-01-04 01:11:14','2023-01-04 01:11:14');
/*!40000 ALTER TABLE `translations` ENABLE KEYS */;
UNLOCK TABLES;

--
-- Table structure for table `user_meta`
--

DROP TABLE IF EXISTS `user_meta`;
/*!40101 SET @saved_cs_client     = @@character_set_client */;
/*!50503 SET character_set_client = utf8mb4 */;
CREATE TABLE `user_meta` (
  `id` bigint unsigned NOT NULL AUTO_INCREMENT,
  `key` varchar(191) COLLATE utf8mb4_unicode_ci DEFAULT NULL,
  `value` varchar(191) COLLATE utf8mb4_unicode_ci DEFAULT NULL,
  `user_id` int unsigned NOT NULL,
  `created_at` timestamp NULL DEFAULT NULL,
  `updated_at` timestamp NULL DEFAULT NULL,
  PRIMARY KEY (`id`),
  KEY `user_meta_user_id_index` (`user_id`)
) ENGINE=InnoDB DEFAULT CHARSET=utf8mb4 COLLATE=utf8mb4_unicode_ci;
/*!40101 SET character_set_client = @saved_cs_client */;

--
-- Dumping data for table `user_meta`
--

LOCK TABLES `user_meta` WRITE;
/*!40000 ALTER TABLE `user_meta` DISABLE KEYS */;
/*!40000 ALTER TABLE `user_meta` ENABLE KEYS */;
UNLOCK TABLES;

--
-- Table structure for table `users`
--

DROP TABLE IF EXISTS `users`;
/*!40101 SET @saved_cs_client     = @@character_set_client */;
/*!50503 SET character_set_client = utf8mb4 */;
CREATE TABLE `users` (
  `id` bigint unsigned NOT NULL AUTO_INCREMENT,
  `email` varchar(191) COLLATE utf8mb4_unicode_ci NOT NULL,
  `email_verified_at` timestamp NULL DEFAULT NULL,
  `password` varchar(191) CHARACTER SET utf8mb4 COLLATE utf8mb4_unicode_ci DEFAULT NULL,
  `remember_token` varchar(100) COLLATE utf8mb4_unicode_ci DEFAULT NULL,
  `created_at` timestamp NULL DEFAULT NULL,
  `updated_at` timestamp NULL DEFAULT NULL,
  `first_name` varchar(191) COLLATE utf8mb4_unicode_ci DEFAULT NULL,
  `last_name` varchar(191) COLLATE utf8mb4_unicode_ci DEFAULT NULL,
  `username` varchar(60) COLLATE utf8mb4_unicode_ci DEFAULT NULL,
  `avatar_id` int unsigned DEFAULT NULL,
  `super_user` tinyint(1) NOT NULL DEFAULT '0',
  `manage_supers` tinyint(1) NOT NULL DEFAULT '0',
  `permissions` text COLLATE utf8mb4_unicode_ci,
  `last_login` timestamp NULL DEFAULT NULL,
  PRIMARY KEY (`id`),
  UNIQUE KEY `users_email_unique` (`email`),
  UNIQUE KEY `users_username_unique` (`username`)
) ENGINE=InnoDB AUTO_INCREMENT=2 DEFAULT CHARSET=utf8mb4 COLLATE=utf8mb4_unicode_ci;
/*!40101 SET character_set_client = @saved_cs_client */;

--
-- Dumping data for table `users`
--

LOCK TABLES `users` WRITE;
/*!40000 ALTER TABLE `users` DISABLE KEYS */;
INSERT INTO `users` VALUES (1,'admin@botble.com',NULL,'$2y$10$GLwXg/rVv4jtruu/qfXbOuqiWUyLoRq.BD9h2YkOOuPxR1p6oF3ym',NULL,'2023-01-04 01:10:57','2023-01-04 01:10:57','System','Admin','botble',NULL,1,1,NULL,NULL);
/*!40000 ALTER TABLE `users` ENABLE KEYS */;
UNLOCK TABLES;

--
-- Table structure for table `widgets`
--

DROP TABLE IF EXISTS `widgets`;
/*!40101 SET @saved_cs_client     = @@character_set_client */;
/*!50503 SET character_set_client = utf8mb4 */;
CREATE TABLE `widgets` (
  `id` bigint unsigned NOT NULL AUTO_INCREMENT,
  `widget_id` varchar(120) COLLATE utf8mb4_unicode_ci NOT NULL,
  `sidebar_id` varchar(120) COLLATE utf8mb4_unicode_ci NOT NULL,
  `theme` varchar(120) COLLATE utf8mb4_unicode_ci NOT NULL,
  `position` tinyint unsigned NOT NULL DEFAULT '0',
  `data` text COLLATE utf8mb4_unicode_ci,
  `created_at` timestamp NULL DEFAULT NULL,
  `updated_at` timestamp NULL DEFAULT NULL,
  PRIMARY KEY (`id`)
) ENGINE=InnoDB AUTO_INCREMENT=25 DEFAULT CHARSET=utf8mb4 COLLATE=utf8mb4_unicode_ci;
/*!40101 SET character_set_client = @saved_cs_client */;

--
-- Dumping data for table `widgets`
--

LOCK TABLES `widgets` WRITE;
/*!40000 ALTER TABLE `widgets` DISABLE KEYS */;
INSERT INTO `widgets` VALUES (1,'CustomMenuWidget','footer_sidebar','martfury',1,'{\"id\":\"CustomMenuWidget\",\"name\":\"Quick links\",\"menu_id\":\"quick-links\"}','2023-01-04 01:10:57','2023-01-04 01:10:57'),(2,'CustomMenuWidget','footer_sidebar','martfury',2,'{\"id\":\"CustomMenuWidget\",\"name\":\"Company\",\"menu_id\":\"company\"}','2023-01-04 01:10:57','2023-01-04 01:10:57'),(3,'CustomMenuWidget','footer_sidebar','martfury',3,'{\"id\":\"CustomMenuWidget\",\"name\":\"Business\",\"menu_id\":\"business\"}','2023-01-04 01:10:57','2023-01-04 01:10:57'),(4,'BlogSearchWidget','primary_sidebar','martfury',1,'{\"id\":\"BlogSearchWidget\",\"name\":\"Search\"}','2023-01-04 01:10:57','2023-01-04 01:10:57'),(5,'BlogCategoriesWidget','primary_sidebar','martfury',2,'{\"id\":\"BlogCategoriesWidget\",\"name\":\"Categories\"}','2023-01-04 01:10:57','2023-01-04 01:10:57'),(6,'RecentPostsWidget','primary_sidebar','martfury',3,'{\"id\":\"RecentPostsWidget\",\"name\":\"Recent Posts\"}','2023-01-04 01:10:57','2023-01-04 01:10:57'),(7,'TagsWidget','primary_sidebar','martfury',4,'{\"id\":\"TagsWidget\",\"name\":\"Popular Tags\"}','2023-01-04 01:10:57','2023-01-04 01:10:57'),(8,'ProductCategoriesWidget','bottom_footer_sidebar','martfury',1,'{\"id\":\"ProductCategoriesWidget\",\"name\":\"Consumer Electric\",\"categories\":[18,2,3,4,5,6,7]}','2023-01-04 01:10:57','2023-01-04 01:10:57'),(9,'ProductCategoriesWidget','bottom_footer_sidebar','martfury',2,'{\"id\":\"ProductCategoriesWidget\",\"name\":\"Clothing & Apparel\",\"categories\":[8,9,10,11,12]}','2023-01-04 01:10:57','2023-01-04 01:10:57'),(10,'ProductCategoriesWidget','bottom_footer_sidebar','martfury',3,'{\"id\":\"ProductCategoriesWidget\",\"name\":\"Home, Garden & Kitchen\",\"categories\":[13,14,15,16,17]}','2023-01-04 01:10:57','2023-01-04 01:10:57'),(11,'ProductCategoriesWidget','bottom_footer_sidebar','martfury',4,'{\"id\":\"ProductCategoriesWidget\",\"name\":\"Health & Beauty\",\"categories\":[20,21,22,23,24]}','2023-01-04 01:10:57','2023-01-04 01:10:57'),(12,'ProductCategoriesWidget','bottom_footer_sidebar','martfury',5,'{\"id\":\"ProductCategoriesWidget\",\"name\":\"Computer & Technologies\",\"categories\":[25,26,27,28,29,19]}','2023-01-04 01:10:57','2023-01-04 01:10:57'),(13,'CustomMenuWidget','footer_sidebar','martfury-vi',1,'{\"id\":\"CustomMenuWidget\",\"name\":\"Li\\u00ean k\\u1ebft nhanh\",\"menu_id\":\"lien-ket-nhanh\"}','2023-01-04 01:10:57','2023-01-04 01:10:57'),(14,'CustomMenuWidget','footer_sidebar','martfury-vi',2,'{\"id\":\"CustomMenuWidget\",\"name\":\"C\\u00f4ng ty\",\"menu_id\":\"cong-ty\"}','2023-01-04 01:10:57','2023-01-04 01:10:57'),(15,'CustomMenuWidget','footer_sidebar','martfury-vi',3,'{\"id\":\"CustomMenuWidget\",\"name\":\"Doanh nghi\\u1ec7p\",\"menu_id\":\"doanh-nghiep\"}','2023-01-04 01:10:57','2023-01-04 01:10:57'),(16,'BlogSearchWidget','primary_sidebar','martfury-vi',1,'{\"id\":\"BlogSearchWidget\",\"name\":\"T\\u00ecm ki\\u1ebfm\"}','2023-01-04 01:10:57','2023-01-04 01:10:57'),(17,'BlogCategoriesWidget','primary_sidebar','martfury-vi',2,'{\"id\":\"BlogCategoriesWidget\",\"name\":\"Danh m\\u1ee5c b\\u00e0i vi\\u1ebft\"}','2023-01-04 01:10:57','2023-01-04 01:10:57'),(18,'RecentPostsWidget','primary_sidebar','martfury-vi',3,'{\"id\":\"RecentPostsWidget\",\"name\":\"B\\u00e0i vi\\u1ebft g\\u1ea7n \\u0111\\u00e2y\"}','2023-01-04 01:10:57','2023-01-04 01:10:57'),(19,'TagsWidget','primary_sidebar','martfury-vi',4,'{\"id\":\"TagsWidget\",\"name\":\"Tags ph\\u1ed5 bi\\u1ebfn\"}','2023-01-04 01:10:57','2023-01-04 01:10:57'),(20,'ProductCategoriesWidget','bottom_footer_sidebar','martfury-vi',1,'{\"id\":\"ProductCategoriesWidget\",\"name\":\"\\u0110\\u1ed3 d\\u00f9ng \\u0111i\\u1ec7n t\\u1eed\",\"categories\":[18,2,3,4,5,6,7]}','2023-01-04 01:10:57','2023-01-04 01:10:57'),(21,'ProductCategoriesWidget','bottom_footer_sidebar','martfury-vi',2,'{\"id\":\"ProductCategoriesWidget\",\"name\":\"Qu\\u1ea7n \\u00e1o & may m\\u1eb7c\",\"categories\":[8,9,10,11,12]}','2023-01-04 01:10:57','2023-01-04 01:10:57'),(22,'ProductCategoriesWidget','bottom_footer_sidebar','martfury-vi',3,'{\"id\":\"ProductCategoriesWidget\",\"name\":\"D\\u1ee5ng c\\u1ee5 nh\\u00e0 b\\u1ebfp\",\"categories\":[13,14,15,16,17]}','2023-01-04 01:10:57','2023-01-04 01:10:57'),(23,'ProductCategoriesWidget','bottom_footer_sidebar','martfury-vi',4,'{\"id\":\"ProductCategoriesWidget\",\"name\":\"S\\u1ee9c kh\\u1ecfe & l\\u00e0m \\u0111\\u1eb9p\",\"categories\":[20,21,22,23,24]}','2023-01-04 01:10:57','2023-01-04 01:10:57'),(24,'ProductCategoriesWidget','bottom_footer_sidebar','martfury-vi',5,'{\"id\":\"ProductCategoriesWidget\",\"name\":\"M\\u00e1y t\\u00ednh & c\\u00f4ng ngh\\u1ec7\",\"categories\":[25,26,27,28,29,19]}','2023-01-04 01:10:57','2023-01-04 01:10:57');
/*!40000 ALTER TABLE `widgets` ENABLE KEYS */;
UNLOCK TABLES;
/*!40103 SET TIME_ZONE=@OLD_TIME_ZONE */;

/*!40101 SET SQL_MODE=@OLD_SQL_MODE */;
/*!40014 SET FOREIGN_KEY_CHECKS=@OLD_FOREIGN_KEY_CHECKS */;
/*!40014 SET UNIQUE_CHECKS=@OLD_UNIQUE_CHECKS */;
/*!40101 SET CHARACTER_SET_CLIENT=@OLD_CHARACTER_SET_CLIENT */;
/*!40101 SET CHARACTER_SET_RESULTS=@OLD_CHARACTER_SET_RESULTS */;
/*!40101 SET COLLATION_CONNECTION=@OLD_COLLATION_CONNECTION */;
/*!40111 SET SQL_NOTES=@OLD_SQL_NOTES */;

-- Dump completed on 2023-01-04 15:11:15
